step,learning_rate,ce_loss,ratio_loss,byte_boundary_loss,total_loss
1,2.1739130434782607e-06,5.581853032112122,0.9943836703896523,0.30115155689418316,5.616798283364624
2,4.347826086956521e-06,5.559113770723343,0.9947241954505444,0.30127290822565556,5.5940719000436365
3,6.521739130434782e-06,5.4884467124938965,0.9976579435169697,0.3007677309215069,5.523438257910311
4,8.695652173913043e-06,5.338479101657867,0.995543647557497,0.30045258812606335,5.3734126040153205
5,1.0869565217391305e-05,5.151437908411026,0.9966029264032841,0.29959866777062416,5.186349900327623
6,1.3043478260869564e-05,4.941358029842377,0.989980548620224,0.2982297372072935,4.976069127675146
7,1.5217391304347825e-05,4.779863566160202,0.98873271048069,0.2971318494528532,4.814494812842458
8,1.7391304347826085e-05,4.655054718255997,0.9857459254562855,0.29570040851831436,4.689554657191039
9,1.956521739130435e-05,4.55919224023819,0.981845311820507,0.29379775933921337,4.593519034441561
10,2.173913043478261e-05,4.460718989372253,0.9774101637303829,0.2915492057800293,4.494844652935862
11,2.391304347826087e-05,4.445021837949753,0.972899541258812,0.28883966617286205,4.4789218120835725
12,2.6086956521739128e-05,4.410847187042236,0.9682495221495628,0.2856023982167244,4.444492297396064
13,2.8260869565217392e-05,4.369476228952408,0.9691489525139332,0.2816193923354149,4.402940177619457
14,3.043478260869565e-05,4.2953513860702515,0.960434902459383,0.2767320480197668,4.328396686520427
15,3.260869565217392e-05,4.232089817523956,0.9531820937991142,0.2715161666274071,4.264729267731309
16,3.478260869565217e-05,4.135386973619461,0.9644805751740932,0.265577832236886,4.167955476734788
17,3.695652173913043e-05,4.094184547662735,0.9708368331193924,0.26065769977867603,4.126634169314056
18,3.91304347826087e-05,4.01536200940609,0.9915266558527946,0.2552146054804325,4.047953272797168
19,4.130434782608695e-05,3.9879784137010574,1.0112794525921345,0.25161466654390097,4.0207847360800955
20,4.347826086956522e-05,3.947615683078766,1.051920048892498,0.2477671541273594,3.981042441762984
21,4.5652173913043474e-05,3.86487640440464,1.1163978204131126,0.24492147751152515,3.8994504346884784
22,4.782608695652174e-05,3.870742082595825,1.155117280781269,0.24406195245683193,3.906047525834292
23,5e-05,3.81046424806118,1.1760385930538177,0.24352938868105412,3.846161489356309
24,5.2173913043478256e-05,3.7080679833889008,1.1862806901335716,0.24463583063334227,3.7440253887232395
25,5.434782608695652e-05,3.6398625522851944,1.1941336542367935,0.24706434272229671,3.6760984425060452
26,5.6521739130434784e-05,3.5741074681282043,1.2001165822148323,0.25046774186193943,3.610633186865598
27,5.8695652173913045e-05,3.515760824084282,1.2021817415952682,0.2558654621243477,3.552597732022405
28,6.08695652173913e-05,3.418367549777031,1.2016941756010056,0.26176632195711136,3.455489749386907
29,6.304347826086956e-05,3.373660072684288,1.2009471207857132,0.2681412063539028,3.4110860754176975
30,6.521739130434783e-05,3.3251146376132965,1.1979526802897453,0.2741585709154606,3.3627816197648643
31,6.73913043478261e-05,3.2914576828479767,1.1953002363443375,0.27774315513670444,3.3292508453316985
32,6.956521739130434e-05,3.2524222135543823,1.1921624392271042,0.2813991717994213,3.2903354209288955
33,7.17391304347826e-05,3.226420283317566,1.1871879547834396,0.2837464027106762,3.2643513625487683
34,7.391304347826086e-05,3.144975945353508,1.0454782620072365,0.2883384916931391,3.1803024351783096
35,7.608695652173914e-05,3.0915459245443344,1.0094480626285076,0.2903202138841152,3.1262508964911104
36,7.82608695652174e-05,3.0466466397047043,0.9944185689091682,0.289799477905035,3.0810249849781393
37,8.043478260869565e-05,3.0512461960315704,0.9899300932884216,0.286223191767931,3.0853559574857354
38,8.26086956521739e-05,2.9756939709186554,0.9907890781760216,0.28296766988933086,3.0096581359766423
39,8.478260869565218e-05,2.9519078731536865,1.1215819716453552,0.2752939984202385,2.9881042125076056
40,8.695652173913044e-05,2.885929763317108,1.1435155048966408,0.2697592433542013,2.922288035582751
41,8.91304347826087e-05,2.8836074471473694,1.1312621533870697,0.265030050650239,2.919484192747623
42,9.130434782608695e-05,2.86096727848053,1.1146923676133156,0.261842954903841,2.896353273577988
43,9.347826086956521e-05,2.836589902639389,1.0967208743095398,0.2571919821202755,2.8713839192315938
44,9.565217391304348e-05,2.740409195423126,1.085176944732666,0.25466956570744514,2.7748462126031517
45,9.782608695652174e-05,2.7407876700162888,1.0663681626319885,0.24884684849530458,2.7745573756936937
46,0.0001,2.6949144452810287,1.0513845533132553,0.24290336482226849,2.7280873045884073
47,0.00010217391304347825,2.668729215860367,1.0318408086895943,0.23704319074749947,2.7012181915715336
48,0.00010434782608695651,2.6592646539211273,1.0190602540969849,0.23181931395083666,2.691236824700609
49,0.00010652173913043477,2.627271741628647,1.0071614310145378,0.22524334024637938,2.6586771372612565
50,0.00010869565217391303,2.6073393523693085,0.9921588487923145,0.218359780497849,2.638100518370047
51,0.00011086956521739131,2.552505284547806,0.9845078438520432,0.21173141803592443,2.5827820123266427
52,0.00011304347826086957,2.5266111940145493,0.9781848751008511,0.2048601796850562,2.556417900500819
53,0.00011521739130434783,2.5165665596723557,0.9731289744377136,0.1976078674197197,2.5459095325320957
54,0.00011739130434782609,2.4881963580846786,1.0130909271538258,0.18928817566484213,2.5179225854109974
55,0.00011956521739130435,2.4633102416992188,1.0584116652607918,0.18164981994777918,2.4935609660018234
56,0.0001217391304347826,2.4448374211788177,1.0750214532017708,0.17696789745241404,2.475186245115474
57,0.00012391304347826086,2.4201141744852066,1.0987721383571625,0.17024635430425406,2.4506019349675627
58,0.00012608695652173912,2.3956602662801743,1.1165101006627083,0.16396570578217506,2.4261887535825375
59,0.00012826086956521738,2.373443141579628,1.1150075644254684,0.15891119930893183,2.403688852833584
60,0.00013043478260869567,2.3694860637187958,1.105682134628296,0.15866615250706673,2.399533014036715
61,0.00013260869565217393,2.351317822933197,1.0939939692616463,0.15430864319205284,2.3809131344780323
62,0.0001347826086956522,2.318045437335968,1.0833730399608612,0.1506521748378873,2.34724550687708
63,0.00013695652173913042,2.3161476403474808,1.0672864206135273,0.14879966713488102,2.3449333521164957
64,0.00013913043478260868,2.293629601597786,1.0332798846065998,0.14381419867277145,2.3214859092235565
65,0.00014130434782608694,2.274718776345253,0.9984524697065353,0.1440717214718461,2.301891411812976
66,0.0001434782608695652,2.23499596118927,0.9869953691959381,0.13805835228413343,2.2616387861873952
67,0.00014565217391304347,2.2462648451328278,0.9911966696381569,0.13565676473081112,2.2728716167621315
68,0.00014782608695652173,2.2276115119457245,0.9925105981528759,0.136812224984169,2.2543023351579907
69,0.00015000000000000001,2.2124113589525223,0.9935749024152756,0.1320609226822853,2.238885903134942
70,0.00015217391304347827,2.1702000945806503,0.9956825859844685,0.12477026507258415,2.1963522595539686
71,0.00015434782608695654,2.1550872027873993,0.9951310381293297,0.1196805452927947,2.1809738508146257
72,0.0001565217391304348,2.1648282259702682,0.9964922927320004,0.11801404412835836,2.190658774031326
73,0.00015869565217391303,2.099211409687996,0.996354628354311,0.11237202072516084,2.12475710329134
74,0.0001608695652173913,2.089683100581169,0.99462004378438,0.10780304903164506,2.114965653908439
75,0.00016304347826086955,2.100777566432953,0.9929306991398335,0.10489192698150873,2.125880776764825
76,0.0001652173913043478,2.083567403256893,0.99193125218153,0.10333226015791297,2.1085726413084194
77,0.00016739130434782607,2.098841041326523,0.9871081300079823,0.09736357256770134,2.1234513825550674
78,0.00016956521739130436,2.0527962371706963,0.9920953996479511,0.09214725717902184,2.077245508022606
79,0.00017173913043478262,2.028414435684681,1.0153920538723469,0.09089702554047108,2.0532671280391517
80,0.00017391304347826088,2.0449216067790985,1.016320250928402,0.09012459870427847,2.0697542417328805
81,0.00017608695652173914,2.0175542309880257,1.0390379093587399,0.08308101119473577,2.042489039734937
82,0.0001782608695652174,1.9941084459424019,1.068708598613739,0.08360927039757371,2.0196630814345555
83,0.00018043478260869564,1.9903248697519302,1.0653088241815567,0.08233356662094593,2.0157477245666087
84,0.0001826086956521739,1.9984788075089455,1.0527926944196224,0.0784826292656362,2.0234587928606196
85,0.00018478260869565216,1.988178163766861,1.030836470425129,0.07819374557584524,2.0127045804541557
86,0.00018695652173913042,1.9847647845745087,1.021816086024046,0.07369855372235179,2.008886033981107
87,0.0001891304347826087,1.949607938528061,1.0184956528246403,0.07283969689160585,1.973619836429134
88,0.00019130434782608697,1.9569921121001244,1.0026043429970741,0.07128237280994654,1.980608317600563
89,0.00019347826086956523,1.9463044926524162,0.9921911023557186,0.06943331612274051,1.9696199805056678
90,0.0001956521739130435,1.9425756260752678,0.9910917095839977,0.06929005915299058,1.9658619632245973
91,0.00019782608695652172,1.9206941798329353,0.9860686026513577,0.069027965888381,1.9438669501803816
92,0.0002,1.913592778146267,0.9917328767478466,0.0680912802927196,1.9368319996958598
93,0.00020217391304347827,1.9044987857341766,0.9956317208707333,0.0665531677659601,1.9277390785398894
94,0.0002043478260869565,1.908901035785675,0.9992998465895653,0.06661149952560663,1.9322176076937467
95,0.0002065217391304348,1.8877798318862915,1.0154696926474571,0.06556627713143826,1.9113675395958125
96,0.00020869565217391303,1.8892769068479538,1.0177737511694431,0.0663714746478945,1.9129509556037374
97,0.0002108695652173913,1.8676197975873947,1.0290790982544422,0.0635266958270222,1.8913777143438346
98,0.00021304347826086955,1.869423158466816,1.0198861844837666,0.06342814047820866,1.8929922891804016
99,0.00021521739130434783,1.856528140604496,1.0189848206937313,0.061523672891780734,1.8799840206629597
100,0.00021739130434782607,1.8477563112974167,1.031367801129818,0.06284175906330347,1.8715257552731783
101,0.00021956521739130436,1.8464457392692566,1.0154267027974129,0.060137339401990175,1.8697611402953045
102,0.00022173913043478262,1.8293114379048347,1.009347453713417,0.05837762798182666,1.8524172683781943
103,0.00022391304347826085,1.8241907358169556,1.0045039132237434,0.057357352459803224,1.8471486817044205
104,0.00022608695652173914,1.8150338977575302,0.9935203455388546,0.056265213526785374,1.8377175653446467
105,0.00022826086956521737,1.8041733279824257,0.9938691034913063,0.052686773939058185,1.8266850487492048
106,0.00023043478260869566,1.8073238879442215,0.9953241385519505,0.05204783449880779,1.8298327624402009
107,0.0002326086956521739,1.7723966166377068,1.0106912851333618,0.05021467641927302,1.7951211761613375
108,0.00023478260869565218,1.7935544401407242,1.0099239014089108,0.049816697370260954,1.8162437530374156
109,0.00023695652173913041,1.7673155143857002,1.0108342245221138,0.045039732940495014,1.7897841855231673
110,0.0002391304347826087,1.7696409150958061,1.0210640542209148,0.04359128698706627,1.7922417605295777
111,0.00024130434782608696,1.759827360510826,1.0204648040235043,0.04290268709883094,1.7823817909462376
112,0.0002434782608695652,1.757880873978138,1.0168639235198498,0.04100137483328581,1.7802682211901992
113,0.0002456521739130435,1.7575092017650604,1.0148506686091423,0.039469622541218996,1.7797796962643042
114,0.0002478260869565217,1.7494619116187096,1.0248301066458225,0.03856307431124151,1.771886667467188
115,0.00025,1.7232020497322083,1.0201757475733757,0.036822575610131025,1.7454466934641821
116,0.00025217391304347824,1.7174012586474419,1.0207659788429737,0.03584696468897164,1.73960892645875
117,0.0002543478260869565,1.724451094865799,0.9961489476263523,0.03512042062357068,1.7461300948495044
118,0.00025652173913043476,1.7156377360224724,0.9937843754887581,0.03498054458759725,1.7372624507616274
119,0.00025869565217391305,1.7263315543532372,1.001001976430416,0.03337457776069641,1.7480203227698803
120,0.00026086956521739134,1.6952745392918587,1.0147240981459618,0.03154499095398933,1.7171462708024774
121,0.00026304347826086957,1.6930373534560204,1.0163407027721405,0.03145015938207507,1.714936675480567
122,0.00026521739130434786,1.6927306726574898,1.0067698247730732,0.029442888218909502,1.7143382135638967
123,0.0002673913043478261,1.703183151781559,1.0179463550448418,0.02853438595775515,1.7249687981803437
124,0.0002695652173913044,1.678752362728119,1.031193993985653,0.028430509031750262,1.7007977680594195
125,0.0002717391304347826,1.6563445329666138,1.0215247124433517,0.026855570380575955,1.6781178057345096
126,0.00027391304347826085,1.67510274797678,1.0115762688219547,0.025767257786355913,1.696622636242537
127,0.00027608695652173913,1.651700384914875,1.012181606143713,0.026249351794831455,1.6732564846274909
128,0.00027826086956521737,1.661214418709278,1.000384233891964,0.025108943111263216,1.6824775505426806
129,0.00028043478260869565,1.6498073786497116,1.004521008580923,0.024336216039955616,1.671114609623328
130,0.0002826086956521739,1.6421985030174255,1.0174003429710865,0.023582303198054433,1.66372562503675
131,0.0002847826086956522,1.6404661685228348,1.0119270086288452,0.022556585841812193,1.6618325379875023
132,0.0002869565217391304,1.6314628049731255,1.0267218872904778,0.023237971705384552,1.6531591413042044
133,0.0002891304347826087,1.6388436406850815,1.0388943925499916,0.02285378973465413,1.6607642180228142
134,0.00029130434782608693,1.6290515810251236,1.0035431049764156,0.022985722753219306,1.6502717292623128
135,0.0002934782608695652,1.6223964616656303,1.003660712391138,0.02252607757691294,1.6435959797922988
136,0.00029565217391304345,1.61281006783247,0.993360947817564,0.022794842952862382,1.6338170289364644
137,0.00029782608695652174,1.599321961402893,1.0039349384605885,0.021953484741970897,1.6204983344092034
138,0.00030000000000000003,1.601346217095852,1.008543848991394,0.023388656438328326,1.6226865268975963
139,0.00030217391304347826,1.584965094923973,1.0375167578458786,0.022878867224790156,1.6068593734421301
140,0.00030434782608695655,1.602954588830471,1.0216927900910378,0.022594341775402427,1.6245181617210618
141,0.0003065217391304348,1.5843430310487747,1.0045291483402252,0.022912064683623612,1.6055792172497605
142,0.00030869565217391307,1.5862315967679024,1.0040817707777023,0.02238721738103777,1.6074325930525082
143,0.0003108695652173913,1.5751570835709572,1.0028859004378319,0.02260330261196941,1.5963449667103122
144,0.0003130434782608696,1.584115095436573,1.0118995569646358,0.021321358624845743,1.605419154507108
145,0.0003152173913043478,1.5560034215450287,1.0186409801244736,0.019774927059188485,1.5773649875004776
146,0.00031739130434782606,1.5705986469984055,1.0187894627451897,0.02187733049504459,1.5920683027780613
147,0.00031956521739130435,1.5929214358329773,1.0492139011621475,0.019467180245555937,1.614879072868498
148,0.0003217391304347826,1.5948746427893639,0.9895103015005589,0.019544091424904764,1.6156420533906204
149,0.00032391304347826087,1.5516792088747025,0.9950387589633465,0.018825439969077706,1.5725212560524233
150,0.0003260869565217391,1.5415892153978348,1.0286127775907516,0.01880823669489473,1.5631018827843945
151,0.0003282608695652174,1.5481334030628204,1.024071641266346,0.01908611075486988,1.5695691414258908
152,0.0003304347826086956,1.5415389388799667,1.0091039761900902,0.019254181650467217,1.562683727486292
153,0.0003326086956521739,1.5310488566756248,1.023388922214508,0.019265058101154864,1.5524798880249728
154,0.00033478260869565214,1.5278385654091835,1.0135853216052055,0.019748884602449834,1.5490977160714101
155,0.00033695652173913043,1.5248236432671547,1.0078895837068558,0.019157200818881392,1.545939294982236
156,0.0003391304347826087,1.510036088526249,1.0034696981310844,0.019287042669020593,1.5310698346223217
157,0.00034130434782608695,1.5400925055146217,1.0110539197921753,0.020300485659390688,1.5613286081934348
158,0.00034347826086956524,1.5127833113074303,1.0117663517594337,0.019905576715245843,1.5340139171783813
159,0.0003456521739130435,1.5290450006723404,1.0256314426660538,0.019039370119571686,1.5505095980316401
160,0.00034782608695652176,1.4967806935310364,1.009630225598812,0.019483658950775862,1.5179474809905513
161,0.00035,1.5204334110021591,0.9978209920227528,0.01946862752083689,1.5413632622186562
162,0.00035,1.5006880089640617,1.004335068166256,0.019581580767408013,1.5217537893657571
163,0.00035,1.5015571564435959,1.028314545750618,0.019267965690232813,1.52308684564312
164,0.00035,1.5095903500914574,1.0194988548755646,0.018182721338234842,1.5308894632558805
165,0.00035,1.4966167509555817,0.9897394143044949,0.01927954563871026,1.517375516523607
166,0.00035,1.4952848851680756,0.9933122843503952,0.01849798101466149,1.5160760299058167
167,0.00035,1.5095404759049416,1.025728039443493,0.018366207601502538,1.5309733470738867
168,0.00035,1.4876240193843842,1.0221257582306862,0.017818849184550345,1.5089574770082255
169,0.00035,1.4855659157037735,1.0351399704813957,0.017280829371884465,1.5071327565819956
170,0.00035,1.4914971590042114,0.9874904081225395,0.018251302652060986,1.5121595322992651
171,0.00035,1.4830144345760345,1.0072731599211693,0.016106232476886362,1.5039652093983022
172,0.00035,1.478173367679119,1.0050825960934162,0.017091608606278896,1.4991296000313015
173,0.00035,1.4755671545863152,1.0074926801025867,0.018815511604771018,1.4966577837686055
174,0.00035,1.4904579669237137,1.0350026041269302,0.017381755635142326,1.5120271067880096
175,0.00035,1.459367960691452,1.0311705246567726,0.017564413137733936,1.4808695918414743
176,0.00035,1.4715458080172539,0.999010868370533,0.01776683551725,1.492414367160527
177,0.00035,1.4499042704701424,0.9823999553918839,0.01701354852411896,1.4704029470041862
178,0.00035,1.4614782631397247,0.989331029355526,0.017102592741139233,1.482120013363892
179,0.00035,1.471911333501339,1.0182560458779335,0.017637008568271995,1.4931583048473112
180,0.00035,1.4476832821965218,1.0490382388234138,0.015997972746845335,1.4694639456103324
181,0.00035,1.453660361468792,1.0413052141666412,0.014840706891845912,1.4752285010967172
182,0.00035,1.4580824822187424,1.0072483159601688,0.014278073271270841,1.4789413522015094
183,0.00035,1.4300410747528076,0.9850728288292885,0.014919381937943399,1.4504885004262906
184,0.00035,1.4357289597392082,0.9857793338596821,0.014396064507309347,1.4561643496417673
185,0.00035,1.4444325342774391,0.9953657388687134,0.013929593726061285,1.4650363287411166
186,0.00035,1.4372940361499786,1.0311025455594063,0.013170826074201614,1.4585746283648768
187,0.00035,1.4178206324577332,1.0459465384483337,0.012962907028850168,1.4393877085781424
188,0.00035,1.428391195833683,1.042324148118496,0.011955515947192907,1.4498354545934127
189,0.00035,1.42307997494936,1.0158655568957329,0.012320799811277539,1.4440133260778385
190,0.00035,1.4192365482449532,0.976172462105751,0.012705148023087531,1.4393952548882225
191,0.00035,1.4136604592204094,0.9918481223285198,0.011995223816484213,1.434097182857804
192,0.00035,1.3955742344260216,0.9865752942860126,0.012866755947470665,1.4159490781091153
193,0.00035,1.4066882357001305,1.0191953852772713,0.011566299421247095,1.4276504583767382
194,0.00035,1.413514755666256,1.0433357954025269,0.011993802268989384,1.434981161687756
195,0.00035,1.416515626013279,1.0301780328154564,0.012168637593276799,1.4377276185492518
196,0.00035,1.4118229895830154,1.030089057981968,0.012212951784022152,1.4330354183318559
197,0.00035,1.4017884880304337,1.0050207413733006,0.012333025981206447,1.42250555415696
198,0.00035,1.4186152219772339,0.9965143576264381,0.011934000940527767,1.4391422091767891
199,0.00035,1.37857636064291,0.9852458573877811,0.012882651761174202,1.3989254103787243
200,0.00035,1.3951566815376282,0.9904112070798874,0.01339057576842606,1.4156344344676473
201,0.00035,1.3878859356045723,1.013178437948227,0.013112826156429946,1.4088051456713584
202,0.00035,1.3714421316981316,1.03263258934021,0.012936715560499579,1.3927416192629607
203,0.00035,1.399703063070774,1.0294813215732574,0.012270472885575145,1.420906213146518
204,0.00035,1.3919241428375244,1.0166268572211266,0.01203138881828636,1.4128582494228612
205,0.00035,1.3714064359664917,0.99781209602952,0.011723523668479174,1.391948854070506
206,0.00035,1.373166337609291,0.9991399347782135,0.011904112412594259,1.3937443419254851
207,0.00035,1.3852403312921524,1.024356871843338,0.01139176997821778,1.40629705722793
208,0.00035,1.3786650598049164,1.0135381892323494,0.011527902795933187,1.39951221872936
209,0.00035,1.3746150434017181,1.0311000123620033,0.010824008495546877,1.3957782440737356
210,0.00035,1.3982866555452347,1.0025717839598656,0.011054745526053011,1.4188908285007344
211,0.00035,1.3731867671012878,1.0019566640257835,0.010604821087326854,1.3937561414361699
212,0.00035,1.3698683232069016,0.9966129064559937,0.010475971212144941,1.3903243798966287
213,0.00035,1.374283954501152,0.9973593950271606,0.0102585477870889,1.3947440697910498
214,0.00035,1.367853321135044,1.0169051215052605,0.009252236282918602,1.3886540353792953
215,0.00035,1.375204160809517,1.0173727720975876,0.00962715718196705,1.396032974110567
216,0.00035,1.3545672595500946,1.0248181596398354,0.009685335971880704,1.3755478895414854
217,0.00035,1.3545885235071182,1.0264629498124123,0.009597436524927616,1.375597654329613
218,0.00035,1.3584954291582108,1.0032688863575459,0.010590985941234976,1.3790903561824235
219,0.00035,1.3668964132666588,1.0077166259288788,0.010154532443266362,1.3875584724073997
220,0.00035,1.362502634525299,0.9945307821035385,0.010743948048911989,1.3829304475698154
221,0.00035,1.3542681783437729,0.9990262500941753,0.010223804449196905,1.3747598935681162
222,0.00035,1.371146485209465,1.0037445724010468,0.010894770850427449,1.3917661152000074
223,0.00035,1.360400341451168,1.0121676549315453,0.009983231197111309,1.3811428561096546
224,0.00035,1.3591255620121956,1.0044850632548332,0.010662513843271881,1.379748388969456
225,0.00035,1.3499988093972206,1.0172896087169647,0.010790696542244405,1.3708841363986721
226,0.00035,1.3242007791996002,1.0292019248008728,0.0117584626423195,1.3453727408277336
227,0.00035,1.3363166227936745,1.0220329239964485,0.011338773474562913,1.3573242199473317
228,0.00035,1.3461310416460037,1.0181054025888443,0.011382028285879642,1.3670622511120745
229,0.00035,1.359670490026474,1.000374212861061,0.011173686711117625,1.3802366586192512
230,0.00035,1.3330684900283813,0.9939246587455273,0.011182460584677756,1.3535061062325258
231,0.00035,1.3328353613615036,0.9941976256668568,0.01073632261250168,1.353256130005466
232,0.00035,1.3492544293403625,0.9966110326349735,0.010569882579147816,1.3697151441220194
233,0.00035,1.3255597651004791,1.0094973146915436,0.010440711863338947,1.346271746987477
234,0.00035,1.3432327061891556,1.017995424568653,0.010310074198059738,1.3641081183904316
235,0.00035,1.3240940868854523,1.0225704908370972,0.009882520069368184,1.3450396227056625
236,0.00035,1.3249405175447464,1.0196645110845566,0.00962027657078579,1.345814821594977
237,0.00035,1.3400733768939972,1.0061158537864685,0.009624294005334377,1.3606769086699932
238,0.00035,1.3057891950011253,0.994080513715744,0.00924465392017737,1.326133037971449
239,0.00035,1.329853780567646,0.9942374639213085,0.00869738677283749,1.350173399184714
240,0.00035,1.320026271045208,0.9986779950559139,0.008167201624019071,1.3404081910275274
241,0.00035,1.327340580523014,1.0090664699673653,0.008124006737489253,1.347928110259236
242,0.00035,1.3184549137949944,1.0305730924010277,0.007347819075221196,1.3394337665967762
243,0.00035,1.3129592463374138,1.0335120782256126,0.008383372332900763,1.3340486565185712
244,0.00035,1.3168169111013412,1.0188974142074585,0.007720815250650048,1.3375809001480228
245,0.00035,1.3343597277998924,1.0003766864538193,0.00826193907414563,1.354780358482676
246,0.00035,1.300039403140545,0.9930388294160366,0.008697036042576656,1.3203350315309945
247,0.00035,1.3124454095959663,0.9841187410056591,0.009559269703458995,1.3326057479012525
248,0.00035,1.3133839294314384,0.9971780478954315,0.009593207680154592,1.3338071507733549
249,0.00035,1.3250081464648247,1.009636178612709,0.00932869262760505,1.345667304668459
250,0.00035,1.30927374958992,1.017842173576355,0.009455555467866361,1.3301033708348404
251,0.00035,1.3048483282327652,1.0258887112140656,0.010276801651343703,1.3258799425396137
252,0.00035,1.3300108686089516,1.008293129503727,0.00988334626890719,1.3506708985124714
253,0.00035,1.312249444425106,0.9993268251419067,0.010268155136145651,1.3327493886847515
254,0.00035,1.3059792816638947,1.0037292130291462,0.010198846517596394,1.3265638082503575
255,0.00035,1.3057286739349365,0.9977866671979427,0.01086035231128335,1.3262274248944594
256,0.00035,1.309055119752884,0.9968638904392719,0.011006143118720502,1.3295427047176054
257,0.00035,1.3075895607471466,1.0010960437357426,0.010357111343182623,1.3281293371890206
258,0.00035,1.2945814952254295,1.0166101977229118,0.009976908040698618,1.3154125445819227
259,0.00035,1.2989246919751167,1.0247538015246391,0.009951714484486729,1.3199173537298339
260,0.00035,1.3120806515216827,1.0106495469808578,0.009635440132115036,1.3327754144679056
261,0.00035,1.280763566493988,1.0052012912929058,0.009734140418004245,1.3013542993407463
262,0.00035,1.278803639113903,1.0049654245376587,0.009678563103079796,1.2993868757598104
263,0.00035,1.282822273671627,0.9982975982129574,0.009528204565867782,1.3032646358641797
264,0.00035,1.2953412905335426,0.9976966567337513,0.009617391508072615,1.3157760932436213
265,0.00035,1.2943133413791656,1.007447972893715,0.008909996366128325,1.3149078006553463
266,0.00035,1.2902741357684135,1.0134643390774727,0.00894647027598694,1.3109907460637624
267,0.00035,1.302993930876255,1.0236222296953201,0.008087706315563992,1.3238707607859397
268,0.00035,1.296770803630352,1.0077464208006859,0.00906763318926096,1.3173791137058286
269,0.00035,1.2955426648259163,1.008162472397089,0.008310754783451557,1.3161214520130307
270,0.00035,1.3142805621027946,0.9978540316224098,0.008145524334395304,1.3346449189519627
271,0.00035,1.2980925142765045,0.9976048842072487,0.007999167166417465,1.3184445703189704
272,0.00035,1.2926844656467438,1.000561933964491,0.008225326106185094,1.313106970631343
273,0.00035,1.2940603494644165,1.0054625645279884,0.007872306683566421,1.3145632160891547
274,0.00035,1.2875618189573288,1.0160653963685036,0.008491226879414171,1.3083076882286695
275,0.00035,1.2902170941233635,1.0161069631576538,0.008749549218919128,1.3109767108474626
276,0.00035,1.2658633291721344,1.0195012614130974,0.0095312783960253,1.2867299183201977
277,0.00035,1.2883924022316933,1.0101107582449913,0.01008635136531666,1.3090989349648587
278,0.00035,1.2793569341301918,1.0029953308403492,0.010872195416595787,1.2999604505178286
279,0.00035,1.273282490670681,1.0002433098852634,0.010726788837928325,1.2938236963102827
280,0.00035,1.2694407030940056,1.002844650298357,0.010255004744976759,1.2900103463372217
281,0.00035,1.2609840035438538,1.0055473148822784,0.010200142220128328,1.2816049569525059
282,0.00035,1.2759806886315346,1.0060861222445965,0.010377348633483052,1.2966212785081006
283,0.00035,1.2857527285814285,1.011227622628212,0.009399106784258038,1.3064472363732056
284,0.00035,1.2637449949979782,1.013872504234314,0.008938657643739134,1.2844693779648515
285,0.00035,1.2863697484135628,1.013473391532898,0.00888438691617921,1.3070834355900296
286,0.00035,1.2636583149433136,1.0090707913041115,0.00899532885523513,1.2842894972121577
287,0.00035,1.2787261977791786,0.9969511069357395,0.00899837730685249,1.299115138783236
288,0.00035,1.2663022577762604,0.9925652891397476,0.00879373011412099,1.2865932500647614
289,0.00035,1.2571204379200935,1.003136470913887,0.008867543656378984,1.2776265445211903
290,0.00035,1.2700624018907547,1.0147937014698982,0.008634809870272875,1.2907900164136663
291,0.00035,1.2788681909441948,1.0163702219724655,0.008229815197410062,1.2996070861435145
292,0.00035,1.2760502696037292,1.0038045458495617,0.008147807675413787,1.2965337509044912
293,0.00035,1.2703704610466957,0.9925657473504543,0.008030761731788516,1.290623314080294
294,0.00035,1.270366683602333,1.0024912990629673,0.007682475115871057,1.290800633339386
295,0.00035,1.2622054517269135,1.0089075602591038,0.007337004411965609,1.2827504531526939
296,0.00035,1.2414252758026123,1.006495337933302,0.0077115090389270335,1.2619407580132247
297,0.00035,1.2611597925424576,1.0104277580976486,0.007140558591345325,1.281725375633978
298,0.00035,1.255011036992073,1.0153327733278275,0.007184292277088389,1.275676907072484
299,0.00035,1.2526940330863,1.0130030438303947,0.007280770514626056,1.2733181324886391
300,0.00035,1.2558645457029343,0.9912682622671127,0.007321080367546529,1.2760559649666539
301,0.00035,1.2654172703623772,0.9881698526442051,0.007366507168626413,1.2855489927736925
302,0.00035,1.261777214705944,1.0044228620827198,0.007781384891131893,1.282254741192155
303,0.00035,1.2555214911699295,1.009574968367815,0.007725711155217141,1.2760992760950465
304,0.00035,1.2503536194562912,1.0126009322702885,0.008657625905470923,1.2710385193969707
305,0.00035,1.253765620291233,1.0205630362033844,0.008194577327230945,1.2745866098816623
306,0.00035,1.2727272137999535,1.0158152505755424,0.009630648884922266,1.2935250512557106
307,0.00035,1.2601328939199448,0.9973718784749508,0.009411932318471372,1.2805509281053673
308,0.00035,1.2675714641809464,0.9895369112491608,0.00855089956894517,1.2877897473843767
309,0.00035,1.2573385313153267,0.9974918030202389,0.009288616303820163,1.2777527981909225
310,0.00035,1.2499743476510048,1.011314406991005,0.0095771987689659,1.270679495729273
311,0.00035,1.2479404136538506,1.0142831653356552,0.009785191097762436,1.2687153365154518
312,0.00035,1.2530646622180939,1.016326505690813,0.009260139369871467,1.2738541993004038
313,0.00035,1.2650787979364395,1.008558914065361,0.009977074863854796,1.2857488299609394
314,0.00035,1.2536973878741264,1.0082066804170609,0.009766630188096315,1.2743498529918724
315,0.00035,1.2529551982879639,0.9952292963862419,0.010105854424182326,1.2733650769368978
316,0.00035,1.2418814599514008,0.9953376203775406,0.009637435781769454,1.26227008414804
317,0.00035,1.2335408478975296,1.00362965837121,0.00943091104272753,1.2540849866170902
318,0.00035,1.2488706558942795,1.008886806666851,0.009956029709428549,1.269546193513088
319,0.00035,1.253082551062107,1.0142963603138924,0.009714711050037295,1.2738542138208868
320,0.00035,1.2378271520137787,1.006815642118454,0.009639046271331608,1.2584454171697144
321,0.00035,1.2351195886731148,1.0001978613436222,0.009375965339131653,1.2555923441669439
322,0.00035,1.2603262215852737,0.9961377009749413,0.009201554697938263,1.2807090533396694
323,0.00035,1.2350773513317108,1.0022209659218788,0.008806200115941465,1.2555620806559453
324,0.00035,1.249214380979538,1.0096191242337227,0.008871484315022826,1.2698503376799635
325,0.00035,1.2536619827151299,1.0043389052152634,0.008254410582594573,1.2741614813485649
326,0.00035,1.246671885251999,1.0022949799895287,0.008630114840343595,1.2671492905938067
327,0.00035,1.2556817457079887,1.0063897706568241,0.008341105858562514,1.2762265964140533
328,0.00035,1.2395363375544548,1.0067383497953415,0.008582158654462546,1.260100212483085
329,0.00035,1.224065139889717,1.0022000782191753,0.008920980268158019,1.2445551904675085
330,0.00035,1.2375066578388214,1.009992577135563,0.00933368195546791,1.2581731934793061
331,0.00035,1.235243372619152,1.017066590487957,0.008729550638236105,1.2560211819608231
332,0.00035,1.234554722905159,1.009030770510435,0.009086805919650942,1.2551896786113501
333,0.00035,1.2330790162086487,1.0011689625680447,0.008623536501545459,1.2535335722850869
334,0.00035,1.2408234179019928,0.9881798513233662,0.008859259483870119,1.2610299779026537
335,0.00035,1.2320691868662834,0.9954419173300266,0.00925175053998828,1.2524406127398835
336,0.00035,1.2401319742202759,1.0050806254148483,0.008880191773641855,1.260677596317255
337,0.00035,1.2262135297060013,1.0098010785877705,0.00884057127404958,1.2468515798414592
338,0.00035,1.2298815250396729,1.0090620778501034,0.008831724408082664,1.250504352817079
339,0.00035,1.2315126582980156,1.0096675902605057,0.008805541932815686,1.2521462871998665
340,0.00035,1.2330529168248177,1.0075228586792946,0.00846197607461363,1.2536264728021342
341,0.00035,1.231496348977089,1.0000998303294182,0.008268523204606026,1.2519117717439074
342,0.00035,1.2322722598910332,0.9998314455151558,0.007584487262647599,1.2526481131644687
343,0.00035,1.2410664483904839,0.9959960430860519,0.007861536811105907,1.2613794460927603
344,0.00035,1.206019900739193,1.0169407948851585,0.0077077875612303615,1.2267441060149575
345,0.00035,1.2314152717590332,1.0144825503230095,0.0082791228487622,1.2521188789079316
346,0.00035,1.2172287479043007,1.0067731887102127,0.008305612835101783,1.2377794923202599
347,0.00035,1.2138249650597572,0.9924827665090561,0.008545817458070815,1.2341019112628417
348,0.00035,1.2196824252605438,0.9944435954093933,0.008256036177044734,1.2399840989775839
349,0.00035,1.2296437695622444,1.00741957873106,0.008582271344494075,1.2502212747040904
350,0.00035,1.2159123718738556,1.0167237371206284,0.008350027521373704,1.236664347992337
351,0.00035,1.2368250861763954,1.0159652680158615,0.008370342693524435,1.2575629086713889
352,0.00035,1.245163306593895,0.9991083480417728,0.008750538516324013,1.2655830004805466
353,0.00035,1.2270624116063118,0.9960464499890804,0.008051103679463267,1.2473858957900668
354,0.00035,1.2340064346790314,0.9934915751218796,0.009555892960634083,1.2543540608295005
355,0.00035,1.2188060209155083,0.9987085275352001,0.008873833634424955,1.2392238831479334
356,0.00035,1.2137701213359833,1.0006971657276154,0.008549825171940029,1.2342115559091327
357,0.00035,1.2195253521203995,1.013688400387764,0.009038115793373436,1.2402510259178234
358,0.00035,1.2157177329063416,1.01653640717268,0.009595703391823918,1.2365282462193863
359,0.00035,1.1983673796057701,1.013161562383175,0.009622419020161033,1.2191117318044418
360,0.00035,1.2234258502721786,0.999730184674263,0.00928683701204136,1.243884795816266
361,0.00035,1.2278965264558792,0.9967477880418301,0.009052806766703725,1.248284122555051
362,0.00035,1.210382230579853,0.9991074241697788,0.009264835069188848,1.230827620816708
363,0.00035,1.2150718867778778,1.0042110234498978,0.008366099704289809,1.2355744122320902
364,0.00035,1.2145995274186134,1.0090205930173397,0.008598862739745528,1.2352098824159474
365,0.00035,1.2217030599713326,1.0178865231573582,0.00826976660755463,1.2424742787648575
366,0.00035,1.2146421149373055,1.0133753791451454,0.008353322802577168,1.2353272886603373
367,0.00035,1.2140862196683884,0.999289657920599,0.008643170731374994,1.234504171363369
368,0.00035,1.1920025050640106,0.9882253296673298,0.008605361159425229,1.2121972797153284
369,0.00035,1.216637134552002,0.9891519621014595,0.008884233131539077,1.2368643854506083
370,0.00035,1.2208996638655663,1.0032744780182838,0.008317194908158854,1.2413810131713399
371,0.00035,1.2032375782728195,1.0084346383810043,0.008318206324474886,1.2238221813566634
372,0.00035,1.2043089866638184,1.0220177620649338,0.008669255184940994,1.225182804664364
373,0.00035,1.2141311019659042,1.0255381390452385,0.008883300266461447,1.235086029760132
374,0.00035,1.2147694379091263,0.9996120892465115,0.008864812640240416,1.2352049203260687
375,0.00035,1.2124515548348427,0.9939350448548794,0.00919410673668608,1.2327899610687745
376,0.00035,1.209473229944706,0.9852448254823685,0.008961015671957284,1.229626177237951
377,0.00035,1.2118391245603561,0.9882696978747845,0.009132010221946985,1.2320611190289492
378,0.00035,1.221068523824215,1.0021418072283268,0.008732670656172559,1.24154799350159
379,0.00035,1.207785278558731,1.0186808705329895,0.008529463113518432,1.2285853691250668
380,0.00035,1.2093721628189087,1.0161119475960732,0.00868187888409011,1.2301284957150347
381,0.00035,1.1903513669967651,1.0073843710124493,0.008959647151641548,1.2109470367745963
382,0.00035,1.2025573551654816,0.9997550584375858,0.00863201601896435,1.2229840571351815
383,0.00035,1.2064891383051872,0.9909979067742825,0.008748321706661955,1.226746512526006
384,0.00035,1.203543595969677,0.9920957274734974,0.009065041958820075,1.223838762617088
385,0.00035,1.203416422009468,0.9982574805617332,0.008984339889138937,1.2238307886151598
386,0.00035,1.2099463939666748,1.0107271820306778,0.009182336565572768,1.230620054435567
387,0.00035,1.223976954817772,1.0143821239471436,0.00939889723667875,1.2447345421585487
388,0.00035,1.1997046321630478,1.0103341042995453,0.008879847213393077,1.2203553066097084
389,0.00035,1.2012777775526047,0.9949381835758686,0.008851624501403421,1.2216191224491921
390,0.00035,1.2215458303689957,0.9982629679143429,0.00865753335529007,1.2419439663950471
391,0.00035,1.2058049738407135,0.9932900592684746,0.008897868014173582,1.2261156684267915
392,0.00035,1.2039676755666733,1.0031747072935104,0.008918448525946587,1.2244770921388408
393,0.00035,1.2066254690289497,1.0124921426177025,0.00899548438610509,1.227325086100609
394,0.00035,1.1997912228107452,1.0095406956970692,0.008718009805306792,1.220417937214952
395,0.00035,1.1922156438231468,1.0061080306768417,0.008667496585985646,1.212771179265983
396,0.00035,1.1950736865401268,0.9998345077037811,0.00856536440551281,1.215498644914478
397,0.00035,1.2050154879689217,0.9953476302325726,0.008565973490476608,1.225350739248097
398,0.00035,1.220926322042942,0.9927373491227627,0.00796549502410926,1.2411793437766028
399,0.00035,1.1931751817464828,0.9985377453267574,0.008538091322407126,1.2135728412191382
400,0.00035,1.1885804682970047,1.0122262760996819,0.007998312532436103,1.2092249094456202
401,0.00035,1.1971720233559608,1.0099590420722961,0.008021157438633963,1.2177722620693385
402,0.00035,1.1907339841127396,1.0153655707836151,0.00803493321291171,1.2114430421890574
403,0.00035,1.20147205889225,1.0084875337779522,0.007887260580901057,1.2220361725968543
404,0.00035,1.1857352033257484,0.9948906525969505,0.008245990582508966,1.2060453159068127
405,0.00035,1.1889908537268639,0.9900213852524757,0.008035389269934967,1.20919305089541
406,0.00035,1.1778973489999771,0.998455598950386,0.008393548370804638,1.1982861383975252
407,0.00035,1.1949583813548088,1.0042131729424,0.008566797769162804,1.215470984702115
408,0.00035,1.1919727995991707,1.017191305756569,0.008328972500748932,1.2127330743393396
409,0.00035,1.1954211294651031,1.0097150914371014,0.008879031694959849,1.2160593828785933
410,0.00035,1.1923612132668495,1.0120008364319801,0.008150706969900057,1.213008765343984
411,0.00035,1.1917624324560165,1.0000160373747349,0.00802248704712838,1.2121638775558679
412,0.00035,1.177302934229374,0.9918533302843571,0.007842064398573712,1.1975321040549898
413,0.00035,1.1953662857413292,0.9950323142111301,0.008053268102230504,1.2156695954306633
414,0.00035,1.188981331884861,0.9959405772387981,0.00794066651724279,1.209297176755499
415,0.00035,1.1923782899975777,1.0035036355257034,0.007741711015114561,1.2128354482588475
416,0.00035,1.1646844744682312,1.0192278176546097,0.007801359373843297,1.1854590987900155
417,0.00035,1.186692714691162,1.016254909336567,0.007869613298680633,1.2074112935428274
418,0.00035,1.1832771748304367,1.0091770738363266,0.007889590371632949,1.203855195825745
419,0.00035,1.1987570449709892,0.9968798384070396,0.008188202191377059,1.2191040518486989
420,0.00035,1.1940184235572815,0.9919274672865868,0.008129597146762535,1.2142634527603515
421,0.00035,1.1915465891361237,0.9944014549255371,0.0082262676442042,1.2118459316168446
422,0.00035,1.1739020869135857,1.0029036030173302,0.008653848111862317,1.1943928513795254
423,0.00035,1.1927464455366135,1.0167300663888454,0.00890868017449975,1.2135264808731154
424,0.00035,1.1728097200393677,1.0205919072031975,0.008846961252857,1.1936639062460743
425,0.00035,1.1886438578367233,0.991366196423769,0.008735310460906476,1.208907947288244
426,0.00035,1.1810626983642578,0.9941331148147583,0.008379735256312415,1.2013643474233686
427,0.00035,1.1714569255709648,0.9933316893875599,0.008488141931593418,1.1917479664552957
428,0.00035,1.1920823976397514,0.9970024116337299,0.008384874003240839,1.212441689572588
429,0.00035,1.1706987991929054,1.0035628080368042,0.007964325282955542,1.1911682716177894
430,0.00035,1.2001028433442116,1.0054654516279697,0.007939710922073573,1.2206091379228747
431,0.00035,1.176009014248848,1.013548083603382,0.008143664104864001,1.1966871591261588
432,0.00035,1.1787420138716698,1.0130602270364761,0.008053207013290375,1.199405878763064
433,0.00035,1.1808413118124008,1.0016222596168518,0.007883088837843388,1.20126791144663
434,0.00035,1.1752087473869324,0.9957809150218964,0.00813925001421012,1.1955313281880808
435,0.00035,1.1716460138559341,0.9916202388703823,0.007818935409886762,1.1918693654038361
436,0.00035,1.1536928042769432,0.9933936111629009,0.007712533057201654,1.1739463031530613
437,0.00035,1.169173702597618,1.003683190792799,0.00773617674713023,1.1896341752508306
438,0.00035,1.1711136177182198,0.9968805611133575,0.008085136505542323,1.191455485765764
439,0.00035,1.1756360605359077,1.0114998742938042,0.007337998889852315,1.1962329579662765
440,0.00035,1.1704277321696281,1.0253838300704956,0.008102198713459074,1.191340518706711
441,0.00035,1.167896568775177,1.0183925703167915,0.00840527712716721,1.1886846840378713
442,0.00035,1.1723901852965355,0.9979710169136524,0.0077794965473003685,1.1927385804621737
443,0.00035,1.163412630558014,0.9896597042679787,0.007850654248613864,1.1835983573558042
444,0.00035,1.1797494515776634,0.9924381300806999,0.007786973932525143,1.1999875628759036
445,0.00035,1.1850984245538712,0.9936695583164692,0.007524037180701271,1.2053480175792355
446,0.00035,1.1832848191261292,0.99631542339921,0.008055444370256737,1.2036138998126262
447,0.00035,1.1894788444042206,1.0083438195288181,0.008081809297436848,1.210049811259669
448,0.00035,1.1702230274677277,1.0154892802238464,0.007781903201248497,1.190921908232267
449,0.00035,1.17026387155056,1.0133032500743866,0.00781175697920844,1.1909205244010082
450,0.00035,1.1754733175039291,1.0000277794897556,0.007692908984608948,1.1958585185429547
451,0.00035,1.1701701879501343,0.9965931922197342,0.007505008950829506,1.1904773022420703
452,0.00035,1.1661070883274078,0.9928882606327534,0.007579962635645643,1.1863438516718452
453,0.00035,1.1733478605747223,0.9999762810766697,0.007773855002596974,1.1937360789463853
454,0.00035,1.1816315948963165,1.0007175020873547,0.007686398079385981,1.202030264842033
455,0.00035,1.1722598224878311,1.0113968960940838,0.007995988940820098,1.1928875598567539
456,0.00035,1.176445633172989,1.0184099078178406,0.008173080626875162,1.1972224853606894
457,0.00035,1.1862399578094482,1.0085393525660038,0.008070834504906088,1.2068142865860136
458,0.00035,1.16956228017807,0.9957587495446205,0.007929273851914331,1.1898739188615581
459,0.00035,1.1621571853756905,0.9925839453935623,0.007818988000508398,1.1823998136835872
460,0.00035,1.1559021696448326,0.998882882297039,0.008012430102098733,1.1762804487958782
461,0.00035,1.1630998477339745,1.001669768244028,0.008090753719443455,1.1835377807848273
462,0.00035,1.1601287350058556,1.0062530227005482,0.007674152177060023,1.1806375030687195
463,0.00035,1.1733091846108437,0.9965310357511044,0.007904862897703424,1.193635048470751
464,0.00035,1.1573633402585983,1.0110076665878296,0.007466682582162321,1.177956827719463
465,0.00035,1.1601387113332748,1.0040481351315975,0.008077564474660903,1.1806235522596398
466,0.00035,1.1777020990848541,0.9995968714356422,0.008081316715106368,1.1980981023493222
467,0.00035,1.164945051074028,0.9961102157831192,0.008280470909085125,1.1852812789351446
468,0.00035,1.1746955066919327,0.9959832765161991,0.008639231324195862,1.1950471337884665
469,0.00035,1.1660290136933327,1.0002933666110039,0.00869481748668477,1.186469621899887
470,0.00035,1.1528319865465164,1.00034524127841,0.008536629320587963,1.173265722838114
471,0.00035,1.150640994310379,1.0099925734102726,0.008549643505830318,1.1712683279538758
472,0.00035,1.1525579392910004,1.0091789923608303,0.008771955559495836,1.1731801169161917
473,0.00035,1.1715081334114075,1.0053247660398483,0.00852784956805408,1.1920410212106072
474,0.00035,1.1671299040317535,1.0020394250750542,0.008086237154202536,1.1875750043909648
475,0.00035,1.164202407002449,1.0053191147744656,0.008360872452612966,1.184726832920569
476,0.00035,1.155584178864956,1.001475177705288,0.00808949992642738,1.1760181574153832
477,0.00035,1.1553688198328018,0.9974803440272808,0.007762859022477642,1.1757065696644713
478,0.00035,1.1600288823246956,0.9996467642486095,0.0077298536489252,1.180408310292114
479,0.00035,1.1556254848837852,1.0033516585826874,0.0074552257428877056,1.1760652793425834
480,0.00035,1.1516278609633446,1.0092916302382946,0.006972716480959207,1.1721623293921584
481,0.00035,1.1646829396486282,1.0032066479325294,0.0069743203348480165,1.1850957886240212
482,0.00035,1.1572578102350235,1.0036002174019814,0.007096789835486561,1.1776846540748374
483,0.00035,1.167642928659916,1.0005032271146774,0.006841296184575185,1.1879950580114382
484,0.00035,1.1554532423615456,1.0031058117747307,0.007071524829370901,1.1758689348385087
485,0.00035,1.1586308255791664,1.0076779797673225,0.00693450661492534,1.179131110505259
486,0.00035,1.1653661727905273,0.9979370422661304,0.007148796692490578,1.1856823534704743
487,0.00035,1.1596232876181602,0.9965677112340927,0.006955510965781286,1.1799024173911312
488,0.00035,1.148747257888317,1.0080947205424309,0.00740209172363393,1.1692792568853474
489,0.00035,1.1649607792496681,0.9941514432430267,0.006876344152260572,1.1851876253221418
490,0.00035,1.162141464650631,1.0041378363966942,0.00744165715877898,1.1825963042365037
491,0.00035,1.1607941910624504,1.0082875415682793,0.008029873832128942,1.1813614355854223
492,0.00035,1.1524892374873161,1.0045074298977852,0.00781669287243858,1.1729702207288937
493,0.00035,1.157279722392559,1.0083238705992699,0.007589421613374725,1.1778256708852133
494,0.00035,1.1541080996394157,0.998221393674612,0.0079846580629237,1.1744717604160542
495,0.00035,1.1389787122607231,1.0005911737680435,0.00812617756309919,1.1593968446142389
496,0.00035,1.1543806344270706,0.9965505488216877,0.008337302569998428,1.1747285105320042
497,0.00035,1.1590599566698074,0.999242827296257,0.008078112150542438,1.1794487188232596
498,0.00035,1.1556208729743958,0.9992777928709984,0.008099754631984979,1.176011416563415
499,0.00035,1.1552772223949432,0.999003928154707,0.007714362116530538,1.1756430190638638
500,0.00035,1.1462170109152794,1.0029004849493504,0.007819021673640236,1.1666659716979484
501,0.00035,1.1452371925115585,1.0042242296040058,0.0075256994750816375,1.1656979620773926
502,0.00035,1.1331114768981934,1.0054134130477905,0.007508861861424521,1.1535951882522204
503,0.00035,1.1538883224129677,1.0052779652178288,0.007839035126380622,1.1743858334736434
504,0.00035,1.1509792059659958,1.0069998763501644,0.007853560004150495,1.1715118814932066
505,0.00035,1.1413279473781586,1.0034366734325886,0.007760222360957414,1.1617846919648582
506,0.00035,1.1584083959460258,0.9984749108552933,0.007580123521620408,1.1787569003392129
507,0.00035,1.1522226929664612,0.994564849883318,0.007117833505617455,1.1724698816394084
508,0.00035,1.1484456658363342,1.001646738499403,0.007507428381359205,1.1688539720253903
509,0.00035,1.151402786374092,1.004078198224306,0.0073401717527303845,1.1718513589262147
510,0.00035,1.1502992063760757,1.009367536753416,0.007524736080085859,1.1708627939151484
511,0.00035,1.1531421020627022,1.0093258395791054,0.007494206540286541,1.1737033291812986
512,0.00035,1.1492484584450722,1.0087281465530396,0.007703858660534024,1.1698082143091597
513,0.00035,1.1421393156051636,1.001515444368124,0.00752369494875893,1.162545809239964
514,0.00035,1.141550287604332,0.9941246397793293,0.007352739543421194,1.1618004173770895
515,0.00035,1.1473636105656624,0.9913677386939526,0.007491300406400114,1.1675655303598613
516,0.00035,1.150128573179245,0.9950575344264507,0.007293652655789629,1.1703944065005634
517,0.00035,1.138691060245037,0.9947897717356682,0.0077026738144923,1.158971989370475
518,0.00035,1.148256927728653,1.009557917714119,0.007812891766661778,1.1688387306712684
519,0.00035,1.153683602809906,1.0066657587885857,0.007485057052690536,1.1741911708383121
520,0.00035,1.1355908885598183,1.0052691139280796,0.007643676130101085,1.1560784546448848
521,0.00035,1.146641567349434,1.0084361545741558,0.007988004421349615,1.1672096906619844
522,0.00035,1.1478113234043121,1.005459826439619,0.00787668296834454,1.1683143540815217
523,0.00035,1.1476909667253494,0.9993623271584511,0.007872428977862,1.1680718347174115
524,0.00035,1.13906779140234,1.0003828071057796,0.007987884513568133,1.159474841770134
525,0.00035,1.1459918171167374,1.0013349652290344,0.008024725510040298,1.16641975269682
526,0.00035,1.1342896148562431,1.0023798123002052,0.008224281104048714,1.1547484251574496
527,0.00035,1.1447463780641556,1.0016490742564201,0.008046207047300413,1.1651816699016488
528,0.00035,1.137970246374607,1.002635519951582,0.0074745175952557474,1.1583966826534013
529,0.00035,1.1504522114992142,1.0022552162408829,0.007585824059788138,1.1708766070270213
530,0.00035,1.1398814022541046,1.0052500776946545,0.007427349191857502,1.1603577712675905
531,0.00035,1.139776885509491,1.0008436627686024,0.007513832184486091,1.1601694503740874
532,0.00035,1.138570785522461,1.0023235268890858,0.0074061022023670375,1.1589875611703608
533,0.00035,1.1404466554522514,1.0075205899775028,0.007782228844007477,1.160986178694002
534,0.00035,1.1398471146821976,1.000879842787981,0.007883120619226247,1.1602588675689185
535,0.00035,1.1361827552318573,0.9993038810789585,0.008262242627097294,1.1565819449847914
536,0.00035,1.1357731595635414,0.999225564301014,0.008030569006223232,1.1561591992998728
537,0.00035,1.1274157762527466,1.0009675472974777,0.007922958000563085,1.1478312750987243
538,0.00035,1.1283546164631844,1.0044280365109444,0.008012134552700445,1.1488437839210381
539,0.00035,1.1423780545592308,1.0005204528570175,0.008179681666661054,1.162797447699704
540,0.00035,1.1334321573376656,1.0036843605339527,0.007915354828583077,1.1539016122897738
541,0.00035,1.1377537995576859,1.000708743929863,0.007838520599761978,1.1581599004662713
542,0.00035,1.1315826252102852,1.0033823549747467,0.007499339815694839,1.1520252393005648
543,0.00035,1.1383635997772217,0.9968036971986294,0.0073864838923327625,1.158668997915811
544,0.00035,1.1254121959209442,1.004576988518238,0.007353469816735014,1.1458714091821456
545,0.00035,1.144836388528347,1.0039264596998692,0.007223400491056964,1.1652760877468973
546,0.00035,1.1323717683553696,1.006226871162653,0.006839373440016061,1.1528382744506234
547,0.00035,1.1370298489928246,1.0013552345335484,0.007281750120455399,1.1574210411895183
548,0.00035,1.1209431439638138,1.0092623457312584,0.0069044214324094355,1.1414736119500593
549,0.00035,1.1385306119918823,1.0065682008862495,0.007090150727890432,1.1590164835460017
550,0.00035,1.1362846568226814,1.0007706880569458,0.007150350487791002,1.15665758810821
551,0.00035,1.1504216715693474,0.997413232922554,0.007296003896044567,1.1707347364226006
552,0.00035,1.1286010146141052,1.0009499080479145,0.007345164020080119,1.1489872709760673
553,0.00035,1.1385721936821938,0.9982269331812859,0.00734547054162249,1.1589040058729008
554,0.00035,1.1494735702872276,0.9986137226223946,0.007572829083073884,1.1698244861938294
555,0.00035,1.1458139270544052,0.9989409148693085,0.007879408134613186,1.166186715758522
556,0.00035,1.127125345170498,1.0073141679167747,0.007643845601705834,1.1476538208089186
557,0.00035,1.1311909556388855,1.0069770999252796,0.007679527479922399,1.1517144740113872
558,0.00035,1.127191849052906,1.0051532536745071,0.007762045308481902,1.1476830163918204
559,0.00035,1.1344610750675201,1.0036997385323048,0.007923820056021214,1.1549312608409672
560,0.00035,1.1353823021054268,1.003213420510292,0.007825878739822656,1.155837864452624
561,0.00035,1.1361654922366142,1.0018985010683537,0.007859549659769982,1.1565964397409698
562,0.00035,1.139089547097683,1.002020139247179,0.007741106528555974,1.1595170052090544
563,0.00035,1.140277847647667,1.0097492784261703,0.007968470337800682,1.1608712567330806
564,0.00035,1.122889719903469,1.0053606890141964,0.007817700476152822,1.1433878187075608
565,0.00035,1.1316976845264435,1.0019284635782242,0.007549999631009996,1.1521137537795585
566,0.00035,1.130565620958805,1.002289593219757,0.007488334755180404,1.1509858295609592
567,0.00035,1.1329419538378716,1.0000294409692287,0.007257533114170656,1.1533054193129646
568,0.00035,1.1312588155269623,0.9974070861935616,0.007180007407441735,1.1515659576212056
569,0.00035,1.1199550554156303,0.9980809800326824,0.006849900906672701,1.1402591700616176
570,0.00035,1.139322191476822,1.0044905357062817,0.007400362374028191,1.159782020309649
571,0.00035,1.1325219199061394,1.0095963440835476,0.006899215426528826,1.1530588075591368
572,0.00035,1.1223135888576508,1.0077888034284115,0.006721214478602633,1.1428054256501492
573,0.00035,1.1239013820886612,1.0142758712172508,0.00676023555570282,1.1445249112907914
574,0.00035,1.1315796971321106,1.0062847696244717,0.006799200898967683,1.1520453525695484
575,0.00035,1.1385158598423004,0.9981782734394073,0.006436636409489438,1.1588012571315631
576,0.00035,1.127090409398079,0.9945691041648388,0.007048737723380327,1.1473342283675447
577,0.00035,1.1416145861148834,0.9940177537500858,0.0069756918819621205,1.1618437257839833
578,0.00035,1.1293739452958107,1.0000483691692352,0.007017623371211812,1.149725793847756
579,0.00035,1.1254733204841614,1.0006070174276829,0.0074824143084697425,1.1458595815481385
580,0.00035,1.1288417503237724,1.003354363143444,0.00742978768539615,1.1492803269709113
581,0.00035,1.1412062644958496,0.9991341307759285,0.007519797247368842,1.1615649369737366
582,0.00035,1.1176542416214943,1.0036555118858814,0.007593463262310252,1.1381070250223275
583,0.00035,1.1174230352044106,1.0014130398631096,0.007257474848302081,1.1378141697440878
584,0.00035,1.1300673484802246,1.0045738704502583,0.00777582943555899,1.1505476173610076
585,0.00035,1.128487840294838,1.0078811794519424,0.0076935253164265305,1.149030140149698
586,0.00035,1.1262652203440666,1.0081851780414581,0.007676965848077089,1.1468127721972996
587,0.00035,1.1200275495648384,1.0015601590275764,0.007953423279104754,1.1404564239093453
588,0.00035,1.1140344589948654,1.0042682588100433,0.00762460523401387,1.1345010544327672
589,0.00035,1.1323858425021172,1.000022828578949,0.007213680015411228,1.1527469830744668
590,0.00035,1.1281931772828102,0.999799307435751,0.006974510004511103,1.1485378889317508
591,0.00035,1.121573694050312,1.0059042759239674,0.006756895279977471,1.14202962433279
592,0.00035,1.1298023983836174,1.0035273544490337,0.006737926334608346,1.1502098417893285
593,0.00035,1.1147539541125298,1.0068058334290981,0.006809397571487352,1.135230540659686
594,0.00035,1.1266295313835144,1.006711721420288,0.006672000308753923,1.1470973658273578
595,0.00035,1.114057257771492,1.0008915960788727,0.007115636515663937,1.1344308715188525
596,0.00035,1.1117204129695892,1.0049121715128422,0.00696837724535726,1.1321670752621138
597,0.00035,1.1239929646253586,1.0050578974187374,0.006864380440674722,1.1444373415957672
598,0.00035,1.133468009531498,1.0024062991142273,0.00703093150514178,1.1538676820890394
599,0.00035,1.1247417032718658,1.0059746094048023,0.007322477991692722,1.1452273193595466
600,0.00035,1.1331735402345657,0.9994814470410347,0.007025028666248545,1.153514420608699
601,0.00035,1.1271532326936722,1.001033503562212,0.0076507813355419785,1.1475564418316935
602,0.00035,1.1204448565840721,1.0034293867647648,0.007508663955377415,1.1408888775171362
603,0.00035,1.11097102612257,1.0025468170642853,0.007604995014844462,1.131402212214598
604,0.00035,1.116429552435875,1.0044565349817276,0.007654077577171847,1.136901387014368
605,0.00035,1.1240086778998375,1.0062365755438805,0.007823365303920582,1.1445245776759112
606,0.00035,1.1201358810067177,1.0041700638830662,0.00795472096069716,1.140617018332414
607,0.00035,1.100684031844139,1.0072460137307644,0.007757030427455902,1.1212168036401273
608,0.00035,1.120110034942627,1.0027785636484623,0.00794741278514266,1.1405629768548533
609,0.00035,1.1142810881137848,1.0063912570476532,0.00774577193078585,1.1347962018512772
610,0.00035,1.1334987431764603,1.0005468502640724,0.007652572734514251,1.1538923088184674
611,0.00035,1.1255255416035652,0.9983494728803635,0.007874236209318042,1.1458862428716385
612,0.00035,1.1175929456949234,1.0038145706057549,0.007711442041909322,1.138054809209134
613,0.00035,1.1168683171272278,1.0012050047516823,0.007750545046292245,1.137279944474576
614,0.00035,1.1157711371779442,1.0030488930642605,0.007777529099257663,1.1362209914941923
615,0.00035,1.1221620216965675,1.0110810175538063,0.008020091947400942,1.1427846466450138
616,0.00035,1.1171242445707321,1.0041290074586868,0.007469172211131081,1.1375802833304625
617,0.00035,1.1293935999274254,0.9956754818558693,0.007363503478700295,1.149675284738478
618,0.00035,1.1323536038398743,0.9954697601497173,0.0073566873907111585,1.152630833412404
619,0.00035,1.103935606777668,1.004175815731287,0.007471893215551972,1.1243927177530715
620,0.00035,1.1253577321767807,1.007631029933691,0.007237920101033524,1.1458722487805062
621,0.00035,1.1206934675574303,1.0127668157219887,0.007121618575183675,1.1413048848006293
622,0.00035,1.1203909292817116,1.0041382983326912,0.006843902898253873,1.1408158903932781
623,0.00035,1.1076298952102661,1.0043990574777126,0.007001776248216629,1.1280679651722312
624,0.00035,1.1068271100521088,1.003583062440157,0.006953481381060556,1.127246445369965
625,0.00035,1.100997008383274,0.9998070523142815,0.006720351608237252,1.1213291670099717
626,0.00035,1.1120829731225967,0.9965046681463718,0.006583144451724365,1.1323422237081104
627,0.00035,1.1044175922870636,0.9975771903991699,0.00668628461426124,1.12470345032576
628,0.00035,1.0960355773568153,1.0023836567997932,0.006475491973105818,1.1164070250914664
629,0.00035,1.0922936797142029,1.0097010359168053,0.00677638384513557,1.112826519624796
630,0.00035,1.111109159886837,1.0102304816246033,0.00679585148463957,1.131653562093561
631,0.00035,1.1148840934038162,1.0128098651766777,0.006750369269866496,1.135477809170843
632,0.00035,1.1158621534705162,1.0091502517461777,0.00681092037120834,1.1363857045240002
633,0.00035,1.1169462203979492,1.0110867246985435,0.007123209448764101,1.1375241153643583
634,0.00035,1.107607588171959,1.0065091997385025,0.0069088546151760966,1.1280832148974878
635,0.00035,1.1179567873477936,1.0000558868050575,0.006903291534399614,1.138303069660615
636,0.00035,1.1106519624590874,0.9954653196036816,0.0071896482550073415,1.1309207512639115
637,0.00035,1.109037846326828,0.9979312941431999,0.007217347272671759,1.1293573395733254
638,0.00035,1.1201325580477715,0.998049471527338,0.007160917826695368,1.140451593369653
639,0.00035,1.1204910650849342,1.0022057332098484,0.007022581150522456,1.1408863088066574
640,0.00035,1.1067945286631584,0.9994624480605125,0.0070585006033070385,1.127136702654534
641,0.00035,1.1100129187107086,1.0033087730407715,0.006885343405883759,1.1304233613418182
642,0.00035,1.1101333051919937,1.0078770369291306,0.006741999881342053,1.1306279459246433
643,0.00035,1.095414511859417,1.00583216547966,0.006881766254082322,1.1158752434817143
644,0.00035,1.0954055711627007,1.0025426149368286,0.0067098927102051675,1.1157919180969476
645,0.00035,1.1065954640507698,1.0027241967618465,0.007063085940899327,1.1270031022830518
646,0.00035,1.1035157963633537,1.0075192637741566,0.00706532530602999,1.1240194479041383
647,0.00035,1.1072682663798332,1.003456860780716,0.006925770139787346,1.127683692102437
648,0.00035,1.1001789793372154,1.0073070377111435,0.007030385691905394,1.1206766393760337
649,0.00035,1.1027801930904388,1.0002075619995594,0.006936853256775066,1.1231311869932687
650,0.00035,1.1061215177178383,1.0002286024391651,0.007049435604130849,1.1264785615468282
651,0.00035,1.1124303117394447,0.999764621257782,0.007066885969834402,1.1327789484630921
652,0.00035,1.1076219454407692,0.9993638582527637,0.006962059938814491,1.1279573256027653
653,0.00035,1.1092363148927689,1.0025570951402187,0.006993491115281358,1.1296371313513374
654,0.00035,1.1003016829490662,1.006971325725317,0.006848007353255525,1.1207835098312353
655,0.00035,1.106604777276516,1.007768478244543,0.007257382007082924,1.127123015941761
656,0.00035,1.1050168499350548,1.006658136844635,0.006968949339352548,1.1254984601389153
657,0.00035,1.1173539981245995,1.0039785653352737,0.006794056476792321,1.1377732722551446
658,0.00035,1.1043013706803322,1.0039734244346619,0.007047619466902688,1.1247332201423705
659,0.00035,1.1129588037729263,1.004524003714323,0.006827348115621135,1.1333906512529939
660,0.00035,1.1014321744441986,1.0056074000895023,0.006762699049431831,1.1218824573984603
661,0.00035,1.1015957668423653,0.9992142356932163,0.006908549315994605,1.1219254790220292
662,0.00035,1.1068310365080833,0.9974108524620533,0.00682959018740803,1.1271207330666948
663,0.00035,1.0952347293496132,1.002911638468504,0.006974882795475423,1.1156417062587571
664,0.00035,1.1055455431342125,1.0001699440181255,0.007151960220653564,1.1259065400256076
665,0.00035,1.1016733273863792,1.0080355405807495,0.0073670148558449,1.1222023889407866
666,0.00035,1.0941704884171486,1.0138666592538357,0.007552236900664866,1.1148254334472585
667,0.00035,1.107248730957508,1.0074537508189678,0.007404056144878268,1.1277680087811313
668,0.00035,1.1085114181041718,1.0092530809342861,0.007234836113639176,1.1290582215285396
669,0.00035,1.1001723781228065,1.0057670436799526,0.007316417089896277,1.1206535398509003
670,0.00035,1.0951302349567413,1.001688290387392,0.0070963634352665395,1.1155188189362526
671,0.00035,1.1064652875065804,0.9982682876288891,0.0070243698137346655,1.1267818717498448
672,0.00035,1.0981014594435692,0.9999706074595451,0.007008405518718064,1.118451291868696
673,0.00035,1.1032697558403015,1.0002612099051476,0.0071897697052918375,1.1236344685236692
674,0.00035,1.0864281132817268,1.0044175796210766,0.00650513096479699,1.1068417214223882
675,0.00035,1.096466302871704,1.005101341754198,0.00688441950478591,1.1169125506820274
676,0.00035,1.0940537825226784,1.0112544298171997,0.006649617833318189,1.1146113520106882
677,0.00035,1.104853242635727,1.0062083825469017,0.006561233836691827,1.1253054719784996
678,0.00035,1.1041567772626877,1.0044072195887566,0.006823558505857363,1.1245860995797556
679,0.00035,1.104038417339325,1.003114227205515,0.006694421492284164,1.1244354229580495
680,0.00035,1.1063847094774246,0.9989465810358524,0.0061481228622142226,1.1266710472412524
681,0.00035,1.0809240117669106,0.9997264631092548,0.005861043639015406,1.1012115932110464
682,0.00035,1.1064447835087776,0.9988259375095367,0.005995426879962906,1.1267210736029665
683,0.00035,1.0980314463377,0.9999884441494942,0.005961754999589175,1.1183293029706691
684,0.00035,1.0997099727392197,1.0035627968609333,0.006136816868092865,1.120088069519843
685,0.00035,1.0964497029781342,1.0046901851892471,0.005916096095461398,1.1168393114866921
686,0.00035,1.0950413048267365,1.0075889825820923,0.00598760656430386,1.1154924648065936
687,0.00035,1.0822379514575005,1.0105524435639381,0.006013787613483146,1.1027496897094533
688,0.00035,1.096318207681179,1.009903360158205,0.00587004330009222,1.1168097770493477
689,0.00035,1.091951347887516,1.0103026069700718,0.005966628814348951,1.1124557314676349
690,0.00035,1.096085712313652,1.0086162649095058,0.0060835178883280605,1.1165622135062585
691,0.00035,1.1058551594614983,1.0019024945795536,0.006276370462728664,1.1262070278762257
692,0.00035,1.1063815876841545,0.9979721307754517,0.006638211867539212,1.1266729408930405
693,0.00035,1.093335136771202,1.0011883117258549,0.006808332836953923,1.1136993196475669
694,0.00035,1.1007543429732323,1.003876931965351,0.007374970417004079,1.1212006301333894
695,0.00035,1.0998151898384094,1.005425799638033,0.00719585272599943,1.12028349846747
696,0.00035,1.090474471449852,1.0050095468759537,0.007230707939015701,1.110936197784322
697,0.00035,1.0955514386296272,1.0049288123846054,0.007832788804080337,1.1160416543175233
698,0.00035,1.0884458720684052,1.0025405809283257,0.007445458031725138,1.1088689565885579
699,0.00035,1.0983638018369675,1.0040795356035233,0.00763274310156703,1.1188270297041163
700,0.00035,1.0999612212181091,1.0030354894697666,0.007712340069701895,1.1204075480109894
701,0.00035,1.0964939296245575,1.0031360015273094,0.0072534282226115465,1.1169193210662343
702,0.00035,1.0840641856193542,1.003654882311821,0.007084393553668633,1.104491502943274
703,0.00035,1.0981624573469162,0.9989601559937,0.007138498593121767,1.1184985853964462
704,0.00035,1.0731147155165672,1.003293365240097,0.007203167304396629,1.093540741186589
705,0.00035,1.0911492109298706,1.0035928785800934,0.007025179482297972,1.1115723274755873
706,0.00035,1.087993636727333,1.0011197850108147,0.007177256484283134,1.1083748952517636
707,0.00035,1.0929605290293694,1.0031999461352825,0.007295573101146147,1.1133893066071323
708,0.00035,1.092286467552185,1.00751481205225,0.007292776252143085,1.112801402605837
709,0.00035,1.0955637767910957,1.0054256282746792,0.00717443143366836,1.1160310109282727
710,0.00035,1.0973662063479424,1.005553524941206,0.007352810323936865,1.1178449173629632
711,0.00035,1.1074436902999878,1.0066456235945225,0.007736114872386679,1.1279634085154977
712,0.00035,1.0865433439612389,1.0114194005727768,0.007244421285577118,1.1071339530369733
713,0.00035,1.0958165973424911,1.0052346140146255,0.007018834730843082,1.1162722313593259
714,0.00035,1.085086740553379,1.0042395889759064,0.006921006308402866,1.1055175826483175
715,0.00035,1.0815846472978592,0.999492209404707,0.007268267887411639,1.101937904880324
716,0.00035,1.075197920203209,0.9992943182587624,0.007223758060717955,1.09554499447142
717,0.00035,1.0907869935035706,1.0039428360760212,0.007187419629190117,1.1112252212065505
718,0.00035,1.0982262566685677,1.00376483425498,0.00696852762484923,1.1186499797349099
719,0.00035,1.0885397046804428,1.004282996058464,0.007157624990213662,1.1089832458511226
720,0.00035,1.0927028208971024,1.0079043619334698,0.007141468406189233,1.1132179815560812
721,0.00035,1.0846247225999832,1.0103611424565315,0.007437132997438312,1.1052038020989856
722,0.00035,1.0888430774211884,1.0076168403029442,0.007063007156830281,1.109348564585089
723,0.00035,1.080721639096737,1.008358657360077,0.007317163719562814,1.1012546704299166
724,0.00035,1.076073281466961,1.0084925256669521,0.007249071029946208,1.096605585531797
725,0.00035,1.0883862674236298,1.0018004961311817,0.006936190999113023,1.108769086896209
726,0.00035,1.0897978246212006,1.004701305180788,0.007065198791678995,1.1102451106644002
727,0.00035,1.091554470360279,1.0027158223092556,0.007160575449233875,1.1119668155789257
728,0.00035,1.086160123348236,1.0028476677834988,0.007328490726649761,1.1065835012402385
729,0.00035,1.0844442322850227,1.002757165580988,0.007270069298101589,1.1048628790615476
730,0.00035,1.0827103927731514,1.0078675635159016,0.0072484599077142775,1.1032301670388551
731,0.00035,1.0916176661849022,1.0056870430707932,0.0074451764812693,1.1121036658703816
732,0.00035,1.0931869372725487,1.0032701939344406,0.006996106443693861,1.113602146473422
733,0.00035,1.0861027985811234,1.0013627298176289,0.006835997948655859,1.106471853074909
734,0.00035,1.0893321111798286,1.0032604224979877,0.0070555604179389775,1.1097500976506853
735,0.00035,1.083450198173523,1.0029108002781868,0.006936556717846543,1.103855242014979
736,0.00035,1.0825684890151024,1.0082436315715313,0.006795455963583663,1.103073134444712
737,0.00035,1.0924469456076622,1.0065141096711159,0.006621900072786957,1.1129083228047238
738,0.00035,1.082475207746029,1.007660660892725,0.007045989012112841,1.102980720414489
739,0.00035,1.0813765600323677,1.0099174864590168,0.006877632229588926,1.1019187913730275
740,0.00035,1.0871468856930733,1.0038803406059742,0.00716417926014401,1.1075827014682
741,0.00035,1.0923094525933266,1.0022814981639385,0.006723579281242564,1.1126912615206674
742,0.00035,1.0891091898083687,0.9976133443415165,0.006641065614530817,1.1093935099759256
743,0.00035,1.0915133282542229,1.0004496313631535,0.0073015962552744895,1.1118874006942496
744,0.00035,1.0823294669389725,1.0067385733127594,0.007132710423320532,1.1028208739263936
745,0.00035,1.0858641266822815,1.0009430646896362,0.006986319785937667,1.1062323039653712
746,0.00035,1.0897543206810951,1.0039937607944012,0.006914715515449643,1.1101799316727556
747,0.00035,1.1054283902049065,1.0054947882890701,0.007094165659509599,1.1258929942536635
748,0.00035,1.083691954612732,1.0068018101155758,0.006897177139762789,1.1041728496720316
749,0.00035,1.091661050915718,1.0051822997629642,0.006870442710351199,1.1121082190464948
750,0.00035,1.08687025308609,1.0071789547801018,0.006727739208145067,1.1073502191420992
751,0.00035,1.0794807374477386,1.004697609692812,0.006511965941172093,1.0999002879386537
752,0.00035,1.0716541931033134,1.0109944865107536,0.00654166704043746,1.0922011661855504
753,0.00035,1.0617687553167343,1.0096695199608803,0.006715557450661436,1.0822979235884849
754,0.00035,1.0897550508379936,1.003369577229023,0.006824611278716475,1.1101636729465099
755,0.00035,1.0830843523144722,1.000747349113226,0.006850631994893774,1.1034418308964815
756,0.00035,1.081674762070179,0.9987034127116203,0.006591396115254611,1.1019784001301742
757,0.00035,1.071690633893013,1.000118549913168,0.006598311185371131,1.092022920450545
758,0.00035,1.0638598427176476,1.0035549849271774,0.006662145868176594,1.0842640497095999
759,0.00035,1.074182353913784,1.0010408647358418,0.0068258118408266455,1.0945444618005422
760,0.00035,1.0760596543550491,1.0060634724795818,0.006686806213110685,1.0965152641152962
761,0.00035,1.088155172765255,1.0112313106656075,0.007072989479638636,1.108733448452549
762,0.00035,1.0808315351605415,1.0138828605413437,0.006779408460715786,1.1014481627944044
763,0.00035,1.0820690095424652,1.0090067610144615,0.006779727176763117,1.1025881311215926
764,0.00035,1.084327682852745,1.0082681998610497,0.007075141678797081,1.1048468039339059
765,0.00035,1.072828859090805,1.0071345195174217,0.006835783337010071,1.0933133386480038
766,0.00035,1.0834342539310455,1.0037454515695572,0.006770215346477926,1.1038476737297607
767,0.00035,1.0897918194532394,1.0013173185288906,0.006697191012790427,1.110153025374457
768,0.00035,1.0866268202662468,0.9979615062475204,0.006343585380818695,1.1069032296602381
769,0.00035,1.0829446092247963,0.9990148395299911,0.00613322519348003,1.10323156727507
770,0.00035,1.0859753116965294,1.002873245626688,0.006493727472843602,1.1063574629827053
771,0.00035,1.0706683099269867,0.999783419072628,0.006163765589008108,1.0909721665878898
772,0.00035,1.076550431549549,1.0023166872560978,0.00608158009708859,1.0969008442995256
773,0.00035,1.0796889513731003,1.0121557265520096,0.005935600929660723,1.1002288459506235
774,0.00035,1.0732379704713821,1.012913517653942,0.005861133889993653,1.0937892975189607
775,0.00035,1.0959841683506966,1.0119659006595612,0.005989894561935216,1.1165229810919846
776,0.00035,1.0721514374017715,1.0109637752175331,0.006442889658501372,1.0926928573890473
777,0.00035,1.0849427357316017,1.0082010850310326,0.0061262491217348725,1.1054130698883091
778,0.00035,1.062671422958374,1.0064627975225449,0.006228476297110319,1.0831121027236805
779,0.00035,1.071294791996479,0.998395960777998,0.00611142348498106,1.091568282386288
780,0.00035,1.0793511345982552,0.9963658675551414,0.006387339410139248,1.099597818919865
781,0.00035,1.0762647464871407,0.998643234372139,0.006538442452438176,1.0965645332972054
782,0.00035,1.0802582502365112,0.9990242421627045,0.006762691307812929,1.1005768696451559
783,0.00035,1.0907174348831177,0.9984536431729794,0.006604227906791493,1.111016719141917
784,0.00035,1.0672860071063042,1.003560345619917,0.006635558500420302,1.0876889919437234
785,0.00035,1.0760469660162926,1.0075585544109344,0.006828906130976975,1.0965395824110602
786,0.00035,1.0820291191339493,1.006000243127346,0.006966337299672887,1.1024974408614798
787,0.00035,1.0762999653816223,1.007606916129589,0.006931150914169848,1.0967986612499225
788,0.00035,1.0615692287683487,1.0091468393802643,0.006894771184306592,1.0820969041151691
789,0.00035,1.0708834752440453,1.0106486156582832,0.0072518777451477945,1.0914590414444683
790,0.00035,1.0721331164240837,1.0073282830417156,0.007314271206269041,1.0926453956452316
791,0.00035,1.0831964537501335,1.0018507726490498,0.007355069799814373,1.1036012226931051
792,0.00035,1.0689080730080605,1.0010885521769524,0.007044179335935041,1.0892820530183962
793,0.00035,1.0683867931365967,0.9993325807154179,0.006875721941469237,1.0887172308479784
794,0.00035,1.0769540071487427,0.9989033900201321,0.006708542758133262,1.097267502087052
795,0.00035,1.0700799375772476,1.0028001256287098,0.0066300339822191745,1.0904674417889328
796,0.00035,1.0706048011779785,1.003762561827898,0.00693229868193157,1.091026667348633
797,0.00035,1.0689291805028915,1.0085847452282906,0.006938345817616209,1.0894477926983381
798,0.00035,1.0779468715190887,1.0087501481175423,0.006635010562604293,1.0984536250095698
799,0.00035,1.0770821943879128,1.0062152594327927,0.006753508641850203,1.0975441750086612
800,0.00035,1.0688249841332436,1.007187183946371,0.006907669885549694,1.0893141113064484
801,0.00035,1.0679350569844246,1.0096683949232101,0.0066288867383264005,1.088459869219805
802,0.00035,1.0779501795768738,1.007032372057438,0.006905438378453255,1.0984360989369453
803,0.00035,1.0790423601865768,1.0102537497878075,0.006549415935296565,1.0995749059790978
804,0.00035,1.0710555016994476,1.003524661064148,0.006017872248776257,1.0914268885331695
805,0.00035,1.0884730145335197,1.005111686885357,0.006266487063840032,1.1088885726244189
806,0.00035,1.0743242353200912,1.0024000778794289,0.006330365606117994,1.0946887551579858
807,0.00035,1.066214956343174,1.0030617751181126,0.006382638530340046,1.0865953237720531
808,0.00035,1.0708662047982216,1.0033385828137398,0.006379856116836891,1.0912519692603382
809,0.00035,1.075159877538681,1.0037098340690136,0.0062592643953394145,1.0955470374398282
810,0.00035,1.0725427642464638,1.0023108795285225,0.006138820055639371,1.0928959228398163
811,0.00035,1.0757431164383888,1.0044667795300484,0.006252683000639081,1.0961450861790216
812,0.00035,1.060749001801014,1.011863112449646,0.006205863406648859,1.0812965572203395
813,0.00035,1.0663893073797226,1.0063821412622929,0.005958880559774116,1.0868148942329572
814,0.00035,1.0520763993263245,1.0108714662492275,0.006265495874686167,1.0726071034450433
815,0.00035,1.0538557469844818,1.0103144124150276,0.00628387916367501,1.074376229190966
816,0.00035,1.068536452949047,1.0085064806044102,0.0064624307851772755,1.0890297041003942
817,0.00035,1.0614748448133469,1.0073651224374771,0.0064612872665748,1.0819452116254251
818,0.00035,1.0643725469708443,1.0049393102526665,0.006516474328236654,1.0847971568923094
819,0.00035,1.0619513392448425,1.003367081284523,0.00647990228026174,1.082342675984546
820,0.00035,1.0714914575219154,1.0044562108814716,0.006115865602623671,1.0918863750196761
821,0.00035,1.0620226562023163,1.0058299787342548,0.006080055347410962,1.082443258544372
822,0.00035,1.07864198833704,0.9995180405676365,0.006234065076569095,1.0989440524022211
823,0.00035,1.068719133734703,1.0018016248941422,0.006072784075513482,1.0890588054363615
824,0.00035,1.0601468905806541,1.004901323467493,0.006051008444046602,1.0805474674722062
825,0.00035,1.0716746151447296,1.0063016787171364,0.006065201188903302,1.0921039087785176
826,0.00035,1.0778183043003082,1.003549661487341,0.00572346433182247,1.0981754707466462
827,0.00035,1.0666884407401085,1.0067575052380562,0.006201085809152573,1.0871336451353273
828,0.00035,1.0592885725200176,1.0087003037333488,0.006228964310139418,1.0797740268101914
829,0.00035,1.064605638384819,1.013271503150463,0.006201220006914809,1.085181129448174
830,0.00035,1.0654900893568993,1.0080570988357067,0.006089813978178427,1.0859557220325222
831,0.00035,1.0645162612199783,1.0093932934105396,0.006074492121115327,1.085007851694245
832,0.00035,1.0665314570069313,1.0073268488049507,0.006168256339151412,1.0869864067999877
833,0.00035,1.0615077912807465,1.0050909519195557,0.005853299604495987,1.0819022752993623
834,0.00035,1.0545534864068031,1.005799986422062,0.0058746368158608675,1.0749632179760373
835,0.00035,1.0626675486564636,1.0015046894550323,0.006392083421815187,1.083017246616655
836,0.00035,1.0708650276064873,1.0012087523937225,0.006264321360504255,1.091202418722387
837,0.00035,1.0646320059895515,1.002841278910637,0.006042800727300346,1.0849909716041293
838,0.00035,1.062801033258438,1.0044761300086975,0.006314564205240458,1.083206284068874
839,0.00035,1.0613490864634514,1.0056396462023258,0.006160926684970036,1.0817699257217464
840,0.00035,1.0480698496103287,1.0090503245592117,0.006058632308850065,1.0685537877169555
841,0.00035,1.0658450275659561,1.0048291124403477,0.0058025147882290184,1.0862317355541746
842,0.00035,1.065461628139019,1.0084296315908432,0.005857901560375467,1.0859231158488547
843,0.00035,1.061702236533165,1.0078186318278313,0.00585230381693691,1.0821512243605684
844,0.00035,1.0643170326948166,1.0050501003861427,0.005720465880585834,1.0847040579965688
845,0.00035,1.0515694320201874,1.0041738785803318,0.005986121919704601,1.0719522156877792
846,0.00035,1.0705197975039482,1.0033134631812572,0.005924100725678727,1.0908822718038573
847,0.00035,1.0477796010673046,1.0060057304799557,0.005670269310940057,1.0681832291424507
848,0.00035,1.0592635199427605,1.01009963452816,0.005719473672797903,1.0797514863169635
849,0.00035,1.0718627572059631,1.005983330309391,0.005773577839136124,1.0922711027041077
850,0.00035,1.0549736022949219,1.008380725979805,0.005428160104202107,1.0754126248197282
851,0.00035,1.059081718325615,1.0074187517166138,0.005885519931325689,1.0795243693565135
852,0.00035,1.0587534680962563,1.0056651197373867,0.005803993437439203,1.079156970162876
853,0.00035,1.0509909242391586,1.0112733095884323,0.00603726741974242,1.0715182538019143
854,0.00035,1.0650297701358795,1.0027497820556164,0.005855315743247047,1.085377531564154
855,0.00035,1.0601269230246544,1.0072511956095695,0.005822023085784167,1.080563048091135
856,0.00035,1.060575194656849,1.0044062063097954,0.0060007165593560785,1.0809633546110127
857,0.00035,1.0593421757221222,0.9996798671782017,0.0061532129475381225,1.0796434337130631
858,0.00035,1.0605515390634537,0.9990266524255276,0.006107159599196166,1.0808374300919241
859,0.00035,1.057555265724659,1.002807855606079,0.006100784434238449,1.0779164620584925
860,0.00035,1.0554012171924114,1.0019604228436947,0.005969760473817587,1.0757389136729762
861,0.00035,1.0546439327299595,1.0032248571515083,0.005939814989687875,1.075005420622474
862,0.00035,1.0556467100977898,1.0096167251467705,0.006106658518547192,1.0761443775266524
863,0.00035,1.0536250919103622,1.0111407935619354,0.006330036791041493,1.0741644096211531
864,0.00035,1.0505279302597046,1.0073324367403984,0.006178486160933971,1.0709835033025592
865,0.00035,1.0730005130171776,1.0055603235960007,0.006243583367904648,1.093423898657493
866,0.00035,1.0601073876023293,1.0070699788630009,0.006111878115916625,1.080554381085385
867,0.00035,1.064474917948246,1.0083528235554695,0.0061308245931286365,1.0849485156490117
868,0.00035,1.0625613406300545,1.004401445388794,0.0058535706193652,1.0829420480687986
869,0.00035,1.050035733729601,1.0033179111778736,0.005821871949592605,1.070393185550638
870,0.00035,1.0581411719322205,1.006756465882063,0.005913901753956452,1.0785719963375595
871,0.00035,1.066100962460041,1.0059021785855293,0.005767388123786077,1.0865073754379408
872,0.00035,1.0464983433485031,1.0099377632141113,0.005800637940410525,1.0669871305098058
873,0.00035,1.0603635758161545,1.0058823972940445,0.005787014786619693,1.0807705745013663
874,0.00035,1.0561095252633095,1.0056767873466015,0.005902138364035636,1.0765181679284432
875,0.00035,1.0635689198970795,1.0061680674552917,0.005771135649411008,1.083980838028656
876,0.00035,1.0541127175092697,1.0075949616730213,0.0057458317605778575,1.074551908330759
877,0.00035,1.0653269216418266,1.0039020702242851,0.005535941309062764,1.0856817601117654
878,0.00035,1.0636589974164963,0.9999850690364838,0.005618636438157409,1.0839396306191338
879,0.00035,1.0650921612977982,1.0044547989964485,0.005538648198125884,1.0854581896876334
880,0.00035,1.0598860457539558,1.0066443718969822,0.0055156630696728826,1.080294716345379
881,0.00035,1.0512938648462296,1.007190465927124,0.005570563633227721,1.0717162023464333
882,0.00035,1.054593250155449,1.0075692273676395,0.00535567817860283,1.075012418611732
883,0.00035,1.0541372820734978,1.0093173384666443,0.0059322181332390755,1.0746202397494926
884,0.00035,1.065890982747078,1.0048853233456612,0.005810159345855936,1.086279197181284
885,0.00035,1.0573877319693565,1.0070292577147484,0.005698336899513379,1.0778132339686273
886,0.00035,1.0559689924120903,1.0071604661643505,0.005693395505659282,1.0763968715106602
887,0.00035,1.0518068075180054,1.0014149472117424,0.005757703416747972,1.0721229916330777
888,0.00035,1.0679718106985092,1.0039706155657768,0.00574226668686606,1.088338336344168
889,0.00035,1.0610582679510117,1.004008661955595,0.005661806557327509,1.0814215315179898
890,0.00035,1.0666388794779778,1.0002318620681763,0.005489420349476859,1.0869179877368151
891,0.00035,1.0529342629015446,1.0035383477807045,0.005307999963406473,1.073270429855329
892,0.00035,1.0622690320014954,1.0037033148109913,0.005204832355957478,1.082603339915513
893,0.00035,1.0508318096399307,1.00701092928648,0.005609515879768878,1.0712525040196488
894,0.00035,1.0576899200677872,1.0079080574214458,0.005559995042858645,1.078126080968359
895,0.00035,1.049848947674036,1.008166790008545,0.0055343397543765604,1.0702890004619259
896,0.00035,1.0472216606140137,1.009508192539215,0.005649961240123957,1.067694322526804
897,0.00035,1.0646656677126884,1.005727231502533,0.005640155199216679,1.0850622201026998
898,0.00035,1.0613109022378922,1.0039961263537407,0.00566957431146875,1.0816743034805405
899,0.00035,1.0457541644573212,1.0047199055552483,0.00571754714474082,1.0661344399256631
900,0.00035,1.0411295965313911,1.0050829388201237,0.005919427610933781,1.0615272266883402
901,0.00035,1.0649747401475906,1.0034425184130669,0.00588287939899601,1.0853377344858017
902,0.00035,1.0531569346785545,1.005960825830698,0.005698525550542399,1.0735610774726956
903,0.00035,1.0480488687753677,1.010264951735735,0.00596685943310149,1.0685525107817375
904,0.00035,1.052201747894287,1.01084616035223,0.005608117004157975,1.0726990769515397
905,0.00035,1.0429403558373451,1.0101564042270184,0.005736136547056958,1.0634302907492383
906,0.00035,1.0616833791136742,1.0023285374045372,0.0056712309597060084,1.0820135114097502
907,0.00035,1.060279704630375,1.0008900500833988,0.006010404526023194,1.080598025858344
908,0.00035,1.050773747265339,1.0012457072734833,0.005986488802591339,1.071097985850938
909,0.00035,1.0456461496651173,1.0028780475258827,0.005785674147773534,1.0659929943230235
910,0.00035,1.0423928759992123,1.0036064498126507,0.005947846191702411,1.0627623973050504
911,0.00035,1.043478600680828,1.0087913945317268,0.005811242765048519,1.0639449907097152
912,0.00035,1.0576508976519108,1.0040668658912182,0.00576407607877627,1.078020438773674
913,0.00035,1.052861675620079,1.0059110149741173,0.005972436396405101,1.0732785177393815
914,0.00035,1.0576886013150215,1.008394792675972,0.005745146772824228,1.0781437545071821
915,0.00035,1.056211780756712,1.0087925046682358,0.005747047864133492,1.0766749832432834
916,0.00035,1.0487903505563736,1.0087946690618992,0.005642964446451515,1.069248392159934
917,0.00035,1.044460505247116,1.0090648531913757,0.005434521328425035,1.064913528377365
918,0.00035,1.0363798961043358,1.0094631761312485,0.005522374791326001,1.0568452783665272
919,0.00035,1.044172264635563,1.0080488547682762,0.005673731793649495,1.0646169283206108
920,0.00035,1.0399386510252953,1.006715800613165,0.005621913151117042,1.0603540626951145
921,0.00035,1.0500996857881546,1.0033444948494434,0.0055062525207176805,1.0704418883111795
922,0.00035,1.0515789166092873,1.0045645162463188,0.0057600857981015,1.0719582112241188
923,0.00035,1.0476395189762115,1.0020848959684372,0.005764307890785858,1.0679694322901196
924,0.00035,1.0492099188268185,1.0033158399164677,0.005544357467442751,1.0695534534985198
925,0.00035,1.0647696554660797,1.004025399684906,0.0055197028268594295,1.0851261486011208
926,0.00035,1.0389988794922829,1.0046142861247063,0.005853838782059029,1.0593838571538798
927,0.00035,1.0479547120630741,1.0042306035757065,0.005632565123960376,1.0683209523907862
928,0.00035,1.0494248121976852,1.0083156824111938,0.005859272088855505,1.069884089450352
929,0.00035,1.0434527210891247,1.0060215592384338,0.005647413869155571,1.0638555229673512
930,0.00035,1.0439167320728302,1.005771677941084,0.005560256075114012,1.0643101784354074
931,0.00035,1.0510645061731339,1.010212242603302,0.006016959436237812,1.0715695989970118
932,0.00035,1.0489228256046772,1.008696734905243,0.005867335479706526,1.0693901270767674
933,0.00035,1.035504125058651,1.010667860507965,0.005726691946620122,1.0560038168661412
934,0.00035,1.0446872226893902,1.0077313631772995,0.005926451121922582,1.0651381725090323
935,0.00035,1.0530975088477135,1.0016369633376598,0.005686681484803557,1.073414582188707
936,0.00035,1.0485662780702114,1.0021093636751175,0.005685902608092874,1.0688927604741185
937,0.00035,1.0379834696650505,1.0050514936447144,0.005822799575980753,1.0583756395167438
938,0.00035,1.046650119125843,1.0044179931282997,0.005843282589921728,1.0670306431179053
939,0.00035,1.0435206219553947,1.0051509328186512,0.0056010868574958295,1.0639036949546425
940,0.00035,1.0341229848563671,1.0055833384394646,0.005574669310590252,1.0545133850906858
941,0.00035,1.0328617431223392,1.010648712515831,0.005615766567643732,1.053355505701038
942,0.00035,1.0421330332756042,1.0089603289961815,0.005602552380878478,1.0625923674745716
943,0.00035,1.0415877178311348,1.0073295906186104,0.005460421147290617,1.0620073307008715
944,0.00035,1.0367864891886711,1.0082915611565113,0.005551671201828867,1.0572299039718929
945,0.00035,1.045020792633295,1.010394211858511,0.0052666204574052244,1.0654920078933356
946,0.00035,1.0533337369561195,1.007019691169262,0.005217110883677378,1.0737349863236887
947,0.00035,1.040817029774189,1.0053392462432384,0.0055057940480764955,1.0611991044014577
948,0.00035,1.0387128442525864,1.0031291991472244,0.005351464729756117,1.0590430014720187
949,0.00035,1.0436725467443466,1.0049118138849735,0.005631572683341801,1.0640523616562132
950,0.00035,1.0378934815526009,1.0030026957392693,0.005549946101382375,1.0582310327724556
951,0.00035,1.057787299156189,1.0024770237505436,0.005671715800417587,1.0781204254212209
952,0.00035,1.0384105741977692,1.0071182996034622,0.005835744290379807,1.0588447274043573
953,0.00035,1.054315559566021,1.0063464380800724,0.006254993058973923,1.0747552379805712
954,0.00035,1.0505134761333466,1.007438238710165,0.005815693235490471,1.0709530255693245
955,0.00035,1.0559540018439293,1.0053958594799042,0.006128248234745115,1.0763683314452648
956,0.00035,1.0381546765565872,1.0106777250766754,0.006291299854638055,1.0586827960508527
957,0.00035,1.0391068384051323,1.0118709728121758,0.006069789407774806,1.0596477473317647
958,0.00035,1.0571191534399986,1.0073181949555874,0.006015313032548875,1.0775662829907378
959,0.00035,1.037397339940071,1.0040046237409115,0.005916529131354764,1.057773258871457
960,0.00035,1.0409111604094505,1.0076609142124653,0.005867224099347368,1.061357739898667
961,0.00035,1.044936090707779,1.002473596483469,0.005483151122462004,1.0652597201935714
962,0.00035,1.0590245872735977,1.0039596147835255,0.005543288309127092,1.0793809439847246
963,0.00035,1.0487533807754517,1.0044985115528107,0.005412899219663814,1.0691139959674911
964,0.00035,1.0402458757162094,1.0044752545654774,0.005103677074657753,1.0605905646612517
965,0.00035,1.0405286885797977,1.0076075531542301,0.005263882369035855,1.0609440337613343
966,0.00035,1.058546021580696,1.0085574015974998,0.005232672265265137,1.0789788032259093
967,0.00035,1.0321457609534264,1.011569008231163,0.00522252352675423,1.0526382672943873
968,0.00035,1.0334156416356564,1.0107656419277191,0.005221966217504814,1.0538920527850861
969,0.00035,1.0394542291760445,1.0087749511003494,0.005255323339952156,1.059892494365049
970,0.00035,1.0298089310526848,1.0048897005617619,0.0053394064016174525,1.0501736953840008
971,0.00035,1.041671596467495,1.0056744441390038,0.005106667755171657,1.0620404187380337
972,0.00035,1.0434666723012924,1.0029601454734802,0.00545243380474858,1.0637984969009993
973,0.00035,1.0371459238231182,1.0027613118290901,0.005322380020515993,1.0574672690607259
974,0.00035,1.039840754121542,1.0075152963399887,0.005627693666610867,1.0602724447316723
975,0.00035,1.045930977910757,1.0076297782361507,0.005622623459203169,1.0663647046484404
976,0.00035,1.048435278236866,1.005645278841257,0.00582043977919966,1.0688392058026512
977,0.00035,1.0361324101686478,1.0093417093157768,0.005598696880042553,1.0565991791989655
978,0.00035,1.0277267098426819,1.0127011835575104,0.005383375770179555,1.048249902302341
979,0.00035,1.0375780910253525,1.0081064030528069,0.005293932830682024,1.0580049157279428
980,0.00035,1.0420650243759155,1.0079455710947514,0.005402384209446609,1.0624940550082829
981,0.00035,1.0311479903757572,1.0058054327964783,0.005541513324715197,1.0515411746979226
982,0.00035,1.049015685915947,1.006561379879713,0.005814844160340726,1.0694376557215581
983,0.00035,1.0486541613936424,1.004192866384983,0.005309912434313446,1.0690035143430576
984,0.00035,1.0313980914652348,1.008022140711546,0.005287254927679896,1.0518228970258499
985,0.00035,1.0499516278505325,1.0037887133657932,0.005461077293148264,1.0703004559825058
986,0.00035,1.0376745127141476,1.003243837505579,0.005402565671829507,1.0580095177478506
987,0.00035,1.033738099038601,1.008393581956625,0.005627338774502277,1.0541873376164586
988,0.00035,1.0423699766397476,1.0105977281928062,0.005379994254326448,1.06285093091632
989,0.00035,1.0257670804858208,1.009389966726303,0.00525157802621834,1.0462174587216577
990,0.00035,1.0328935906291008,1.0074425525963306,0.005185397953027859,1.0533017115786787
991,0.00035,1.030958004295826,1.009690947830677,0.005343800003174692,1.0514190132525982
992,0.00035,1.0275992564857006,1.0098073109984398,0.005341531621525064,1.0480624792867457
993,0.00035,1.0378761813044548,1.0099230483174324,0.00536601131898351,1.0583429428367526
994,0.00035,1.0451190993189812,1.0047999508678913,0.005471233744174242,1.0654886600235478
995,0.00035,1.037522528320551,1.0042607299983501,0.00546062141074799,1.0578807739910554
996,0.00035,1.044499721378088,1.0027923993766308,0.005494651704793796,1.0648303019508603
997,0.00035,1.0378334037959576,1.0021055564284325,0.005723173846490681,1.0581616736168509
998,0.00035,1.0306402668356895,1.0048070438206196,0.005944520031334832,1.0510336337136688
999,0.00035,1.0362404435873032,1.0088596493005753,0.005892197601497173,1.0567122464533896
1000,0.00035,1.0358098112046719,1.009309507906437,0.00597389813628979,1.0562946962696151
1001,0.00035,1.0416580736637115,1.0056597217917442,0.005730717035476118,1.0620578039513202
1002,0.00035,1.0342834070324898,1.0052206180989742,0.005921451054746285,1.0546838919472066
1003,0.00035,1.02875741943717,1.008290272206068,0.005721394496504217,1.0492092946061167
1004,0.00035,1.0547380968928337,1.004236925393343,0.005703475995687768,1.075108009200485
1005,0.00035,1.0333486013114452,1.0033458769321442,0.005687364493496716,1.0536998870747631
1006,0.00035,1.0367482639849186,1.0069255828857422,0.005636983958538622,1.0571686248405603
1007,0.00035,1.03283965960145,1.0049069412052631,0.005552146787522361,1.0532154057649314
1008,0.00035,1.0330383777618408,1.0059284381568432,0.005695161642506719,1.053441704607103
1009,0.00035,1.0372502952814102,1.0059214644134045,0.005602665769401938,1.0576488578581484
1010,0.00035,1.0364032983779907,1.0115814432501793,0.005448760464787483,1.0569073652662335
1011,0.00035,1.0315827317535877,1.0125232711434364,0.005768078321125358,1.0521216010925127
1012,0.00035,1.0449466444551945,1.0108089447021484,0.005683482391759753,1.0654469974688254
1013,0.00035,1.0352579802274704,1.008306834846735,0.00551900893333368,1.055700067371072
1014,0.00035,1.0435416586697102,1.005165159702301,0.005793961900053546,1.063934659958759
1015,0.00035,1.029579110443592,1.0057234428822994,0.005383781681302935,1.0499627683853032
1016,0.00035,1.0328443758189678,1.0035374760627747,0.00541826372500509,1.0531860385264735
1017,0.00035,1.035348355770111,1.0039356723427773,0.005497216508956626,1.0557019300424146
1018,0.00035,1.0331160053610802,1.0051505528390408,0.00548626043018885,1.0534933294393705
1019,0.00035,1.0300332829356194,1.0050882808864117,0.005446750117698684,1.0504073860592325
1020,0.00035,1.0329742543399334,1.0063661225140095,0.005306273058522493,1.0533668904431397
1021,0.00035,1.0499786734580994,1.0034435391426086,0.0050441641942597926,1.0702997524506646
1022,0.00035,1.0305305793881416,1.0065109468996525,0.004848561657126993,1.050903226408991
1023,0.00035,1.0276506021618843,1.0087801925837994,0.005202614120207727,1.0480863367195707
1024,0.00035,1.0199716128408909,1.0078982710838318,0.005113584891660139,1.0403852575071504
1025,0.00035,1.0223489329218864,1.0082507729530334,0.004936350946081802,1.0427607659282512
1026,0.00035,1.0372009985148907,1.0086506083607674,0.004871732118772343,1.0576175972880448
1027,0.00035,1.0359820686280727,1.0044411309063435,0.005080382514279336,1.0563249103719135
1028,0.00035,1.0318079330027103,1.0054633803665638,0.004907979920972139,1.0521625996060904
1029,0.00035,1.0282453745603561,1.0055472142994404,0.004994136921595782,1.0486060256924248
1030,0.00035,1.0407042242586613,1.0047127977013588,0.005177442071726546,1.0610573523162747
1031,0.00035,1.0360269844532013,1.001526027917862,0.005189360294025391,1.0563169730262598
1032,0.00035,1.0336238890886307,1.003368929028511,0.005236368800979108,1.0539530861092499
1033,0.00035,1.0241804607212543,1.004591017961502,0.005378686561016366,1.0445412154085352
1034,0.00035,1.032433457672596,1.003501057624817,0.005559735785936937,1.052781465614389
1035,0.00035,1.0322099328041077,1.0104567855596542,0.005674938700394705,1.0527028154503204
1036,0.00035,1.022930908948183,1.0097326785326004,0.005586101906374097,1.0434048676141539
1037,0.00035,1.0379511527717113,1.0126929134130478,0.005948725302005187,1.0585024473050726
1038,0.00035,1.035174198448658,1.0101014226675034,0.005556691554374993,1.055654061479727
1039,0.00035,1.0377320535480976,1.0098190754652023,0.005498870013980195,1.0582033785581006
1040,0.00035,1.0263382159173489,1.0082271210849285,0.005226222856435925,1.0467640694818692
1041,0.00035,1.0362446792423725,1.005490481853485,0.0052488546061795205,1.0566169316097513
1042,0.00035,1.0295598804950714,1.0047638416290283,0.0052430037467274815,1.0499173075149884
1043,0.00035,1.0306499488651752,1.0087654776871204,0.005460451211547479,1.051098280979495
1044,0.00035,1.0280423015356064,1.0043801851570606,0.005312501947628334,1.048395530336129
1045,0.00035,1.0228069722652435,1.0051087997853756,0.00521684210980311,1.043169990366441
1046,0.00035,1.0401710085570812,1.0060241967439651,0.005351205181796104,1.0605590527510502
1047,0.00035,1.018380768597126,1.0086377412080765,0.005250333051662892,1.0388160400738706
1048,0.00035,1.0339662097394466,1.0071784481406212,0.005566200328757986,1.054388088718697
1049,0.00035,1.036493681371212,1.010376013815403,0.005616507405648008,1.0569820270178025
1050,0.00035,1.0215998739004135,1.0092208795249462,0.005574982875259593,1.0420630406346754
1051,0.00035,1.0383339188992977,1.0088087543845177,0.00544839384383522,1.0587825136791797
1052,0.00035,1.038517277687788,1.011660858988762,0.00543723872397095,1.0590223568037618
1053,0.00035,1.0273288637399673,1.0096460431814194,0.005394160165451467,1.0477914926118683
1054,0.00035,1.0275340415537357,1.0087499246001244,0.005468710529385135,1.0479824755722076
1055,0.00035,1.014838319271803,1.0056881494820118,0.005370571132516488,1.0352206108180688
1056,0.00035,1.0321297086775303,1.0030387043952942,0.005400839727371931,1.0524605247518048
1057,0.00035,1.0285241268575191,1.0027966387569904,0.005187053000554442,1.0488394122826865
1058,0.00035,1.0281296148896217,1.0050533153116703,0.005314111564075574,1.0484963867740589
1059,0.00035,1.0271028615534306,1.0073225796222687,0.005321669741533697,1.0475153966329527
1060,0.00035,1.0302790254354477,1.0050943493843079,0.0052958448068238795,1.050645704663475
1061,0.00035,1.0245750397443771,1.0101141706109047,0.005183356406632811,1.045036490976927
1062,0.00035,1.0183760933578014,1.0098628662526608,0.005036994669353589,1.0388252004163223
1063,0.00035,1.0307218171656132,1.012316107749939,0.005384977062931284,1.0512373881737587
1064,0.00035,1.0278338007628918,1.0079101771116257,0.005229769885772839,1.048253492799413
1065,0.00035,1.0258180126547813,1.0092316269874573,0.00534835146390833,1.046270062767726
1066,0.00035,1.0338134765625,1.0078601613640785,0.00495079907705076,1.0542182197436343
1067,0.00035,1.0106469951570034,1.0156088173389435,0.005143499001860619,1.0312163464538753
1068,0.00035,1.032641675323248,1.0093042105436325,0.005251769587630406,1.053090348013502
1069,0.00035,1.0222573205828667,1.009353268891573,0.005216763558564708,1.0427052241386265
1070,0.00035,1.0256600268185139,1.005268033593893,0.005242667306447402,1.0460275208557142
1071,0.00035,1.0301870219409466,1.0057270899415016,0.005162298853974789,1.0505596786824754
1072,0.00035,1.0292679965496063,1.0057738944888115,0.005042183824116364,1.0496355836305884
1073,0.00035,1.0204697474837303,1.007272519171238,0.005390273261582479,1.0408847115302342
1074,0.00035,1.0162394791841507,1.0047957226634026,0.005245051259407774,1.036597646200389
1075,0.00035,1.0232580788433552,1.0047104395925999,0.00537823696504347,1.0436211994834594
1076,0.00035,1.0359599366784096,1.0047460310161114,0.005334750254405662,1.0563215948114522
1077,0.00035,1.034777507185936,1.0071940198540688,0.005332935135811567,1.0551880343398081
1078,0.00035,1.0279828496277332,1.0083386078476906,0.005285951134283096,1.0484139193414013
1079,0.00035,1.0201434753835201,1.0109778381884098,0.005377337394747883,1.0406318990170258
1080,0.00035,1.0301082916557789,1.0092688500881195,0.005234587209997699,1.050555398018041
1081,0.00035,1.0185292549431324,1.0074418783187866,0.005045167315984145,1.0389303508753072
1082,0.00035,1.023547388613224,1.0078280195593834,0.005237939185462892,1.043965845963685
1083,0.00035,1.0211434811353683,1.0075807385146618,0.00499918672721833,1.0415450552420225
1084,0.00035,1.0244012288749218,1.011168621480465,0.004973399511072785,1.0448732712800848
1085,0.00035,1.0295166037976742,1.0095564536750317,0.005215499026235193,1.0499685078224865
1086,0.00035,1.0274741053581238,1.0080134123563766,0.005363995500374585,1.04790257338027
1087,0.00035,1.0206653214991093,1.0068988390266895,0.0053817653097212315,1.0410723865451292
1088,0.00035,1.03041398152709,1.007237333804369,0.00518976035527885,1.0508182162209414
1089,0.00035,1.0213867500424385,1.0045479834079742,0.0053581711545120925,1.0417456182683236
1090,0.00035,1.0331232771277428,1.0027797371149063,0.005270426219794899,1.0534423931810308
1091,0.00035,1.015848383307457,1.0084205120801926,0.0054680475150235,1.0362901959248119
1092,0.00035,1.0285461358726025,1.005834449082613,0.005568867578404024,1.048941268233175
1093,0.00035,1.020590141415596,1.0085987597703934,0.0055418436240870506,1.0410392087922082
1094,0.00035,1.0237294510006905,1.0071997307240963,0.005703735369024798,1.0441586323836236
1095,0.00035,1.0318015329539776,1.0081720799207687,0.00553718997980468,1.052241834051383
1096,0.00035,1.02505274862051,1.0088227912783623,0.0055335554061457515,1.0455058822163847
1097,0.00035,1.0308596640825272,1.0061555206775665,0.005378239089623094,1.0512516864505597
1098,0.00035,1.0192294716835022,1.0084185525774956,0.0053512042795773596,1.0396654029490309
1099,0.00035,1.014738529920578,1.0061573013663292,0.00507760135224089,1.0351155560155165
1100,0.00035,1.0191684067249298,1.0119634978473186,0.00515161914518103,1.0396652576391354
1101,0.00035,1.0246377363801003,1.0097941309213638,0.0049377432151231915,1.0450805061592836
1102,0.00035,1.0260604433715343,1.0094537660479546,0.004922115855151787,1.046495624485251
1103,0.00035,1.0056222043931484,1.0128168538212776,0.004899552965071052,1.0261235191178275
1104,0.00035,1.0162754356861115,1.0077435113489628,0.004741619079140946,1.0366673868670477
1105,0.00035,1.0342860333621502,1.0067888721823692,0.00488701174617745,1.0546661613931065
1106,0.00035,1.0154956057667732,1.006756279617548,0.004803293326403946,1.0358708960254444
1107,0.00035,1.0169906131923199,1.0074387341737747,0.004787260812008753,1.0373787509163956
1108,0.00035,1.0157180987298489,1.0089387968182564,0.00482715608086437,1.0361382324702573
1109,0.00035,1.018783900886774,1.0079826712608337,0.004776246350957081,1.0391823666295386
1110,0.00035,1.020135048776865,1.0121450424194336,0.004991148540284485,1.040627507052268
1111,0.00035,1.0216362364590168,1.0095888078212738,0.004780731396749616,1.0420670491852797
1112,0.00035,1.0369681306183338,1.008489616215229,0.0050482984515838325,1.0573903378652174
1113,0.00035,1.0143093653023243,1.0079554542899132,0.00495543863507919,1.0347162463198765
1114,0.00035,1.0169753581285477,1.0087762735784054,0.004841833404498175,1.0373929752703406
1115,0.00035,0.9975265860557556,1.008549340069294,0.004879780230112374,1.0179415618686471
1116,0.00035,1.0143139697611332,1.007546380162239,0.004904096509562805,1.0347101021898562
1117,0.00035,1.0181230157613754,1.0056868195533752,0.004843493341468275,1.0384789268195163
1118,0.00035,1.0134370774030685,1.0094712153077126,0.004996330128051341,1.0338763182156254
1119,0.00035,1.01055046916008,1.007330596446991,0.0049150880658999085,1.0309428354923147
1120,0.00035,1.0149545818567276,1.0064964704215527,0.005040132527938113,1.0353365178915555
1121,0.00035,1.0282825231552124,1.0084503963589668,0.004821452836040407,1.0486926037241937
1122,0.00035,1.0081723406910896,1.0092105194926262,0.005221500177867711,1.0286176260898356
1123,0.00035,1.0177434459328651,1.0101461708545685,0.005120815563714132,1.0382024101281422
1124,0.00035,1.0200302638113499,1.0079532265663147,0.005133800616022199,1.0404460183734774
1125,0.00035,1.0082594342529774,1.007554218173027,0.0052136885933578014,1.0286712030461058
1126,0.00035,1.0130978487432003,1.0045629367232323,0.005371188104618341,1.0334576668828959
1127,0.00035,1.0156360939145088,1.0046217553317547,0.00512682183762081,1.035984870113025
1128,0.00035,1.0139623582363129,1.0103755965828896,0.005395254411268979,1.0344396328885341
1129,0.00035,1.0080757029354572,1.0114899277687073,0.005065665987785906,1.0285587847902207
1130,0.00035,1.0122266300022602,1.0108377039432526,0.005516243138117716,1.0327191962380313
1131,0.00035,1.0298240594565868,1.0067094638943672,0.005306977196596563,1.050223597594304
1132,0.00035,1.0152955949306488,1.0077157318592072,0.005341653828509152,1.0357169922592584
1133,0.00035,1.0195743516087532,1.0098034515976906,0.00519615673692897,1.0400302284775536
1134,0.00035,0.9996968880295753,1.010656725615263,0.005091161729069427,1.0201645806283341
1135,0.00035,1.0151277258992195,1.0090846493840218,0.005160242813872173,1.0355674310275935
1136,0.00035,1.0184324979782104,1.0060790330171585,0.004971737274900079,1.0388026655022986
1137,0.00035,1.0076727457344532,1.0097815319895744,0.004924595239572227,1.0281146061362232
1138,0.00035,1.0041019283235073,1.007459320127964,0.004747020313516259,1.0244884657417426
1139,0.00035,1.0246976464986801,1.006434291601181,0.00482345707132481,1.04506750518427
1140,0.00035,1.0034658685326576,1.0050597786903381,0.004794758278876543,1.0238068020204083
1141,0.00035,1.010369200259447,1.0113765597343445,0.0048099962587002665,1.030837231267069
1142,0.00035,1.0185809135437012,1.0090187340974808,0.004955958400387317,1.03900908614567
1143,0.00035,1.0206735283136368,1.0099630951881409,0.004713239264674485,1.0411084521806333
1144,0.00035,1.0082103237509727,1.0084195882081985,0.004793745116330683,1.0286184027709533
1145,0.00035,1.0195159502327442,1.007936041802168,0.0048828440776560456,1.0399188132726704
1146,0.00035,1.0217180214822292,1.0123360827565193,0.004766782862134278,1.0422030822804662
1147,0.00035,1.0192844979465008,1.0082601569592953,0.004803963762242347,1.0396898992737988
1148,0.00035,1.023418951779604,1.006165448576212,0.004669457004638389,1.0437757336013602
1149,0.00035,1.0068234726786613,1.009140819311142,0.004871378856478259,1.027249858007708
1150,0.00035,1.0198678150773048,1.0062094554305077,0.004941322491504252,1.0402390703104902
1151,0.00035,1.012099713087082,1.010989010334015,0.004942627536365762,1.0325666246705805
1152,0.00035,1.0221595205366611,1.0089812353253365,0.004807292076293379,1.0425795098469826
1153,0.00035,0.9991944469511509,1.0099118575453758,0.005030872271163389,1.0196442277156166
1154,0.00035,1.0157916508615017,1.0083024948835373,0.004930191149469465,1.036204210316646
1155,0.00035,1.0193861424922943,1.0078120157122612,0.005155866936547682,1.0398001761533668
1156,0.00035,1.015658363699913,1.0065971799194813,0.0050988494185730815,1.0360452497692312
1157,0.00035,1.0116053186357021,1.0070257857441902,0.004966268927091733,1.0319941477969405
1158,0.00035,1.0272651575505733,1.0104954317212105,0.004817284090677276,1.0477159303895316
1159,0.00035,0.989663865417242,1.009318582713604,0.004847073520068079,1.0100925907475176
1160,0.00035,1.0096625983715057,1.0066006146371365,0.0049740518152248114,1.0300433132550095
1161,0.00035,1.0127881169319153,1.0043641477823257,0.004649555106880143,1.0331078776429057
1162,0.00035,1.0205303840339184,1.0072090923786163,0.004637937236111611,1.0409064627432962
1163,0.00035,1.0147550366818905,1.0052568055689335,0.004729732609121129,1.0350966594237252
1164,0.00035,1.0095922872424126,1.0091849938035011,0.004714431372121908,1.0300117086870888
1165,0.00035,1.0056124478578568,1.0097013488411903,0.004545506206341088,1.0260337501449974
1166,0.00035,0.996765710413456,1.0081126764416695,0.004660424165194854,1.0171609851505492
1167,0.00035,1.0123660936951637,1.0091434940695763,0.00468677724711597,1.032783302438911
1168,0.00035,1.010139375925064,1.0110146924853325,0.004777569178259,1.0305985482336837
1169,0.00035,1.0091978758573532,1.0093940421938896,0.004869545984547585,1.0296292340004585
1170,0.00035,1.0233962386846542,1.0083344355225563,0.0052108986710663885,1.0438234723286586
1171,0.00035,1.0152007080614567,1.0064851343631744,0.004880794032942504,1.0355744504503674
1172,0.00035,1.0186988897621632,1.0127232447266579,0.0048648488882463425,1.0391965971011086
1173,0.00035,1.0162862576544285,1.0102229788899422,0.004957332799676806,1.0367385838722112
1174,0.00035,1.0128068961203098,1.0141279324889183,0.004541742819128558,1.0333165419110446
1175,0.00035,1.0148319229483604,1.0106513053178787,0.004673023533541709,1.0352786002313952
1176,0.00035,1.0123025588691235,1.0094103142619133,0.004463617384317331,1.0327139460235777
1177,0.00035,1.005042977631092,1.0119402334094048,0.004701690864749253,1.0255168668425176
1178,0.00035,1.0118484422564507,1.010031584650278,0.00453230673156213,1.0322756892860343
1179,0.00035,1.0055949836969376,1.0126539692282677,0.004522873612586409,1.0260742067621322
1180,0.00035,1.0131828784942627,1.0044025853276253,0.004557790976832621,1.0334988197496568
1181,0.00035,1.0049137137830257,1.0095789805054665,0.004676794866099954,1.02533913313644
1182,0.00035,1.0128846243023872,1.009471658617258,0.004481548865442164,1.0332981349180044
1183,0.00035,1.0240100622177124,1.007489986717701,0.0045795578334946185,1.044388839843741
1184,0.00035,1.008578859269619,1.0054472237825394,0.004748341249069199,1.0289252208077233
1185,0.00035,1.003883309662342,1.0103407427668571,0.00464875710895285,1.024322562373127
1186,0.00035,1.01152029260993,1.0082831382751465,0.004542369482805952,1.0319130738495732
1187,0.00035,1.0048476979136467,1.00666905939579,0.004363660729723051,1.0251992621380488
1188,0.00035,1.009605996310711,1.0093642249703407,0.0044416627497412264,1.0300153639476048
1189,0.00035,1.0150424800813198,1.0081857293844223,0.0044526541023515165,1.035428827374126
1190,0.00035,1.011181965470314,1.0058418102562428,0.004596560320351273,1.0315286296914565
1191,0.00035,1.0253065153956413,1.005562275648117,0.004545153002254665,1.0456450185587165
1192,0.00035,1.0078120678663254,1.0058820508420467,0.004489021695917472,1.0281541599679622
1193,0.00035,1.0050728134810925,1.0111540779471397,0.004653409880120307,1.0255285655340414
1194,0.00035,1.0123010985553265,1.006524708122015,0.004541205402347259,1.032658652987884
1195,0.00035,1.0079338140785694,1.0111009925603867,0.004485559387831017,1.0283801118991687
1196,0.00035,1.0271303169429302,1.0077912136912346,0.004668142588343471,1.0475195483461721
1197,0.00035,1.0032869428396225,1.0051592960953712,0.00469508272362873,1.0236248828977113
1198,0.00035,1.0032709315419197,1.0128280892968178,0.004539941844996065,1.0237544904201057
1199,0.00035,1.010701984167099,1.0088333263993263,0.004673948715208098,1.031112348130846
1200,0.00035,0.9916572608053684,1.0089996345341206,0.00452986714662984,1.0120637468533824
1201,0.00035,1.003782458603382,1.0103863552212715,0.004595709353452548,1.0242199711754802
1202,0.00035,1.0027607716619968,1.0056304931640625,0.0046531462285202,1.0231060388367041
1203,0.00035,1.0005970783531666,1.012203499674797,0.004632492287782952,1.0210727729610518
1204,0.00035,1.0199638530611992,1.0091378390789032,0.004724156286101788,1.0403828176570822
1205,0.00035,1.012449011206627,1.0084947496652603,0.004551197795080952,1.032846466089686
1206,0.00035,1.00690733268857,1.0090909525752068,0.004484869015868753,1.0273133951908677
1207,0.00035,1.0069277919828892,1.013858750462532,0.004774969362188131,1.0274437154602494
1208,0.00035,0.9906301274895668,1.0102558135986328,0.004418416792759672,1.0110561646011775
1209,0.00035,1.0113561302423477,1.0116153061389923,0.004644876753445715,1.0318206802027998
1210,0.00035,1.0042174570262432,1.0114448890089989,0.00464995633228682,1.0246788526230375
1211,0.00035,1.011224240064621,1.0112267434597015,0.004847798903938383,1.031691164879012
1212,0.00035,1.0017781294882298,1.0100949257612228,0.004709562897915021,1.0222155061483498
1213,0.00035,1.006084579974413,1.0073013007640839,0.004658232821384445,1.026463517630764
1214,0.00035,1.0220438241958618,1.0049295388162136,0.004621240601409227,1.0423734770022566
1215,0.00035,1.0122447051107883,1.008643303066492,0.004767609178088605,1.0326559516310225
1216,0.00035,0.9891632795333862,1.0125698000192642,0.004774866538355127,1.0096534188606894
1217,0.00035,0.9995331279933453,1.0117918029427528,0.004792649997398257,1.0200085965520702
1218,0.00035,1.0012194961309433,1.0111861899495125,0.004771061634528451,1.0216817730116599
1219,0.00035,1.0078194439411163,1.0125583112239838,0.004903621535049751,1.0283157912423486
1220,0.00035,1.0138617642223835,1.011013962328434,0.004729452251922339,1.0343185160815482
1221,0.00035,1.0026864781975746,1.0130852311849594,0.004749422980239615,1.023185653970286
1222,0.00035,0.9848284758627415,1.0149728879332542,0.00463379145367071,1.00535962319409
1223,0.00035,1.0029218718409538,1.0082477778196335,0.004553631180897355,1.0233145089563915
1224,0.00035,0.9996480196714401,1.0085095800459385,0.004449583153473213,1.0200406904300325
1225,0.00035,1.0036172196269035,1.0062162280082703,0.004719364034826867,1.0239775123888104
1226,0.00035,1.0042097643017769,1.0064726397395134,0.004677731194533408,1.0245731036562937
1227,0.00035,1.0141484960913658,1.0109062306582928,0.004683798470068723,1.034600810628035
1228,0.00035,0.9949101470410824,1.0098169520497322,0.0045486195012927055,1.0153339170571418
1229,0.00035,1.0069844536483288,1.0108967944979668,0.0049246675334870815,1.0274486229149624
1230,0.00035,0.9941456355154514,1.011924609541893,0.0046736875374335796,1.014617812083161
1231,0.00035,0.9989499747753143,1.0099144652485847,0.0045241051993798465,1.019374469340255
1232,0.00035,1.0027651600539684,1.013234794139862,0.00455730315297842,1.0232577210944145
1233,0.00035,1.0090006478130817,1.0069038271903992,0.004422033671289682,1.0293598260404542
1234,0.00035,1.0019415095448494,1.010222278535366,0.004434615024365485,1.022367685866775
1235,0.00035,0.9873410798609257,1.0095660500228405,0.004486842677579261,1.0077567429952614
1236,0.00035,0.9985904209315777,1.006032571196556,0.004375911463284865,1.0189298679286731
1237,0.00035,0.9959043115377426,1.009431853890419,0.004248902696417645,1.0163053937503719
1238,0.00035,0.9966191239655018,1.0113388895988464,0.0042979557474609464,1.0170607995448517
1239,0.00035,1.0100266709923744,1.0083113610744476,0.0043027218780480325,1.0304080343077657
1240,0.00035,1.003908071666956,1.0120595693588257,0.004356492834631354,1.024367087695864
1241,0.00035,0.9979219175875187,1.0108190551400185,0.004450812950381078,1.0183608393378383
1242,0.00035,0.9959522932767868,1.0109869614243507,0.004404018487548456,1.0163922334296513
1243,0.00035,1.0030837915837765,1.0090028196573257,0.004526820674072951,1.0234901890106265
1244,0.00035,0.9931995496153831,1.0102015137672424,0.004509968319325708,1.0136290783066941
1245,0.00035,1.0027791783213615,1.0123059004545212,0.0047078318893909454,1.0232606879249215
1246,0.00035,0.984334085136652,1.015864074230194,0.004562092217383906,1.0048794712321252
1247,0.00035,1.0042032152414322,1.0105245374143124,0.004541524976957589,1.0246407822385664
1248,0.00035,1.0028864927589893,1.007819727063179,0.0048754404415376484,1.0232866593223298
1249,0.00035,0.9964710138738155,1.0090493559837341,0.004874186706729233,1.0168957103288268
1250,0.00035,0.9939487092196941,1.0083933845162392,0.00502982854959555,1.0143680683374987
1251,0.00035,1.0007357634603977,1.0059110447764397,0.005049610685091466,1.021106464890181
1252,0.00035,0.9901939295232296,1.011569306254387,0.005197067512199283,1.0106851690239274
1253,0.00035,1.0021952912211418,1.0101361945271492,0.004915596829960123,1.0226437949531828
1254,0.00035,1.0030771903693676,1.0071809738874435,0.004934837299515493,1.0234675517120924
1255,0.00035,1.0006542801856995,1.0058951377868652,0.004813174717128277,1.021012841677293
1256,0.00035,0.9941747412085533,1.0083264634013176,0.0051430412859190255,1.0145984225408757
1257,0.00035,0.9982833005487919,1.0102092921733856,0.004955690121278167,1.0187352708983235
1258,0.00035,0.9938159771263599,1.0095536410808563,0.004914505640044808,1.0142527752299793
1259,0.00035,0.9886653572320938,1.0110675767064095,0.004785389814060181,1.009125978256925
1260,0.00035,1.0057231299579144,1.0112516358494759,0.00468070968054235,1.026182198158931
1261,0.00035,1.0042367912828922,1.0106195583939552,0.004902708082227036,1.0246943178548826
1262,0.00035,1.0049923695623875,1.0088960230350494,0.0048167713393922895,1.025411128590058
1263,0.00035,0.9998099245131016,1.0114905051887035,0.0047858098114375025,1.0202790251074476
1264,0.00035,0.9954702481627464,1.0073884204030037,0.004391216396470554,1.0158375773906299
1265,0.00035,1.0125396847724915,1.0107503980398178,0.004408077264088206,1.0329750965964921
1266,0.00035,1.0013108514249325,1.0106377601623535,0.00444538559531793,1.0217458759079456
1267,0.00035,0.997655525803566,1.0130117535591125,0.004395661075250246,1.0181355439285107
1268,0.00035,1.0049375146627426,1.0095682442188263,0.004401916739880107,1.0253489753841132
1269,0.00035,0.987592339515686,1.0140266343951225,0.004375343472929671,1.008091639377235
1270,0.00035,1.003300916403532,1.006126917898655,0.004229060563375242,1.0236349077896738
1271,0.00035,1.001111552119255,1.008479617536068,0.00429926993092522,1.0214961079665228
1272,0.00035,1.005749087780714,1.0075685307383537,0.00439781931345351,1.026120349361154
1273,0.00035,0.9942011348903179,1.009741671383381,0.0043119964975630865,1.0146115681428636
1274,0.00035,1.0067918188869953,1.005737692117691,0.004189172177575529,1.027116031338228
1275,0.00035,0.9937437288463116,1.010103814303875,0.004329866613261402,1.014162298463052
1276,0.00035,0.9993842355906963,1.0114137679338455,0.004550247656879947,1.0198400233322171
1277,0.00035,0.9944084286689758,1.015463687479496,0.00429180366336368,1.0149322926017341
1278,0.00035,0.9927539266645908,1.0133332535624504,0.004399714031023905,1.0132405774373912
1279,0.00035,0.9966120272874832,1.0149240493774414,0.004377772085717879,1.017129396879318
1280,0.00035,0.9932824485003948,1.0125611051917076,0.004189400977338664,1.013743140653096
1281,0.00035,0.9978656210005283,1.0085357651114464,0.004260088826413266,1.018249340744078
1282,0.00035,1.0075671337544918,1.009612299501896,0.00434799661161378,1.0279767795751105
1283,0.00035,0.9939968101680279,1.0117949545383453,0.004563498689094558,1.0144608841932496
1284,0.00035,1.0038612335920334,1.0056918263435364,0.0043457574502099305,1.0241923579914145
1285,0.00035,0.9975736737251282,1.0082656890153885,0.004450616397662088,1.017961518325319
1286,0.00035,0.9984278455376625,1.0082928985357285,0.0044187678140588105,1.01881464189908
1287,0.00035,0.9757689945399761,1.0089210495352745,0.0044207637693034485,0.9961684537191468
1288,0.00035,0.9858758561313152,1.0065903961658478,0.00435170678247232,1.0062252493937558
1289,0.00035,1.0063807293772697,1.0077802687883377,0.0042959353304468095,1.0267511315195588
1290,0.00035,0.9787143021821976,1.0117590874433517,0.004437202733242884,0.9991713440677268
1291,0.00035,0.9962855279445648,1.0088548511266708,0.004328154755057767,1.0166790327048512
1292,0.00035,0.9840544946491718,1.0146287754178047,0.0043561189086176455,1.0045648761029589
1293,0.00035,0.9993397407233715,1.0094889774918556,0.0041976888896897435,1.019739404717693
1294,0.00030539716210730274,0.9894226938486099,1.0094422921538353,0.00426622256054543,1.009824850819714
1295,0.0002742354395634218,0.9817253053188324,1.0140665993094444,0.004297617226256989,1.0022215181663343
1296,0.00025088699058892666,0.9974259920418262,1.0155817791819572,0.004320089239627123,1.017953632087447
1297,0.00023255200333628347,0.9893061369657516,1.0102642998099327,0.00425719580380246,1.0097242827521404
1298,0.00021765995878678958,0.9907620511949062,1.0095623508095741,0.004406962310895324,1.0111736463266425
1299,0.00020525272593139036,0.9812441468238831,1.0102592408657074,0.004248818033374846,1.001661772542866
1300,0.00019470821261334968,0.9831076487898827,1.0088599622249603,0.0044101940002292395,1.0035053577343933
1301,0.00018560259025309427,0.9760175496339798,1.0090388730168343,0.004305440103053115,0.9964135990994691
1302,0.00017763581180799384,0.9822337366640568,1.0087118446826935,0.004491161002079025,1.0026325316078146
1303,0.00017058870111175803,0.9888955987989902,1.0095948055386543,0.004463353005121462,1.0093106625600192
1304,0.0001642969265979639,0.980466078966856,1.006180077791214,0.0042361584200989455,1.0008014884436853
1305,0.00015863453072555375,0.9795050136744976,1.0088355019688606,0.004297331004636362,0.9998965902641067
1306,0.00015350312762374806,0.9755757302045822,1.0107541903853416,0.004304336558561772,0.9960060308402172
1307,0.0001488245990603894,0.9786580875515938,1.0062075182795525,0.004253470950061455,0.9989949114646879
1308,0.00014453602411390536,0.9814325869083405,1.00721475481987,0.004328562659793533,1.0017933101377277
1309,0.0001405860776782102,0.9807702861726284,1.0084270164370537,0.004243654577294365,1.0011510092302343
1310,0.00013693242003867212,0.9788043014705181,1.009477935731411,0.004294153855880722,0.9992085678779404
1311,0.00013353977053562604,0.9720817357301712,1.0097617655992508,0.004171133827185258,0.9924855277335154
1312,0.0001303784630670676,0.9774553664028645,1.0086043179035187,0.004264276780304499,0.99784066659995
1313,0.0001274233471789404,0.9753190949559212,1.0142179429531097,0.003953111634473316,0.9958011093967071
1314,0.00012465294109697132,0.9898509159684181,1.0088947489857674,0.004075175223988481,1.0102325697093328
1315,0.00012204877116392075,0.9791402108967304,1.0094465985894203,0.004143051730352454,0.9995362954550364
1316,0.00011959485106061806,0.9723899476230145,1.009693093597889,0.004048848073580302,0.9927862518986513
1317,0.00011727726714576918,0.9894502349197865,1.006937026977539,0.004194862267468125,1.0097987185727106
1318,0.00011508384527086602,0.9728612080216408,1.0108726099133492,0.003963885013945401,0.993276854470605
1319,0.00011300388080244148,0.9687462449073792,1.0092621222138405,0.004122839905903675,0.9891376293469512
1320,0.00011102791815253678,0.9732979871332645,1.0106168687343597,0.00392993756395299,0.9937068213861494
1321,0.00010914756943368384,0.9747730456292629,1.0109526738524437,0.0038492366584250703,0.995184560939233
1322,0.00010735536428915044,0.958555031567812,1.0094575062394142,0.003939389731385745,0.9789411511791696
1323,0.00010564462475637369,0.9782201685011387,1.006980076432228,0.003967398180975579,0.998558139938832
1324,0.00010400936037674408,0.9790428578853607,1.008265919983387,0.004038764425786212,0.9994101145063178
1325,0.00010244417979091414,0.97138936445117,1.0099217295646667,0.00413112148817163,0.9917943551168719
1326,0.00010094421584249508,0.9832555465400219,1.0099580958485603,0.004248316530720331,1.003667124283529
1327,9.950506181661319e-05,0.9755531437695026,1.0091721564531326,0.004066197478096001,0.9959398967724701
1328,9.812271690835265e-05,0.9856692552566528,1.0075338184833527,0.003873760942951776,1.0060136196734675
1329,9.67935393825246e-05,0.9742947407066822,1.0072348862886429,0.003979509652708657,0.9946384139150906
1330,9.551420617473449e-05,0.9673413708806038,1.0094109401106834,0.003997529754997231,0.9877294661705673
1331,9.4281677912422e-05,0.9667914621531963,1.0118830874562263,0.004035355043015443,0.9872308916544716
1332,9.309316851695775e-05,0.9687638022005558,1.012594036757946,0.0038905878900550306,0.9892102123302174
1333,9.194611869422494e-05,0.9722595289349556,1.0084731131792068,0.003931081140763126,0.9926255452555779
1334,9.083817273918339e-05,0.9805533550679684,1.007833056151867,0.003796576027525589,1.0008998449923818
1335,8.976715817567652e-05,0.9660017937421799,1.0086358785629272,0.004084664804395288,0.9863787445536581
1336,8.873106783080774e-05,0.9740349091589451,1.0085460841655731,0.0039036541274981573,0.9944010135486314
1337,8.772804400715684e-05,0.9648195654153824,1.0063522830605507,0.0038591479387832806,0.9851395684735326
1338,8.675636446872753e-05,0.9749305509030819,1.0072749108076096,0.0038739429000997916,0.995269746264239
1339,8.58144300000083e-05,0.9607995599508286,1.0115867629647255,0.004011435215943493,0.9812318669709202
1340,8.490075333362422e-05,0.9735550843179226,1.010177843272686,0.0038998950767563656,0.9939536359372141
1341,8.401394927213831e-05,0.9692650772631168,1.005617331713438,0.003918084083124995,0.9895733281015419
1342,8.315272585472182e-05,0.9815110415220261,1.0068292990326881,0.0038399901386583224,1.0018396270096126
1343,8.231587644054088e-05,0.9609959088265896,1.0109816566109657,0.004033246674225666,0.9814172042925202
1344,8.15022725985059e-05,0.9591457843780518,1.0119139775633812,0.003929143495042808,0.9795805211040716
1345,8.07108577080804e-05,0.9588511325418949,1.012563832104206,0.0038418702461058274,0.9792945026962844
1346,7.994064118861086e-05,0.9639256596565247,1.00902234390378,0.0037662603572243825,0.9842944195524616
1347,7.919069328549968e-05,0.9612283296883106,1.013502649962902,0.0037992874131305143,0.9816883470582252
1348,7.84601403508129e-05,0.966436106711626,1.0100059509277344,0.003986068288213573,0.9868355291445914
1349,7.774816056384861e-05,0.9632226191461086,1.0126480534672737,0.003988091033534147,0.9836749847671308
1350,7.705398004400084e-05,0.9878525584936142,1.007203035056591,0.0038631278584944084,1.0081897755876708
1351,7.637686931411535e-05,0.963092502206564,1.0133184790611267,0.003833396884147078,0.9835505416319938
1352,7.571614007759012e-05,0.9707367233932018,1.0113552510738373,0.003794827760430053,0.9911535698027001
1353,7.507114227684917e-05,0.9738519936800003,1.0119347348809242,0.0037017627473687753,0.9942757765149872
1354,7.444126140461101e-05,0.9800674021244049,1.0097542777657509,0.0037768579059047624,1.0004513305750151
1355,7.38259160426718e-05,0.974128719419241,1.011530064046383,0.003917261929018423,0.9945551837966196
1356,7.322455560579518e-05,0.9730754010379314,1.0122648254036903,0.003757176877115853,0.993508556389861
1357,7.263665827080992e-05,0.9552955068647861,1.0144302062690258,0.003814669675193727,0.9757748444739263
1358,7.206172907321116e-05,0.9577394761145115,1.011797972023487,0.0038562906411243603,0.9781682500870374
1359,7.149929815548503e-05,0.9683734327554703,1.0092161074280739,0.003891996035235934,0.9887523547057936
1360,7.09489191530681e-05,0.9580914862453938,1.0079887211322784,0.0039401769899996,0.9784482695175394
1361,7.041016770534058e-05,0.9670303091406822,1.00819830596447,0.0037540521734626964,0.9873819778686448
1362,6.988264008036526e-05,0.9546790830790997,1.0108940824866295,0.0037707035953644663,0.9750854999086005
1363,6.936595190324393e-05,0.9573313035070896,1.0115394592285156,0.0037137783219804987,0.977747781607759
1364,6.885973697898957e-05,0.9771263115108013,1.0059778690338135,0.0038239612767938524,0.9974370669553173
1365,6.836364620172247e-05,0.956009317189455,1.0082102715969086,0.003901312724337913,0.9763685882576101
1366,6.787734654280755e-05,0.9755698963999748,1.0066619515419006,0.0037765175802633166,0.9958919613098259
1367,6.74005201112684e-05,0.9633131101727486,1.011947050690651,0.0038732415123376995,0.9837457132621785
1368,6.693286328045526e-05,0.9762046150863171,1.0076556280255318,0.0038502806128235534,0.9965502416774689
1369,6.647408587551537e-05,0.9563681930303574,1.0136623233556747,0.003940307826269418,0.9768384548887843
1370,6.602391041672537e-05,0.970232829451561,1.0078759789466858,0.003721246073837392,0.9905764113341866
1371,6.558207141420292e-05,0.9652802534401417,1.007897600531578,0.0038689470384269953,0.9856316528026946
1372,6.514831470992488e-05,0.9688718914985657,1.0110649913549423,0.0038665837928419933,0.9892865205153066
1373,6.472239686334706e-05,0.9610785245895386,1.0105406939983368,0.003926956720533781,0.981485686305532
1374,6.430408457725168e-05,0.9681706950068474,1.0102771148085594,0.0037485287757590413,0.9885636637418066
1375,6.389315416074617e-05,0.9620132483541965,1.0100725889205933,0.003788123241974972,0.9824041062947071
1376,6.348939102660536e-05,0.9694487974047661,1.007614605128765,0.003945047690649517,0.9897983418918739
1377,6.309258922039119e-05,0.9787240028381348,1.007835105061531,0.0038363070489140227,0.9990725202918112
1378,6.27025509790026e-05,0.9719863124191761,1.0091792047023773,0.0038602241256739944,0.9923629077195073
1379,6.231908631650632e-05,0.9632214792072773,1.0129388943314552,0.0038958473305683583,0.9836750494604348
1380,6.194201263527806e-05,0.9650592356920242,1.0115781277418137,0.00384475190367084,0.985483035842044
1381,6.157115436064632e-05,0.9713197238743305,1.0115253552794456,0.0036609079834306613,0.991733276379091
1382,6.120634259737833e-05,0.9541890136897564,1.0108170807361603,0.0037422369787236676,0.9745924671534157
1383,6.084741480648138e-05,0.9769989997148514,1.0084634199738503,0.0039017668168526143,0.9973633564551709
1384,6.0494214500914806e-05,0.9640469551086426,1.0095864236354828,0.0038082333194324747,0.9844290952473239
1385,6.014659095891881e-05,0.9679469205439091,1.0109688639640808,0.003870898421155289,0.9883598427442484
1386,5.980439895376702e-05,0.9609482511878014,1.008470557630062,0.0037519319739658386,0.9813052589391009
1387,5.9467498498842653e-05,0.9708304330706596,1.0074893310666084,0.0039241323684109375,0.9911764263104124
1388,5.9135754607021545e-05,0.9683613479137421,1.0060846284031868,0.0036405075661605224,0.9886650658601138
1389,5.8809037063422764e-05,0.9741854220628738,1.006041593849659,0.003592594468500465,0.994485883663292
1390,5.848722021065812e-05,0.9665039032697678,1.0086919665336609,0.0038031476142350584,0.9868678999811527
1391,5.8170182745776005e-05,0.959828544408083,1.012894481420517,0.0037541631172643974,0.9802741421923565
1392,5.7857807528154193e-05,0.9639882631599903,1.0109118297696114,0.00366371133713983,0.9843896853222396
1393,5.7549981397651094e-05,0.9706525579094887,1.0107537135481834,0.0039593698747921735,0.991065600674192
1394,5.724659500237375e-05,0.9676423706114292,1.0087644383311272,0.0037925248470855877,0.9880072856204061
1395,5.6947542635467696e-05,0.9599560983479023,1.0101762190461159,0.003988824464613572,0.9803590639520553
1396,5.665272208037524e-05,0.9612497538328171,1.0078685879707336,0.003965058553148992,0.9816053785198892
1397,5.636203446404769e-05,0.9713512733578682,1.0098440498113632,0.0037621815426973626,0.9917362634312303
1398,5.6075384117632945e-05,0.9692800268530846,1.0091741159558296,0.0036631088732974604,0.989646664615866
1399,5.579267844419268e-05,0.9683062992990017,1.0080602392554283,0.0038077935023466125,0.9886578937592275
1400,5.5513827793033497e-05,0.96097157523036,1.0102377384901047,0.0036448849423322827,0.9813585742472788
1401,5.52387453402651e-05,0.9651728831231594,1.0117455795407295,0.0037143385998206213,0.985593511643965
1402,5.49673469752238e-05,0.9722276218235493,1.0107110664248466,0.0036860184045508504,0.9926261440722738
1403,5.469955119242401e-05,0.9633645080029964,1.0097672045230865,0.003649218997452408,0.9837423130433308
1404,5.443527898872292e-05,0.9639356657862663,1.0122183971107006,0.0038257424894254655,0.9843713208529515
1405,5.417445376540291e-05,0.9799423031508923,1.0066707357764244,0.0037215041666058823,1.000261793074751
1406,5.391700123489697e-05,0.9541382603347301,1.0123085603117943,0.0036446739541133866,0.9745666652386716
1407,5.366284933189872e-05,0.9575199410319328,1.0130686610937119,0.0037745274312328547,0.9779700406253687
1408,5.341192812861549e-05,0.9717685244977474,1.0088747441768646,0.003839959972538054,0.9921380173799116
1409,5.31641697539384e-05,0.9709465131163597,1.0090580061078072,0.0037591564178001136,0.9913156310594058
1410,5.291950831631708e-05,0.9595585092902184,1.0134446918964386,0.003835257753962651,0.9800191660158453
1411,5.267787983014008e-05,0.9571924321353436,1.0083251371979713,0.003625149780418724,0.977540192368324
1412,5.243922214543424e-05,0.9671969078481197,1.0074268952012062,0.0037046431098133326,0.9875306779076346
1413,5.220347488070743e-05,0.9528192728757858,1.0111124441027641,0.003693413789733313,0.9732261924473278
1414,5.1970579358770274e-05,0.960768174380064,1.0118249878287315,0.0038429173437179998,0.9811968200038245
1415,5.1740478545381465e-05,0.9625045768916607,1.0107197016477585,0.0037225594714982435,0.9829050988981908
1416,5.1513116990571425e-05,0.9646621868014336,1.012222595512867,0.003541018217219971,0.9850836896225519
1417,5.128844077250693e-05,0.9526876173913479,1.0116822570562363,0.0038151760963955894,0.9731120213372924
1418,5.1066397443767955e-05,0.9634856022894382,1.0110485926270485,0.003677336178952828,0.9838904409509269
1419,5.0846935979914865e-05,0.9636373594403267,1.011392779648304,0.0036796013155253604,0.984049195099069
1420,5.063000673023169e-05,0.9473940469324589,1.013024240732193,0.00396163816913031,0.9678526136555592
1421,5.0415561370537455e-05,0.9582885392010212,1.0118548050522804,0.00381620301050134,0.9787164454525918
1422,5.020355285796361e-05,0.9698774814605713,1.0130935683846474,0.0038741218886571005,0.9903330589226971
1423,4.999393538760163e-05,0.9640331827104092,1.0136765539646149,0.0037024242483312264,0.984491835002118
1424,4.9786664350929955e-05,0.9693714417517185,1.0104458928108215,0.0036864279391011223,0.98976468100489
1425,4.9581696295934686e-05,0.9726889207959175,1.0118906646966934,0.0037592940643662587,0.9931146987930697
1426,4.9378988888843e-05,0.947164498269558,1.013038270175457,0.0038035935285734013,0.9676154433494958
1427,4.917850087739282e-05,0.9648623429238796,1.010302223265171,0.003552727328496985,0.9852460237556079
1428,4.898019205556639e-05,0.9518652968108654,1.012552671134472,0.003608417697250843,0.9722967711184174
1429,4.878402322971925e-05,0.9624569825828075,1.0106650367379189,0.0037430292286444455,0.9828574347789981
1430,4.858995618603987e-05,0.9676070399582386,1.008001934736967,0.003655936903669499,0.9879498754981615
1431,4.839795365927857e-05,0.9637022241950035,1.0087359547615051,0.0037220605154288933,0.984063046316005
1432,4.82079793026877e-05,0.9723642505705357,1.0066826529800892,0.0038223883020691574,0.9926890230452409
1433,4.8019997659117796e-05,0.9548054002225399,1.0090796872973442,0.0036928874906152487,0.9751716383430176
1434,4.783397413321795e-05,0.9566131643950939,1.0079998970031738,0.0036357651988510042,0.9769549505951
1435,4.764987496469045e-05,0.9656622521579266,1.0093876868486404,0.0037425597838591784,0.9860371338840923
1436,4.746766720255294e-05,0.9688719846308231,1.008054543286562,0.003667075128760189,0.9892164292529924
1437,4.728731868036372e-05,0.9630829244852066,1.0090349465608597,0.0037990406999597326,0.9834535754514218
1438,4.710879799236755e-05,0.9648486003279686,1.0085704326629639,0.0037363745068432763,0.9852068277065701
1439,4.6932074470522106e-05,0.9648510366678238,1.0103903710842133,0.0037188238347880542,0.9852447852812475
1440,4.675711816236669e-05,0.9629160836338997,1.0085718557238579,0.003602276323363185,0.9832676345645449
1441,4.6583899809697074e-05,0.9574842229485512,1.0080971643328667,0.0037979824119247496,0.9778360653558047
1442,4.641239082801207e-05,0.9489175714552402,1.0103536397218704,0.003779749895329587,0.9693136317444442
1443,4.62425632866988e-05,0.9590792655944824,1.0100334361195564,0.0037202919920673594,0.9794659489164769
1444,4.607438988992569e-05,0.9485846608877182,1.0101040080189705,0.003632363397628069,0.968968359217979
1445,4.590784395821349e-05,0.9593114703893661,1.0090049803256989,0.003725902468431741,0.9796778651193018
1446,4.574289941065597e-05,0.9609032012522221,1.0087590515613556,0.0036086943291593343,0.9812588169999071
1447,4.557953074776352e-05,0.9750986807048321,1.0079454854130745,0.0037667103460989892,0.9954459259303985
1448,4.5417713034903896e-05,0.9473032020032406,1.009636864066124,0.003768247668631375,0.9676843516679946
1449,4.525742188631582e-05,0.9442844353616238,1.0114235505461693,0.0036949459899915382,0.9646976536720467
1450,4.509863344967203e-05,0.9502981044352055,1.0130168572068214,0.0037595472240354866,0.9707464189405437
1451,4.4941324391169805e-05,0.9575882069766521,1.0110535845160484,0.0036366046988405287,0.9779911089019151
1452,4.478547188112759e-05,0.9789073280990124,1.0057906806468964,0.003729270218173042,0.999209605222859
1453,4.463105358006758e-05,0.9613957665860653,1.0114611759781837,0.003779344682698138,0.9818139573397638
1454,4.447804762526519e-05,0.9605009779334068,1.0090008229017258,0.003847924279398285,0.9808733906054112
1455,4.432643261774668e-05,0.9641032330691814,1.009880118072033,0.0037927827215753496,0.9844904745667008
1456,4.4176187609717744e-05,0.9549238421022892,1.0105676352977753,0.003902585885953158,0.9753303241025424
1457,4.4027292092406066e-05,0.9518031440675259,1.0109253153204918,0.003859560310957022,0.9722146283894836
1458,4.387972598430184e-05,0.9523229375481606,1.0123862698674202,0.0037414184189401567,0.972757733866456
1459,4.37334696197811e-05,0.9539007879793644,1.0103596337139606,0.003570692060748115,0.974286515256681
1460,4.3588503738096954e-05,0.9590438418090343,1.0093794241547585,0.0036649798712460324,0.9794146792856918
1461,4.344480947272511e-05,0.9651076197624207,1.00850348174572,0.003742655026144348,0.9854648221486423
1462,4.330236834104992e-05,0.9624924510717392,1.0117591246962547,0.0037130452983547,0.982913285830582
1463,4.316116223437837e-05,0.9618356041610241,1.0152665004134178,0.003748963965335861,0.9823283823675593
1464,4.302117340826978e-05,0.9677183739840984,1.0084747672080994,0.0037254966737236828,0.9880741441619466
1465,4.2882384473169326e-05,0.9684592336416245,1.0058522038161755,0.003641500647063367,0.9887583527503011
1466,4.2744778385334415e-05,0.9579642489552498,1.0071652606129646,0.003661328912130557,0.9782906206131156
1467,4.2608338438042764e-05,0.9689037799835205,1.008320339024067,0.003846075473120436,0.9892624905376578
1468,4.24730482530724e-05,0.9713348522782326,1.0118592232465744,0.0039178674487629905,0.9917679301156023
1469,4.2338891772443284e-05,0.957914624363184,1.0100808888673782,0.003554143651854247,0.9782939493231242
1470,4.220585325041131e-05,0.968106497079134,1.010375365614891,0.003647042191005312,0.9884963565009821
1471,4.207391724570562e-05,0.9547438584268093,1.0121039599180222,0.0036651117261499166,0.9751691932114772
1472,4.194306861400044e-05,0.9566431678831577,1.0132916048169136,0.0036087517510168254,0.9770894375670468
1473,4.181329250061321e-05,0.9561896584928036,1.0124988332390785,0.003720626322319731,0.9766256664737011
1474,4.168457433342093e-05,0.9559381417930126,1.0125462412834167,0.0036768335558008403,0.976372908296471
1475,4.1556899815987264e-05,0.9525264948606491,1.0116761475801468,0.0037517290911637247,0.9729476042668103
1476,4.143025492089258e-05,0.9540366940200329,1.0089372843503952,0.003745296038687229,0.9744027045089751
1477,4.130462588326044e-05,0.9564714133739471,1.0115107409656048,0.003761640764423646,0.9768897102314804
1478,4.117999919447333e-05,0.9647184535861015,1.0060718953609467,0.003705743802129291,0.985025178683427
1479,4.1056361596071304e-05,0.966760590672493,1.0104850679636002,0.003688764641992748,0.9871547302638647
1480,4.0933700073827226e-05,0.9637111015617847,1.0107758790254593,0.0036564806214300916,0.9841094431733655
1481,4.081200185199269e-05,0.9683312103152275,1.0095492750406265,0.003966466276324354,0.9887205191298563
1482,4.069125438770859e-05,0.9673235900700092,1.0115568861365318,0.003637091096607037,0.9877365823475702
1483,4.057144536557526e-05,0.9652040749788284,1.0105295926332474,0.0038025387621019036,0.9856047937695984
1484,4.045256269237625e-05,0.9648964777588844,1.0105873793363571,0.0038096365751698613,0.9852987071743701
1485,4.033459449195113e-05,0.9544740580022335,1.0095414444804192,0.0038626723253400996,0.974858020508109
1486,4.021752910021206e-05,0.9568870663642883,1.0090812593698502,0.0038744412158848718,0.9772624136124796
1487,4.010135506029957e-05,0.9506815485656261,1.0081709623336792,0.003641416580649093,0.9710270386413321
1488,3.998606111787281e-05,0.9607822448015213,1.0109102725982666,0.0035512954636942595,0.9811780150266713
1489,3.987163621653001e-05,0.9448329769074917,1.008876033127308,0.0036371400638017803,0.9651923545732279
1490,3.975806949335494e-05,0.9619476087391376,1.0117842927575111,0.003802728751907125,0.9823734310318832
1491,3.9645350274585125e-05,0.9611944891512394,1.0084974691271782,0.0037076095904922113,0.9815498190133076
1492,3.9533468071398056e-05,0.9568779654800892,1.0079898461699486,0.0036766154516953975,0.9772215931760729
1493,3.942241257581158e-05,0.9642585590481758,1.0105732455849648,0.0036731113214045763,0.9846536795259454
1494,3.931217365669478e-05,0.9556325152516365,1.0100896805524826,0.0036154327972326428,0.9760150805025478
1495,3.920274135588595e-05,0.9565448351204395,1.0093811824917793,0.0036595951532945037,0.9769154385279398
1496,3.909410588441407e-05,0.950079720467329,1.0101615712046623,0.0037308275641407818,0.9704694932696293
1497,3.8986257618820904e-05,0.9512531347572803,1.0108143985271454,0.003697847918374464,0.9716543151237419
1498,3.8879187097580096e-05,0.9646060653030872,1.0106818601489067,0.0036708826082758605,0.9850032466364791
1499,3.877288501761071e-05,0.9598917327821255,1.0121370032429695,0.0036005256697535515,0.9803144991304725
1500,3.866734223088193e-05,0.9524349458515644,1.009980320930481,0.0036366434796946123,0.9728163844441587
1501,3.856254974110638e-05,0.9669867418706417,1.009696714580059,0.003652548883110285,0.9873633036063985
1502,3.8458498700519137e-05,0.9564002938568592,1.0110108777880669,0.0035528727166820318,0.9767981550484546
1503,3.835518040673998e-05,0.94905911013484,1.012425497174263,0.0037633853644365445,0.9694957893465471
1504,3.8252586299716214e-05,0.9551725946366787,1.0134069472551346,0.0038735915441066027,0.9756344131589867
1505,3.8150707958743826e-05,0.9589494839310646,1.0087612122297287,0.0036482016585068777,0.9793071182585845
1506,3.8049537099564315e-05,0.9614798277616501,1.0102346688508987,0.0036970923974877223,0.9818693757585425
1507,3.7949065571535234e-05,0.9576002769172192,1.0109315812587738,0.003719512009411119,0.9780048841428651
1508,3.7849285354872106e-05,0.9609385207295418,1.0127901956439018,0.003674057705211453,0.9813780275276804
1509,3.77501885579595e-05,0.961446326225996,1.009678952395916,0.003746184112969786,0.9818272144795628
1510,3.765176741472954e-05,0.9598940387368202,1.0080930441617966,0.003590417589293793,0.9802354204995208
1511,3.7554014282105365e-05,0.9618844427168369,1.0089584067463875,0.0035863904049620032,0.9822429303720127
1512,3.745692163750822e-05,0.9615541212260723,1.0077255889773369,0.003741270542377606,0.9818956965327379
1513,3.736048207642583e-05,0.9507095366716385,1.0099174194037914,0.0037287449958967045,0.9710943223095092
1514,3.726468831004052e-05,0.9540566690266132,1.0108606070280075,0.0037031573738204315,0.9744590390358644
1515,3.7169533162915445e-05,0.9595984369516373,1.0086172223091125,0.003762230568099767,0.9799588929262245
1516,3.707500957073687e-05,0.9616862013936043,1.0072073265910149,0.0035755723947659135,0.9820091265451628
1517,3.698111057811144e-05,0.9581386595964432,1.0113798677921295,0.003765363449929282,0.9785545251247822
1518,3.688782933641638e-05,0.9581545181572437,1.0119512751698494,0.0038511850871145725,0.9785861029149964
1519,3.6795159101701414e-05,0.9576683863997459,1.0096916481852531,0.0037590606225421652,0.978050172394578
1520,3.6703093232640816e-05,0.9571256190538406,1.0082970932126045,0.0034798256383510306,0.9774655522000103
1521,3.6611625188534296e-05,0.9469085521996021,1.0128718689084053,0.0036812378966715187,0.9673500514726038
1522,3.6520748527355166e-05,0.9504099786281586,1.010134868323803,0.003633581072790548,0.9707943550482742
1523,3.643045690384469e-05,0.9360212348401546,1.0096902623772621,0.0036516040127025917,0.956397620288335
1524,3.634074406765114e-05,0.9636933021247387,1.0092767924070358,0.0037835063703823835,0.9840680132913986
1525,3.6251603861512445e-05,0.9581034034490585,1.0080444812774658,0.003688126744236797,0.9784486994118197
1526,3.61630302194812e-05,0.9624816365540028,1.0083265081048012,0.003775048186071217,0.9828369191254024
1527,3.6075017165190855e-05,0.9617989249527454,1.0059490203857422,0.003896981303114444,0.9821127544256161
1528,3.598755881016196e-05,0.942920196801424,1.00792770460248,0.003778057303861715,0.9632676537586667
1529,3.590064935214738e-05,0.9598906859755516,1.0067771524190903,0.0036755856417585164,0.9802100083060213
1530,3.581428307351553e-05,0.96836793795228,1.0091710612177849,0.0036968589993193746,0.9887362021266017
1531,3.57284543396703e-05,0.9536055698990822,1.0106353275477886,0.0037680108071072027,0.9740066769903933
1532,3.564315759750711e-05,0.9523386247456074,1.0115304291248322,0.0035987427254440263,0.9727491704643761
1533,3.55583873739038e-05,0.963271077722311,1.0109074488282204,0.003747613853192888,0.9836766073915351
1534,3.547413827424557e-05,0.9631916135549545,1.011094130575657,0.0037620639632223174,0.9836015993646288
1535,3.539040498098294e-05,0.9614665880799294,1.00961484760046,0.003768474023672752,0.9818473087331222
1536,3.5307182252222116e-05,0.9711609892547131,1.0081903859972954,0.003724069320014678,0.9915110004406597
1537,3.5224464920346606e-05,0.9629152826964855,1.0077235475182533,0.0038468524435302243,0.983262096269027
1538,3.514224789066948e-05,0.9619776904582977,1.0083418935537338,0.0036919186386512592,0.9823291242613049
1539,3.5060526140115396e-05,0.9570754580199718,1.011000007390976,0.003888725710567087,0.9774898944533198
1540,3.497929471593149e-05,0.9784086234867573,1.0126029253005981,0.003788466128753498,0.9988501052992069
1541,3.489854873442677e-05,0.9570368081331253,1.0109355747699738,0.003656596105429344,0.9774383494337963
1542,3.481828337973879e-05,0.9601489417254925,1.0081267356872559,0.0037278870586305857,0.9804978707921691
1543,3.4738493902627217e-05,0.9538445621728897,1.0131590962409973,0.003768115187995136,0.9742961498571093
1544,3.465917561929358e-05,0.9651903696358204,1.0091931857168674,0.003505816523102112,0.9855495241763128
1545,3.458032391022637e-05,0.9562753401696682,1.0103769674897194,0.003737556893611327,0.9766697573641431
1546,3.450193421907101e-05,0.9612095430493355,1.0105154663324356,0.003786323286476545,0.981609168540308
1547,3.4424002051524045e-05,0.9583524763584137,1.0108650773763657,0.003735980106284842,0.9787565769112553
1548,3.434652297425079e-05,0.9503638707101345,1.009410485625267,0.0036386137799127027,0.9707340111116355
1549,3.426949261382611e-05,0.953470055013895,1.0093261823058128,0.0037380231369752437,0.97384347981686
1550,3.419290665569745e-05,0.9448675587773323,1.0079922303557396,0.0037066930817672983,0.9652127380385355
1551,3.411676084316989e-05,0.9620074294507504,1.0101892352104187,0.003743628636584617,0.982398395586788
1552,3.404105097641232e-05,0.9376143738627434,1.0120118036866188,0.0036842093686573207,0.9580388204049086
1553,3.396577291148457e-05,0.9583388939499855,1.0092440694570541,0.0036576838174369186,0.9787066595299985
1554,3.3890922559384656e-05,0.9522852450609207,1.0105962604284286,0.0037416434206534177,0.972684252440522
1555,3.381649588511596e-05,0.9586952105164528,1.010266475379467,0.003953018327592872,0.9790981909404218
1556,3.37424889067735e-05,0.955768346786499,1.0103399381041527,0.0037121185596333817,0.9761607514765638
1557,3.366889769464925e-05,0.9570269249379635,1.012582078576088,0.003875714392052032,0.9774723522290878
1558,3.359571837035562e-05,0.9581213407218456,1.0100622177124023,0.00355772850161884,0.9785004715011747
1559,3.3522947105967e-05,0.955664400011301,1.007158063352108,0.0037145352689549327,0.975993288041791
1560,3.3450580123178655e-05,0.952446237206459,1.0113781541585922,0.0037563557852990925,0.9728616180788958
1561,3.3378613692482836e-05,0.9591299444437027,1.00884198397398,0.003676696098409593,0.9794906189281027
1562,3.330704413236148e-05,0.9531994238495827,1.010249026119709,0.003962755989050493,0.9736025421714294
1563,3.323586780849514e-05,0.9591034166514874,1.0085886865854263,0.0035904239484807476,0.9794547115806199
1564,3.3165081132987845e-05,0.9454227201640606,1.0106817334890366,0.0036897953687002882,0.9658208446022764
1565,3.309468056360744e-05,0.9654651172459126,1.0106513872742653,0.0036768858262803406,0.9858619892827118
1566,3.30246626030411e-05,0.9598191604018211,1.0129883512854576,0.00378951033053454,0.980268402944057
1567,3.295502379816557e-05,0.9581635631620884,1.0102554634213448,0.00380519540340174,0.9785589322006853
1568,3.288576073933189e-05,0.9507006332278252,1.010579451918602,0.003645783435786143,0.9710945114379865
1569,3.281687005966417e-05,0.9645337052643299,1.0088085755705833,0.003857964009512216,0.9849027749762173
1570,3.2748348434372215e-05,0.944361686706543,1.0115390829741955,0.0036012507480336353,0.9647725309034285
1571,3.2680192580077494e-05,0.9549299590289593,1.0139395371079445,0.0038148774328874424,0.9753994936427626
1572,3.26123992541524e-05,0.9553944543004036,1.008853703737259,0.00384618469979614,0.9757638376101386
1573,3.2544965254072234e-05,0.9519746974110603,1.01209906488657,0.003706747811520472,0.9724020160993677
1574,3.247788741677973e-05,0.958310391753912,1.0124446600675583,0.0037485477660084143,0.9787467123435636
1575,3.241116261806197e-05,0.9475964456796646,1.009994775056839,0.003652876985142939,0.9679789850300585
1576,3.234478777193915e-05,0.9555415995419025,1.007481075823307,0.0037771907955175266,0.9758800805981446
1577,3.227875983006512e-05,0.9596672840416431,1.0120619758963585,0.003769895643927157,0.9800970183417668
1578,3.221307578113935e-05,0.9756495505571365,1.0103754922747612,0.0037728573952335864,0.9960457032723935
1579,3.2147732650330136e-05,0.9704112224280834,1.0068574398756027,0.0038466308469651267,0.9907407027679437
1580,3.208272749870866e-05,0.9704609811306,1.0111456364393234,0.0038939500955166295,0.9908785913641623
1581,3.2018057422693835e-05,0.9485264234244823,1.0176371335983276,0.0037263719423208386,0.9690654846935649
1582,3.195371955350755e-05,0.9650904648005962,1.006817750632763,0.0038940202648518607,0.985421520826494
1583,3.188971105664013e-05,0.9430857598781586,1.0110598430037498,0.0037581294163828716,0.9634948632090526
1584,3.182602913132587e-05,0.956030361354351,1.0115397050976753,0.0037964566581649706,0.9764509782892128
1585,3.176267101002825e-05,0.9600694477558136,1.0113433673977852,0.0037350460479501635,0.9804830674061669
1586,3.169963395793483e-05,0.952448409050703,1.0110840648412704,0.0036743728414876387,0.9728538089896028
1587,3.1636915272461364e-05,0.9561460390686989,1.011000007390976,0.0037240938836475834,0.9765522439107008
1588,3.157451228276518e-05,0.9588634632527828,1.0089490041136742,0.0036925222375430167,0.9792270694469335
1589,3.1512422349267436e-05,0.9654026590287685,1.0069121271371841,0.0036274130834499374,0.9857222722256846
1590,3.14506428631842e-05,0.9561041109263897,1.0125885307788849,0.0037048956874059513,0.9765411263263377
1591,3.1389171246066054e-05,0.9616064988076687,1.0082169622182846,0.0036786847340408713,0.9819547722887364
1592,3.132800494934604e-05,0.9487055316567421,1.0136938244104385,0.0037449643423315138,0.9691666563620674
1593,3.126714145389595e-05,0.9505257792770863,1.0126028433442116,0.003670552570838481,0.9709613637725124
1594,3.12065782695905e-05,0.9652006104588509,1.007736012339592,0.0037685430143028498,0.9855437578563578
1595,3.114631293487943e-05,0.9667943678796291,1.00968998670578,0.003814616648014635,0.9871788984461455
1596,3.108634301636731e-05,0.9472583122551441,1.010029599070549,0.003928268939489499,0.9676553176835296
1597,3.102666610840081e-05,0.9480792805552483,1.0141959488391876,0.003790860850131139,0.9685527425745385
1598,3.0967279832663406e-05,0.9619843773543835,1.0085677951574326,0.003644370925030671,0.9823379518037837
1599,3.090818183777727e-05,0.959625355899334,1.0103543028235435,0.0036507121985778213,0.9800149775657337
1600,3.0849369798912225e-05,0.9682314805686474,1.0063745081424713,0.0036664566141553223,0.9885422935622046
1601,3.0790841417401616e-05,0.9563464745879173,1.0107681974768639,0.0038741105527151376,0.9767555440650904
1602,3.073259442036495e-05,0.9536005780100822,1.0093671530485153,0.003646427416242659,0.9739702424418646
1603,3.067462656033717e-05,0.9598249271512032,1.0099085792899132,0.003639218703028746,0.9802050596721529
1604,3.0616935614904446e-05,0.9419868178665638,1.0108415186405182,0.003746455069631338,0.9623909709928558
1605,3.055951938634626e-05,0.962616678327322,1.010754220187664,0.003742956178029999,0.9830189105399768
1606,3.0502375701283815e-05,0.9674781076610088,1.0118584781885147,0.0038914184260647744,0.9879098481460824
1607,3.0445502410334436e-05,0.9584887772798538,1.0103017464280128,0.003741056512808427,0.9788818650340545
1608,3.0388897387772044e-05,0.951822716742754,1.0108374506235123,0.003806815409916453,0.9722298065257201
1609,3.033255853119343e-05,0.9547960162162781,1.0094996131956577,0.0036135554692009464,0.9751666862536513
1610,3.0276483761190275e-05,0.9546194188296795,1.0092279501259327,0.0036877552629448473,0.9749883655953454
1611,3.0220671021026835e-05,0.9560629837214947,1.0113998427987099,0.0037696964136557654,0.9764794653981517
1612,3.0165118276322994e-05,0.960020337253809,1.0097916573286057,0.0037893578846706077,0.9804056382946147
1613,3.0109823514742922e-05,0.963275995105505,1.0096662417054176,0.003869391162879765,0.9836627894977574
1614,3.005478474568882e-05,0.978028416633606,1.0034065246582031,0.003854411537759006,0.9982892677036579
