step,learning_rate,ce_loss,ratio_loss,byte_boundary_loss,total_loss
1,2.1739130434782607e-06,5.559047847986221,1.0968890339136124,0.47939660027623177,5.585779594667256
2,4.347826086956521e-06,5.532550126314163,1.0984335541725159,0.4796948414295912,5.55931574581191
3,6.521739130434782e-06,5.448877602815628,1.0976729914546013,0.4796298108994961,5.475627360753715
4,8.695652173913043e-06,5.2792840003967285,1.097401574254036,0.4804919380694628,5.306036951262503
5,1.0869565217391305e-05,5.073943376541138,1.0968648195266724,0.48047831282019615,5.100685456059874
6,1.3043478260869564e-05,4.841638803482056,1.086093284189701,0.4802840519696474,4.868163509685546
7,1.5217391304347825e-05,4.681456297636032,1.07690017670393,0.4803281519562006,4.707797582689673
8,1.7391304347826085e-05,4.5986515283584595,1.043472409248352,0.4800922330468893,4.624321898873895
9,1.956521739130435e-05,4.601489782333374,0.999688658863306,0.4792025666683912,4.626275581177324
10,2.173913043478261e-05,4.490229547023773,0.9828329123556614,0.47800314985215664,4.514666236769408
11,2.391304347826087e-05,4.414972364902496,0.9685363471508026,0.4755673445761204,4.4390987652912735
12,2.6086956521739128e-05,4.333240747451782,0.9462538585066795,0.47261374816298485,4.356891962103545
13,2.8260869565217392e-05,4.271462559700012,0.9192284494638443,0.46852956525981426,4.294532424341887
14,3.043478260869565e-05,4.208642542362213,0.906013410538435,0.4644308537244797,4.2314071191102265
15,3.260869565217392e-05,4.162642449140549,0.892271626740694,0.4606032110750675,4.185093913786113
16,3.478260869565217e-05,4.090270519256592,0.8896552361547947,0.4568979758769274,4.112632603738457
17,3.695652173913043e-05,4.066271796822548,0.8938434720039368,0.45433842204511166,4.088692050483077
18,3.91304347826087e-05,4.002514258027077,0.9096059948205948,0.4517184104770422,4.025223562028259
19,4.130434782608695e-05,3.977807968854904,0.9387920163571835,0.4504158962517977,4.0010879681445655
20,4.347826086956522e-05,3.941464990377426,1.005986262112856,0.45019375160336494,3.966086653135717
21,4.5652173913043474e-05,3.859426826238632,1.0657235234975815,0.45115154050290585,3.885252812113613
22,4.782608695652174e-05,3.859682023525238,1.047052450478077,0.45354387164115906,3.885158511251211
23,5e-05,3.796900600194931,1.0629642382264137,0.4550132714211941,3.8227100176736712
24,5.2173913043478256e-05,3.6955782771110535,1.0660212188959122,0.4563468601554632,3.7214621700905264
25,5.434782608695652e-05,3.6257140934467316,1.0447002872824669,0.4574365112930536,3.6511824643053115
26,5.6521739130434784e-05,3.5613565891981125,1.0358563661575317,0.4571606907993555,3.5866453234292566
27,5.8695652173913045e-05,3.50634728372097,1.0304981842637062,0.45683460496366024,3.5315255934558807
28,6.08695652173913e-05,3.4089202880859375,1.012867420911789,0.45599267818033695,3.4337375632859763
29,6.304347826086956e-05,3.375741943717003,1.0084450207650661,0.45357016287744045,3.4004465457610786
30,6.521739130434783e-05,3.3304366916418076,1.0132756680250168,0.44949055276811123,3.355197110529989
31,6.73913043478261e-05,3.302573800086975,1.0450461730360985,0.44525596499443054,3.327927283197641
32,6.956521739130434e-05,3.26558119058609,1.090473659336567,0.44227821193635464,3.291813445892185
33,7.17391304347826e-05,3.236566126346588,1.0842318087816238,0.44042012467980385,3.2626549637690188
34,7.391304347826086e-05,3.153979331254959,1.0838689878582954,0.44027249701321125,3.1800594359822574
35,7.608695652173914e-05,3.094483360648155,1.0785182788968086,0.44250960275530815,3.120478822253644
36,7.82608695652174e-05,3.0453895032405853,0.9674768000841141,0.44559304416179657,3.0691949696838856
37,8.043478260869565e-05,3.0582740753889084,1.0465578213334084,0.447900477796793,3.0836842365935446
38,8.26086956521739e-05,2.971000835299492,1.105645827949047,0.4499560222029686,2.9976133120805026
39,8.478260869565218e-05,2.9506927877664566,1.0484811440110207,0.44862457551062107,2.976148656401783
40,8.695652173913044e-05,2.8859198689460754,0.9646621644496918,0.44632177613675594,2.9096763299964366
41,8.91304347826087e-05,2.8805513828992844,0.9641941487789154,0.4445840958505869,2.9042811068333685
42,9.130434782608695e-05,2.8610258251428604,0.9633873701095581,0.4450996406376362,2.8847445689514277
43,9.347826086956521e-05,2.831323057413101,0.9549496732652187,0.4430568031966686,2.854852618910372
44,9.565217391304348e-05,2.736905053257942,0.9537760205566883,0.44129301235079765,2.7603935037925837
45,9.782608695652174e-05,2.739626869559288,0.9518664330244064,0.4399628471583128,2.763063826691359
46,0.0001,2.6904819011688232,0.9521988034248352,0.43879720754921436,2.713913849312812
47,0.00010217391304347825,2.660000041127205,0.9580235294997692,0.43741550855338573,2.6835346668027342
48,0.00010434782608695651,2.657770112156868,0.9748012460768223,0.4376569464802742,2.681642706543207
49,0.00010652173913043477,2.627417206764221,0.9850608818233013,0.4347239527851343,2.6514656639285388
50,0.00010869565217391303,2.598313555121422,0.9822881296277046,0.432103643193841,2.6222803541459143
51,0.00011086956521739131,2.542651414871216,0.9786335825920105,0.42899397388100624,2.5665140262618658
52,0.00011304347826086957,2.5263281911611557,0.9803338684141636,0.42480005137622356,2.5501828690432014
53,0.00011521739130434783,2.506120190024376,0.9870934411883354,0.42186120711266994,2.530080670919269
54,0.00011739130434782609,2.4884286373853683,0.989672627300024,0.41979708708822727,2.5124200608022513
55,0.00011956521739130435,2.460037812590599,0.9897842742502689,0.4162422586232424,2.4839959206618367
56,0.0001217391304347826,2.4443668127059937,0.9910642504692078,0.4153074771165848,2.4683411724865434
57,0.00012391304347826086,2.424947440624237,0.9948759078979492,0.41449165157973766,2.4489898752979933
58,0.00012608695652173912,2.3912266343832016,0.9977206587791443,0.41422428376972675,2.415323290396482
59,0.00012826086956521738,2.379252165555954,0.9990551546216011,0.4127163626253605,2.4033604322746394
60,0.00013043478260869567,2.3645758628845215,1.0004221089184284,0.41556387580931187,2.388739943820983
61,0.00013260869565217393,2.352796733379364,1.0007975846529007,0.418837433680892,2.377001059409231
62,0.0001347826086956522,2.324900284409523,0.9980302974581718,0.4188427682965994,2.3490493180416525
63,0.00013695652173913042,2.3121092319488525,0.9998253658413887,0.42059032432734966,2.3363116425089534
64,0.00013913043478260868,2.29810930788517,1.0034734681248665,0.42382755875587463,2.322417052835226
65,0.00014130434782608694,2.2790047228336334,0.9989350028336048,0.42445944622159004,2.3032280173525215
66,0.0001434782608695652,2.2485417127609253,0.9963278286159039,0.42355459555983543,2.2727038152888417
67,0.00014565217391304347,2.2444412410259247,0.9966894201934338,0.42605353705585003,2.268635564800352
68,0.00014782608695652173,2.243970513343811,0.9990792870521545,0.42796374298632145,2.2682317365147173
69,0.00015000000000000001,2.2178730219602585,0.9996687360107899,0.42499757185578346,2.242116372399032
70,0.00015217391304347827,2.193575829267502,0.9994455426931381,0.42040671221911907,2.2177688072435555
71,0.00015434782608695654,2.1746146380901337,1.0040833503007889,0.42372707836329937,2.1989335758797828
72,0.0001565217391304348,2.18008254468441,1.0108968578279018,0.42708898708224297,2.2045713717117903
73,0.00015869565217391303,2.1173669546842575,1.01895622164011,0.42356335185468197,2.1419817126356064
74,0.0001608695652173913,2.108974203467369,1.0224802270531654,0.42408986389636993,2.1336647066473957
75,0.00016304347826086955,2.118992954492569,1.0182977467775345,0.4280453324317932,2.1436393627524377
76,0.0001652173913043478,2.0918546468019485,1.0217082723975182,0.4259622357785702,2.1165484346076844
77,0.00016739130434782607,2.1158929616212845,1.015857771039009,0.4206827227026224,2.140416944269091
78,0.00016956521739130436,2.0663267970085144,1.027079962193966,0.426904434338212,2.0911374405957757
79,0.00017173913043478262,2.0512667074799538,1.0262844562530518,0.4227629639208317,2.0760200262442234
80,0.00017391304347826088,2.050378069281578,1.02579116076231,0.4241026397794485,2.075134918894619
81,0.00017608695652173914,2.0293033868074417,1.0256465896964073,0.4206058047711849,2.054022376649082
82,0.0001782608695652174,2.0132734924554825,1.0216762199997902,0.4158718176186085,2.0378657350316645
83,0.00018043478260869564,2.0020929500460625,1.019505314528942,0.4209783058613539,2.026692839395255
84,0.0001826086956521739,2.00971682369709,1.0127232410013676,0.4212851170450449,2.034184139687568
85,0.00018478260869565216,2.005795419216156,0.9938040152192116,0.4178559295833111,2.0298500588163733
86,0.00018695652173913042,1.990142285823822,0.9862622693181038,0.4166158065199852,2.014033689275384
87,0.0001891304347826087,1.9523962289094925,0.985389769077301,0.4148870147764683,1.9762528944388034
88,0.00019130434782608697,1.967936247587204,0.983946617692709,0.41186410933732986,1.9917338210344315
89,0.00019347826086956523,1.9518591687083244,0.986291341483593,0.4170341342687607,1.975755336880684
90,0.0001956521739130435,1.9486650303006172,0.9917065128684044,0.4198412913829088,1.9726975734718144
91,0.00019782608695652172,1.9307940229773521,0.9900190941989422,0.41555393673479557,1.954749944228679
92,0.0002,1.9185387343168259,0.9957763180136681,0.4136001616716385,1.9425902622938156
93,0.00020217391304347827,1.9158592969179153,0.9952426850795746,0.4102473109960556,1.9398666237294675
94,0.0002043478260869565,1.9122029766440392,1.0002693459391594,0.41002734936773777,1.9363086370565
95,0.0002065217391304348,1.8910673186182976,0.9941830262541771,0.4068340603262186,1.9150193197466434
96,0.00020869565217391303,1.890079379081726,1.0090328231453896,0.4118044674396515,1.9143780802190304
97,0.0002108695652173913,1.8727061226963997,1.0113235749304295,0.40639398247003555,1.8969965340197088
98,0.00021304347826086955,1.8711713179945946,1.0079998970031738,0.40571523271501064,1.8953884682618083
99,0.00021521739130434783,1.8570313900709152,1.0102088525891304,0.4062700718641281,1.8812982678413392
100,0.00021739130434782607,1.8469197005033493,1.0063585974276066,0.4035957008600235,1.8710828294605015
101,0.00021956521739130436,1.854057215154171,1.0090747140347958,0.4040444400161505,1.8782791538350285
102,0.00022173913043478262,1.8265477269887924,1.003559224307537,0.4010615050792694,1.8506295265257358
103,0.00022391304347826085,1.8254362791776657,0.9980498254299164,0.4005983676761389,1.8494032593630254
104,0.00022608695652173914,1.8100263178348541,0.9885030388832092,0.39956495352089405,1.8337920281477271
105,0.00022826086956521737,1.8011383786797523,0.9845116995275021,0.3995493482798338,1.8248241061531008
106,0.00023043478260869566,1.806746393442154,0.9854057729244232,0.39898942969739437,1.8304444031976164
107,0.0002326086956521739,1.7698740288615227,0.9933298639953136,0.39886522106826305,1.7937292783521117
108,0.00023478260869565218,1.7948764488101006,0.9881145060062408,0.3969157040119171,1.8186078959703447
109,0.00023695652173913041,1.762462556362152,0.9928445033729076,0.39647057838737965,1.786284152213484
110,0.0002391304347826087,1.7753668949007988,0.9907921999692917,0.3904122095555067,1.7990868609957398
111,0.00024130434782608696,1.7510941401124,0.9981488361954689,0.39327392540872097,1.7749898560903965
112,0.0002434782608695652,1.7600669339299202,1.004517287015915,0.395693464204669,1.7841142143122852
113,0.0002456521739130435,1.7531462162733078,1.0055304393172264,0.3903177659958601,1.7771600027196108
114,0.0002478260869565217,1.7486061677336693,1.0051278099417686,0.392020046710968,1.7726289243996143
115,0.00025,1.716867059469223,1.002857930958271,0.3892384357750416,1.740816602446139
116,0.00025217391304347824,1.7181023508310318,1.0029867067933083,0.39139766804873943,1.7420760616473854
117,0.0002543478260869565,1.722294420003891,0.9987319298088551,0.3922714330255985,1.7461917729303242
118,0.00025652173913043476,1.7120068296790123,0.9927502572536469,0.3893466480076313,1.7357553013041616
119,0.00025869565217391305,1.7234177440404892,0.9894759804010391,0.38829800114035606,1.7470902436599136
120,0.00026086956521739134,1.6909415572881699,0.9910150207579136,0.3863171115517616,1.7146250288188458
121,0.00026304347826086957,1.6914711743593216,0.9969079159200191,0.3882143683731556,1.7152914763614535
122,0.00026521739130434786,1.6844840422272682,0.9961017780005932,0.386873921379447,1.7082748170010744
123,0.0002673913043478261,1.697594314813614,0.9996188841760159,0.38657601922750473,1.7214524526894093
124,0.0002695652173913044,1.6756558790802956,1.0093155279755592,0.387620747089386,1.6997183971107006
125,0.0002717391304347826,1.652248539030552,1.005738727748394,0.38478007912635803,1.6762111143767835
126,0.00027391304347826085,1.6786763817071915,1.005553424358368,0.38156723603606224,1.7026031225547194
127,0.00027608695652173913,1.651562049984932,0.997362419962883,0.37968377210199833,1.6753061361052097
128,0.00027826086956521737,1.661624938249588,1.000968798995018,0.3842108454555273,1.6854864226840436
129,0.00028043478260869565,1.6451996266841888,0.996752604842186,0.3784696198999882,1.6689193749800324
130,0.0002826086956521739,1.637335829436779,0.9915894530713558,0.38204220309853554,1.6609880405291915
131,0.0002847826086956522,1.6363226547837257,0.9937345050275326,0.3762666042894125,1.6599600109271706
132,0.0002869565217391304,1.6185128167271614,0.9935226924717426,0.37569992057979107,1.6421402697823941
133,0.0002891304347826087,1.6311212554574013,0.9948290921747684,0.37491652369499207,1.6547670025378465
134,0.00029130434782608693,1.6164571046829224,0.9972535818815231,0.3707774020731449,1.6401099503412842
135,0.0002934782608695652,1.6150485947728157,0.9897814989089966,0.3714464046061039,1.6385586887970567
136,0.00029565217391304345,1.6056698635220528,0.99987418577075,0.37249425798654556,1.6293922898173334
137,0.00029782608695652174,1.5963610857725143,0.9996450319886208,0.36995298601686954,1.6200535162724554
138,0.00030000000000000003,1.6026081889867783,1.0076193176209927,0.3701319098472595,1.6264618944376705
139,0.00030217391304347826,1.5783961191773415,0.9915139116346836,0.367182957008481,1.6018982269801199
140,0.00030434782608695655,1.6006118655204773,0.9901025220751762,0.366921741515398,1.6240831333771348
141,0.0003065217391304348,1.576805867254734,0.9894295632839203,0.3680622670799494,1.6002750811912119
142,0.00030869565217391307,1.5924241542816162,0.9955173172056675,0.3629480879753828,1.6159639815054834
143,0.0003108695652173913,1.572751633822918,1.0008108764886856,0.3659978602081537,1.5964278299547732
144,0.0003130434782608696,1.5833744630217552,1.0052036754786968,0.3629469368606806,1.6071080058999359
145,0.0003152173913043478,1.5443725660443306,0.9960784986615181,0.3624316845089197,1.5679184528626502
146,0.00031739130434782606,1.5551245734095573,1.0011777728796005,0.36562348529696465,1.578804363720119
147,0.00031956521739130435,1.582822285592556,1.0023554004728794,0.3665684424340725,1.6065350780263543
148,0.0003217391304347826,1.5815852731466293,0.9970533922314644,0.3653470426797867,1.6051798114180564
149,0.00032391304347826087,1.5401570722460747,0.9935744740068913,0.3639163803309202,1.5636677255295217
150,0.0003260869565217391,1.535592369735241,0.9907390922307968,0.3597671501338482,1.5590048230811953
151,0.0003282608695652174,1.5358264669775963,0.9912310503423214,0.3585210219025612,1.5592362982034684
152,0.0003304347826086956,1.5294027850031853,0.9947007484734058,0.36010346189141273,1.5528978345915676
153,0.0003326086956521739,1.5185039937496185,1.014304332435131,0.35933733731508255,1.542383453771472
154,0.00033478260869565214,1.5191534459590912,0.9974784888327122,0.35698252171278,1.5426728409528734
155,0.00033695652173913043,1.516686499118805,0.994293674826622,0.35594822466373444,1.5401318548619747
156,0.0003391304347826087,1.5020844489336014,0.9903545491397381,0.355983704328537,1.5254513769596816
157,0.00034130434782608695,1.523332491517067,0.9867875389754772,0.3583712913095951,1.5466519552096725
158,0.00034347826086956524,1.5045280531048775,0.9900689832866192,0.3589234799146652,1.5279186675697565
159,0.0003456521739130435,1.5125788748264313,0.9917553402483463,0.35688267834484577,1.5359828084148466
160,0.00034782608695652176,1.486476019024849,1.0058514773845673,0.3553499560803175,1.5101465481333434
161,0.00035,1.5025338008999825,1.0102234557271004,0.3546848800033331,1.5262851188145579
162,0.00035,1.484394647181034,1.00137759745121,0.3519521374255419,1.5079417205043137
163,0.00035,1.4799653813242912,0.9917281493544579,0.35287660360336304,1.503328710347414
164,0.00035,1.4887685626745224,0.9817347452044487,0.3513794671744108,1.5119170522503553
165,0.00035,1.48220856487751,0.9885981120169163,0.35352892614901066,1.5055158163793385
166,0.00035,1.4829489290714264,0.991832111030817,0.34631168097257614,1.5062486881017685
167,0.00035,1.4977012649178505,0.9999338909983635,0.35122584737837315,1.5212122012116014
168,0.00035,1.4825029149651527,1.006127469241619,0.3472230974584818,1.50609769532457
169,0.00035,1.4779441505670547,1.0039752535521984,0.3447475340217352,1.5014711309783162
170,0.00035,1.4768845811486244,0.9985346421599388,0.3482059668749571,1.5003373336605728
171,0.00035,1.4597323313355446,0.9904329776763916,0.3437142986804247,1.4829781338758767
172,0.00035,1.460897758603096,0.989852849394083,0.3455601055175066,1.4841504166461528
173,0.00035,1.4513579607009888,0.9961600787937641,0.34495264664292336,1.4747306887432932
174,0.00035,1.4693501144647598,0.9959488324820995,0.3452974334359169,1.492722065448761
175,0.00035,1.4419571831822395,0.9995844252407551,0.3412691131234169,1.4653615628182888
176,0.00035,1.4528653174638748,0.9929611124098301,0.34041256830096245,1.476128665395081
177,0.00035,1.4291432797908783,0.9894743300974369,0.3395251762121916,1.452328018154949
178,0.00035,1.4526480436325073,0.9991704113781452,0.3408687524497509,1.4760401393845677
179,0.00035,1.4601865336298943,1.0030851773917675,0.3423021547496319,1.483671258725226
180,0.00035,1.430980145931244,0.9971305318176746,0.33446417190134525,1.4542673982866108
181,0.00035,1.4425622895359993,0.9914719276130199,0.33653657883405685,1.4657570938766002
182,0.00035,1.4463548436760902,0.9871716760098934,0.3360917791724205,1.4694591949880123
183,0.00035,1.4191391468048096,0.9965343177318573,0.3315605167299509,1.4423854383267463
184,0.00035,1.427873656153679,0.9982524588704109,0.3364054225385189,1.4512027595564723
185,0.00035,1.4343912973999977,0.996844869107008,0.33253016509115696,1.4576534964330494
186,0.00035,1.4233476892113686,0.9950336180627346,0.3348190039396286,1.4465965516120196
187,0.00035,1.4026212394237518,1.001955270767212,0.33539552986621857,1.426014300137758
188,0.00035,1.415902391076088,0.998901791870594,0.33231104351580143,1.439203537348658
189,0.00035,1.4101655706763268,0.9885155037045479,0.33089621365070343,1.4332448428869247
190,0.00035,1.4018275514245033,0.9939148724079132,0.329994386062026,1.4250057927332818
191,0.00035,1.39784274995327,0.9936583787202835,0.32971223816275597,1.4210130399093033
192,0.00035,1.3800711706280708,0.9983108304440975,0.3271067626774311,1.403308454863727
193,0.00035,1.3914534896612167,0.9896335639059544,0.3265850432217121,1.414512011371553
194,0.00035,1.393498606979847,0.9986074343323708,0.3215736746788025,1.4166864924132823
195,0.00035,1.3921565935015678,1.0019799247384071,0.3235844075679779,1.4154320360720156
196,0.00035,1.3929008394479752,1.0030032023787498,0.32123942859470844,1.4161732977814971
197,0.00035,1.3802833780646324,1.001322504132986,0.31775055453181267,1.4034873336926101
198,0.00035,1.402361936867237,0.9880623780190945,0.320208502933383,1.4253252694569527
199,0.00035,1.3631581813097,0.9857483953237534,0.3147956784814596,1.3860211060009895
200,0.00035,1.3797399252653122,0.99055390432477,0.31263979338109493,1.4026774012856185
201,0.00035,1.3761317655444145,0.9894906654953957,0.3143265023827553,1.3990648438781499
202,0.00035,1.3584011793136597,0.996245015412569,0.30869353748857975,1.3814130149967967
203,0.00035,1.3895941823720932,1.0020349100232124,0.3103616498410702,1.412738497070968
204,0.00035,1.3805320411920547,1.003982339054346,0.3089503441005945,1.4037011914141475
205,0.00035,1.3600744158029556,0.9985927157104015,0.3089914508163929,1.3831361846253276
206,0.00035,1.367358811199665,0.9972371645271778,0.3080941569060087,1.3903844960592686
207,0.00035,1.3835733160376549,0.9895797781646252,0.3077754061669111,1.4064426656626166
208,0.00035,1.3732991591095924,0.9911076053977013,0.30959287099540234,1.3962172399275006
209,0.00035,1.3714896067976952,0.9863257110118866,0.30618426389992237,1.394277963656932
210,0.00035,1.3926389589905739,0.9940447546541691,0.3065687343478203,1.4155855414271354
211,0.00035,1.3647552356123924,0.9970607236027718,0.30716492235660553,1.387768099308014
212,0.00035,1.3594687059521675,1.0003682225942612,0.31045567989349365,1.3825806272029877
213,0.00035,1.3638207465410233,1.000875785946846,0.307441346347332,1.3869126757234334
214,0.00035,1.3614426404237747,0.9983446151018143,0.3054245039820671,1.3844637777656317
215,0.00035,1.3647122904658318,0.9995218701660633,0.307148864492774,1.3877742165140807
216,0.00035,1.3413227051496506,0.9989118687808514,0.3055479023605585,1.364356421548873
217,0.00035,1.3353458121418953,0.9904451109468937,0.3049572855234146,1.3582042872160673
218,0.00035,1.3413600325584412,0.9927000626921654,0.305618729442358,1.364270221106708
219,0.00035,1.35321556776762,0.9954475723206997,0.30158546194434166,1.3761403738334774
220,0.00035,1.3575353994965553,0.9908653981983662,0.3037818353623152,1.3803905258141458
221,0.00035,1.3416068255901337,0.9927132166922092,0.2987120747566223,1.364448210671544
222,0.00035,1.3534007743000984,0.9985364228487015,0.30067684687674046,1.3763782712258399
223,0.00035,1.3502073362469673,1.0020884722471237,0.3015352077782154,1.373264457769692
224,0.00035,1.349787175655365,1.0015332251787186,0.29513815604150295,1.3727692217193543
225,0.00035,1.3418377786874771,0.9962287619709969,0.29786515049636364,1.3647410054318607
226,0.00035,1.319954700767994,0.9891784228384495,0.3017199579626322,1.3427554688043895
227,0.00035,1.3279868364334106,0.9930540770292282,0.30034442618489265,1.3508513622358442
228,0.00035,1.338749647140503,1.0005353763699532,0.2993607819080353,1.3617539624869823
229,0.00035,1.3519078344106674,0.9988944008946419,0.30345235764980316,1.3749202460050585
230,0.00035,1.323977030813694,0.9998046047985554,0.29516400024294853,1.3469247629120946
231,0.00035,1.3285183906555176,0.9991624318063259,0.2931152433156967,1.351432791724801
232,0.00035,1.3405705317854881,0.9965706206858158,0.2936331257224083,1.3634382754564285
233,0.00035,1.318115808069706,0.9931891746819019,0.29283769614994526,1.3409079685248433
234,0.00035,1.3346076607704163,0.9928252510726452,0.2941440939903259,1.3574056067317726
235,0.00035,1.315982811152935,0.9941665939986706,0.29270342737436295,1.338793177306652
236,0.00035,1.3163272365927696,0.9943864680826664,0.29020355455577374,1.3391170014999807
237,0.00035,1.3322312980890274,0.9999625459313393,0.2913653403520584,1.3551442024111748
238,0.00035,1.2978033646941185,0.9974454753100872,0.28986159712076187,1.320650890171528
239,0.00035,1.3226077258586884,0.9996987693011761,0.28732523135840893,1.345474953558296
240,0.00035,1.3107396960258484,0.9931810460984707,0.28383869491517544,1.3334417038969695
241,0.00035,1.3189437687397003,0.9963687770068645,0.2801957502961159,1.3416731017827987
242,0.00035,1.3080402165651321,0.9960662424564362,0.28015991300344467,1.3307631405442955
243,0.00035,1.3095787391066551,0.9965460412204266,0.2807112243026495,1.33231677217409
244,0.00035,1.3022919669747353,0.9994425177574158,0.2821341399103403,1.325102158728987
245,0.00035,1.3229060992598534,0.9976992532610893,0.28343675285577774,1.345694451853633
246,0.00035,1.2895401194691658,0.9975816942751408,0.2769163139164448,1.312260916493833
247,0.00035,1.3054506853222847,0.9984571486711502,0.28400149941444397,1.3282598432898522
248,0.00035,1.3057548552751541,0.9976359158754349,0.2780775763094425,1.3284883493557573
249,0.00035,1.3267851546406746,0.9927450008690357,0.2806737683713436,1.3494467923417688
250,0.00035,1.3041751235723495,0.9888801500201225,0.2806794345378876,1.3267595209181309
251,0.00035,1.2964136600494385,0.9920962192118168,0.2826958857476711,1.3190825432911515
252,0.00035,1.3210968226194382,0.994472049176693,0.28446477465331554,1.3438309113495053
253,0.00035,1.302005097270012,0.9981093183159828,0.27648796513676643,1.3247321632876994
254,0.00035,1.2965443581342697,1.0023975931107998,0.27992177940905094,1.3193915277905763
255,0.00035,1.297516979277134,1.0091882646083832,0.27907323837280273,1.3204914769530296
256,0.00035,1.3022726997733116,1.006505060940981,0.2774291578680277,1.3251770925708115
257,0.00035,1.3012767136096954,0.9968740828335285,0.27584907971322536,1.3239726860634984
258,0.00035,1.2877223640680313,0.9929349794983864,0.27358502335846424,1.3103169138915836
259,0.00035,1.29161137342453,0.9892683438956738,0.2745817992836237,1.3141425582952797
260,0.00035,1.3053068444132805,0.9899167492985725,0.27383606880903244,1.3278435400873423
261,0.00035,1.2743410095572472,0.9898649975657463,0.2720191068947315,1.2968585005775095
262,0.00035,1.2727896198630333,0.9933848269283772,0.2710924372076988,1.295368240773678
263,0.00035,1.2767201662063599,1.0005295909941196,0.26962243020534515,1.2994269823282956
264,0.00035,1.2909384071826935,1.0050047673285007,0.27126417867839336,1.3137511443160474
265,0.00035,1.2897012904286385,1.0030018649995327,0.26877203211188316,1.312449048049748
266,0.00035,1.2831153944134712,1.003276214003563,0.2674046419560909,1.3058549651131035
267,0.00035,1.2928444892168045,1.0008549839258194,0.26706710271537304,1.3155322599224746
268,0.00035,1.2780615240335464,0.9948079697787762,0.2633882537484169,1.300591565966606
269,0.00035,1.282372385263443,0.9919937886297703,0.2667257282882929,1.3048795183189215
270,0.00035,1.2994250655174255,0.9898604936897755,0.2678768467158079,1.3219010438583791
271,0.00035,1.2850000262260437,0.989552091807127,0.26371271163225174,1.3074281951785087
272,0.00035,1.281426101922989,0.9911607801914215,0.26185594499111176,1.3038678769767285
273,0.00035,1.2786742523312569,0.9880989082157612,0.26345123164355755,1.3010707428120076
274,0.00035,1.2723554894328117,1.0066105052828789,0.2594214119017124,1.2950819136574865
275,0.00035,1.278355896472931,1.0087575390934944,0.26449926756322384,1.301176039930433
276,0.00035,1.2565827444195747,0.9990657977759838,0.2596629038453102,1.2791606894135477
277,0.00035,1.288841851055622,1.001333512365818,0.25858089700341225,1.3114543302729726
278,0.00035,1.2782815024256706,0.9964553751051426,0.2608426781371236,1.3008190367091448
279,0.00035,1.2707938849925995,0.9928407035768032,0.26019081845879555,1.2932526072487236
280,0.00035,1.2700244635343552,0.9923204705119133,0.2632039990276098,1.2925029129348695
281,0.00035,1.25870980322361,0.9910381473600864,0.2645597364753485,1.2811761635355652
282,0.00035,1.2733630686998367,0.9954438097774982,0.26261039823293686,1.295898048877716
283,0.00035,1.279966562986374,0.9978533387184143,0.26004222594201565,1.3025240520201624
284,0.00035,1.2616589665412903,0.9990505762398243,0.2585099935531616,1.2842250780016184
285,0.00035,1.280222326517105,1.0018267259001732,0.26054114010185003,1.302864272436127
286,0.00035,1.258865401148796,0.9991183169186115,0.2593364454805851,1.2814411319419743
287,0.00035,1.274541325867176,0.999357633292675,0.2568712569773197,1.2970971911028026
288,0.00035,1.2618394643068314,0.9956645593047142,0.2526010097935796,1.2842787655908614
289,0.00035,1.2504165321588516,0.990110207349062,0.25706635415554047,1.2727893998473883
290,0.00035,1.2612461596727371,0.9921455383300781,0.2528768600896001,1.2836178390402346
291,0.00035,1.2696843892335892,0.9901437386870384,0.2568803085014224,1.2920560670923442
292,0.00035,1.2686548009514809,0.9956726580858231,0.2530105086043477,1.2910983591992409
293,0.00035,1.2658572271466255,1.001694455742836,0.25084470957517624,1.288399563357234
294,0.00035,1.266310229897499,1.0011750012636185,0.24907934945076704,1.2888245234172793
295,0.00035,1.2631243243813515,1.0020354725420475,0.2516376534476876,1.2856814103666694
296,0.00035,1.2407584264874458,0.999665092676878,0.2434969637542963,1.2631866979785265
297,0.00035,1.2579253688454628,0.9961528368294239,0.25017631705850363,1.2803501887526363
298,0.00035,1.254511520266533,0.9969435781240463,0.24440790433436632,1.2768944708723575
299,0.00035,1.2487899959087372,0.9907824024558067,0.24534517712891102,1.2710590957291423
300,0.00035,1.2523748204112053,0.9939807504415512,0.24350490979850292,1.2746894845180212
301,0.00035,1.2617344036698341,0.9949936531484127,0.24864666163921356,1.2841207433491946
302,0.00035,1.2558378353714943,0.9958683028817177,0.24872182589024305,1.278242419688031
303,0.00035,1.2501336708664894,0.9975463263690472,0.2467721989378333,1.2725523193832486
304,0.00035,1.2409104034304619,0.9929746687412262,0.24959211610257626,1.2632658179663123
305,0.00035,1.2390332147479057,0.9951825365424156,0.24446617159992456,1.2613815271947533
306,0.00035,1.253840833902359,0.9987298734486103,0.24626757018268108,1.2762781070731581
307,0.00035,1.2457212284207344,0.9952277354896069,0.24675084557384253,1.268093291586265
308,0.00035,1.2475627735257149,0.9980220384895802,0.24420204665511847,1.2699652347620576
309,0.00035,1.2416970431804657,0.9969759248197079,0.2415757179260254,1.2640523188561201
310,0.00035,1.2339372709393501,0.9929636642336845,0.24389146734029055,1.2562354588974267
311,0.00035,1.2319171652197838,0.9956078864634037,0.23798482306301594,1.254209171179682
312,0.00035,1.2403642311692238,0.9948984682559967,0.23910799156874418,1.2626532804500312
313,0.00035,1.252073422074318,0.9957212992012501,0.23972781002521515,1.274385126158595
314,0.00035,1.2415264397859573,0.9946376532316208,0.2343402123078704,1.2637625949736684
315,0.00035,1.2432466000318527,0.9982881136238575,0.23290246352553368,1.2655413869395853
316,0.00035,1.2316146194934845,1.0008372068405151,0.23340178281068802,1.2539653814584015
317,0.00035,1.2245646938681602,1.001590270549059,0.23170193191617727,1.2469135185983031
318,0.00035,1.24363873898983,0.9952759854495525,0.23702142294496298,1.2659144729282708
319,0.00035,1.2509838566184044,1.0043698996305466,0.22871089167892933,1.2733583635278045
320,0.00035,1.2388727590441704,0.9928990304470062,0.23345783166587353,1.2610653179697693
321,0.00035,1.2320964187383652,0.9972748383879662,0.23099758755415678,1.254351891381666
322,0.00035,1.2608861774206161,0.9937905855476856,0.23117056023329496,1.2830736947339028
323,0.00035,1.2312371879816055,0.9967897497117519,0.2341291354969144,1.2535142743308099
324,0.00035,1.2432871013879776,0.9920786134898663,0.23820408899337053,1.2655107145477087
325,0.00035,1.244944766163826,0.989945326000452,0.23618629574775696,1.2671055356413126
326,0.00035,1.2381146401166916,0.9946021363139153,0.23059300985187292,1.2603126129414886
327,0.00035,1.2461094558238983,1.0021660923957825,0.23389233835041523,1.268491701055318
328,0.00035,1.2291572093963623,1.0079638808965683,0.23442764207720757,1.2516607634350658
329,0.00035,1.2150063216686249,1.0023360289633274,0.23056471720337868,1.237358689419925
330,0.00035,1.2301589772105217,0.999050822108984,0.23335464484989643,1.2524735401012004
331,0.00035,1.226076863706112,0.9999071359634399,0.2278540711849928,1.2483535471372307
332,0.00035,1.2275527119636536,0.9937798902392387,0.23157773166894913,1.249744087085128
333,0.00035,1.224733553826809,0.993461113423109,0.22908413596451283,1.2468936174549163
334,0.00035,1.2338776960968971,0.9899886511266232,0.22702231165021658,1.2559476922359318
335,0.00035,1.2255210727453232,0.9883073531091213,0.22809606045484543,1.247568180412054
336,0.00035,1.2315627187490463,0.9907498769462109,0.22460196167230606,1.2536237359046936
337,0.00035,1.2203949242830276,0.9967251233756542,0.222889824770391,1.2425583249982446
338,0.00035,1.222482681274414,1.0066936686635017,0.22397032100707293,1.2448562578577549
339,0.00035,1.2240492850542068,1.0089939758181572,0.2215735986828804,1.246444900557399
340,0.00035,1.2251317575573921,1.0048590265214443,0.22377217933535576,1.2474666598811746
341,0.00035,1.223158173263073,1.000548079609871,0.22329071536660194,1.2454020420089364
342,0.00035,1.225469522178173,0.9999288432300091,0.2182060880586505,1.2476501599233598
343,0.00035,1.2351431101560593,0.9886787049472332,0.21994629129767418,1.2571161471679806
344,0.00035,1.1998590603470802,0.9884624630212784,0.2170121120288968,1.2217984307277947
345,0.00035,1.2273393645882607,0.9920091032981873,0.2201278991997242,1.2493808256462215
346,0.00035,1.2142555713653564,0.9892497919499874,0.21724542323499918,1.2362130214367062
347,0.00035,1.2076684385538101,0.9972662106156349,0.2204960724338889,1.2298187234904616
348,0.00035,1.2143842428922653,1.0065620988607407,0.21759318374097347,1.2366914167068899
349,0.00035,1.2214473560452461,1.0038892850279808,0.21817969623953104,1.2437069387082011
350,0.00035,1.2082469314336777,0.9976735822856426,0.21246031392365694,1.230325006218627
351,0.00035,1.2273468375205994,0.9955275729298592,0.21283765882253647,1.2493857655674219
352,0.00035,1.2358753606677055,0.9937539026141167,0.21498857531696558,1.2579003244731575
353,0.00035,1.2099092155694962,0.9948262982070446,0.21524103172123432,1.2319581518508493
354,0.00035,1.2164220660924911,0.9929655827581882,0.21888450533151627,1.23847022280097
355,0.00035,1.2055839598178864,1.0002932995557785,0.21644049230962992,1.227754230732098
356,0.00035,1.2003350108861923,0.9935433343052864,0.22135150525718927,1.22241939262487
357,0.00035,1.2075524479150772,0.9984085075557232,0.21860714349895716,1.2297066895011812
358,0.00035,1.202833242714405,0.9989123791456223,0.22239267081022263,1.2250354170054196
359,0.00035,1.1876725926995277,0.9985359981656075,0.215827701613307,1.2098015896789729
360,0.00035,1.2132492288947105,1.0004309900105,0.2183039402589202,1.2354408880975098
361,0.00035,1.2191356271505356,0.9987555183470249,0.21710270456969738,1.241281764563173
362,0.00035,1.201670691370964,0.9979027211666107,0.21527257096022367,1.2237814715038986
363,0.00035,1.2074110731482506,0.9957740046083927,0.21394883003085852,1.229466041540727
364,0.00035,1.20493583381176,0.9994057454168797,0.21013877261430025,1.2270253364462407
365,0.00035,1.2147747501730919,0.9972349293529987,0.21206074208021164,1.236840056180954
366,0.00035,1.2053185179829597,0.997620951384306,0.21387403644621372,1.227409677375108
367,0.00035,1.2083607241511345,0.9969239272177219,0.21506833843886852,1.2304498860798776
368,0.00035,1.1890565380454063,1.002168096601963,0.20772009063512087,1.2111771008837968
369,0.00035,1.2154987379908562,0.9949451386928558,0.2128976210951805,1.2375266169756651
370,0.00035,1.215596318244934,0.9987204410135746,0.20878280699253082,1.237658555135131
371,0.00035,1.2001303285360336,0.9963684789836407,0.2081468803808093,1.2221391669195145
372,0.00035,1.1990795880556107,0.9934555776417255,0.21049076784402132,1.2210536072868854
373,0.00035,1.2094026505947113,0.9969101473689079,0.213092889636755,1.2314717824384571
374,0.00035,1.2078849598765373,0.996878445148468,0.21275891084223986,1.229950117887929
375,0.00035,1.2076114788651466,0.9988089986145496,0.20968925394117832,1.2296845513768495
376,0.00035,1.204448089003563,0.9980337098240852,0.21032152976840734,1.2265119784977287
377,0.00035,1.2054826393723488,1.0008756294846535,0.208084000274539,1.2275809919647873
378,0.00035,1.211743675172329,0.9998190328478813,0.20949181076139212,1.2338349739369006
379,0.00035,1.1989918947219849,1.003941509872675,0.20626301132142544,1.2211333550326526
380,0.00035,1.2020077928900719,1.0007151253521442,0.20481604523956776,1.2240702558495105
381,0.00035,1.182294525206089,0.9979010708630085,0.2015809826552868,1.204268356449902
382,0.00035,1.1926282495260239,0.9943333305418491,0.20002975035458803,1.2145152136404067
383,0.00035,1.1971177458763123,0.9953930489718914,0.19949296582490206,1.2190205365139992
384,0.00035,1.195069059729576,0.9965840503573418,0.20183436945080757,1.217019084431231
385,0.00035,1.197396993637085,0.9953070841729641,0.20335844531655312,1.21933671977371
386,0.00035,1.2030465230345726,1.0027392581105232,0.19851792138069868,1.22508648741059
387,0.00035,1.21868284791708,0.9997195303440094,0.20434483047574759,1.2407206868287177
388,0.00035,1.1978489756584167,1.0023786909878254,0.19712964817881584,1.2198678459599614
389,0.00035,1.198883593082428,1.0000965930521488,0.2045340109616518,1.2209308650530875
390,0.00035,1.2132450938224792,0.9903084635734558,0.20533555187284946,1.2351046186126768
391,0.00035,1.196237400174141,0.9908344075083733,0.20168596506118774,1.2180709479749203
392,0.00035,1.1989860907196999,0.9964193738996983,0.20375574752688408,1.2209520356729626
393,0.00035,1.1999091282486916,1.001227956265211,0.20311389211565256,1.2219648262951524
394,0.00035,1.1937487795948982,0.9976100921630859,0.20288323424756527,1.2157298137806356
395,0.00035,1.1883146092295647,1.0004204399883747,0.20014285296201706,1.2103244465589522
396,0.00035,1.1877126768231392,1.000309057533741,0.20140985492616892,1.2097329565230757
397,0.00035,1.197991132736206,1.0015370808541775,0.20095682423561811,1.2200314425956458
398,0.00035,1.2119636088609695,1.0007034912705421,0.20111629460006952,1.233988841632381
399,0.00035,1.1828842610120773,0.9948762804269791,0.20070494711399078,1.204788836091757
400,0.00035,1.1800011843442917,0.9923393465578556,0.1975475363433361,1.2018234466388822
401,0.00035,1.1917492896318436,0.9949326775968075,0.19488241430372,1.2135967673268169
402,0.00035,1.1845541149377823,0.9956113211810589,0.1979016112163663,1.206445357473567
403,0.00035,1.195214256644249,1.0020241364836693,0.1979342084378004,1.2172340814583005
404,0.00035,1.1822736114263535,1.004248782992363,0.19802392926067114,1.2043388263788075
405,0.00035,1.18730628490448,1.0050980262458324,0.19503657799214125,1.209358611209318
406,0.00035,1.1751335635781288,1.0029585734009743,0.19885926321148872,1.197181327678263
407,0.00035,1.1922517344355583,0.9947400242090225,0.19814318977296352,1.2141279668174683
408,0.00035,1.1907785087823868,0.9966046996414661,0.19661110546439886,1.2126767138298602
409,0.00035,1.19136493653059,0.9918952882289886,0.1972778243944049,1.2131756205391138
410,0.00035,1.186607263982296,0.9929867498576641,0.19739121943712234,1.2084409111738204
411,0.00035,1.186050422489643,0.9928694851696491,0.1958958525210619,1.2078667707182467
412,0.00035,1.1701308265328407,0.9979608468711376,0.19962007272988558,1.1920862441975624
413,0.00035,1.187564879655838,1.0060835927724838,0.1986734950914979,1.2096732864622028
414,0.00035,1.1811320036649704,1.0048905983567238,0.1963356789201498,1.2031931724213063
415,0.00035,1.187271736562252,1.0045197308063507,0.1938654249534011,1.2093007854279132
416,0.00035,1.1578234359622002,1.004232283681631,0.19106218218803406,1.179818703457713
417,0.00035,1.180272415280342,0.9995223321020603,0.19014894403517246,1.2021643513627351
418,0.00035,1.1750797182321548,0.9943626634776592,0.19212435092777014,1.1968882150109856
419,0.00035,1.1899769231677055,0.991747222840786,0.19184786640107632,1.211730346288532
420,0.00035,1.1863184720277786,0.99380312114954,0.18671173974871635,1.2080616518482565
421,0.00035,1.184433862566948,0.9935327768325806,0.18896207213401794,1.2061941388249398
422,0.00035,1.1675007119774818,0.9980154223740101,0.18697078432887793,1.1893307282682508
423,0.00035,1.18624447286129,0.9985245019197464,0.191871196962893,1.208133674869314
424,0.00035,1.1685320734977722,1.007339283823967,0.18602398689836264,1.1905390990432352
425,0.00035,1.1845706924796104,0.9995114170014858,0.19504562951624393,1.2065113771148026
426,0.00035,1.176950640976429,1.0039689913392067,0.19100911356508732,1.198940111938864
427,0.00035,1.1711512207984924,1.0060303062200546,0.18911049142479897,1.1931629318371415
428,0.00035,1.190338745713234,0.9954391866922379,0.19625594094395638,1.2122100888565182
429,0.00035,1.1696160361170769,0.9919307827949524,0.19537445530295372,1.1914083963260054
430,0.00035,1.1997493505477905,0.9923057332634926,0.19668768625706434,1.221562342075631
431,0.00035,1.1749444231390953,0.9937670193612576,0.195371700450778,1.1967734805308283
432,0.00035,1.1749398708343506,0.9980556704103947,0.19498078990727663,1.1968507921416311
433,0.00035,1.1777332425117493,0.9999095425009727,0.1927223028615117,1.199658656390384
434,0.00035,1.1704242452979088,1.0031630769371986,0.1961234537884593,1.1924487413745373
435,0.00035,1.16612009704113,1.0058761239051819,0.1929069198668003,1.1881666887179017
436,0.00035,1.1512158438563347,1.0058822482824326,0.1913850326091051,1.1732473391480744
437,0.00035,1.1638074219226837,1.002106461673975,0.19325155392289162,1.1857820666953922
438,0.00035,1.1596644520759583,0.9967046156525612,0.19174124486744404,1.181515956837684
439,0.00035,1.16238471865654,0.9965978302061558,0.18911875505000353,1.1842078628111632
440,0.00035,1.162361964583397,0.995801217854023,0.18876309413462877,1.1841656198818236
441,0.00035,1.1586861535906792,0.9956022538244724,0.18664645217359066,1.1804646631889044
442,0.00035,1.1651212275028229,0.9978421330451965,0.18556008394807577,1.1869336710032077
443,0.00035,1.1549493819475174,1.0029753595590591,0.18613594584167004,1.1768702485971152
444,0.00035,1.172726385295391,1.002516284584999,0.18419177643954754,1.1946186287514866
445,0.00035,1.1783475950360298,1.0012575574219227,0.1841619061306119,1.2002143652457744
446,0.00035,1.1777203530073166,0.9979829899966717,0.18437201250344515,1.1995237329322845
447,0.00035,1.1829246878623962,1.0016965977847576,0.18412939738482237,1.2047999137919396
448,0.00035,1.1640133634209633,1.001639410853386,0.18389801308512688,1.1858851317688823
449,0.00035,1.1648744121193886,1.0014075227081776,0.18010121025145054,1.1867035746760666
450,0.00035,1.1720600798726082,0.9984710961580276,0.18103002663701773,1.1938398020621388
451,0.00035,1.168835386633873,0.9979038648307323,0.17779787629842758,1.190571442693472
452,0.00035,1.1653543561697006,0.9963378198444843,0.18149461038410664,1.1870960586704313
453,0.00035,1.1687738373875618,0.9966995269060135,0.17790025752037764,1.1904868305008858
454,0.00035,1.1783554255962372,0.9992969371378422,0.17825150582939386,1.200123879397288
455,0.00035,1.1687060818076134,0.9990641996264458,0.17874849122017622,1.190474850712344
456,0.00035,1.1731504797935486,1.003117635846138,0.181056740693748,1.195023399917409
457,0.00035,1.1826428025960922,1.001956269145012,0.18080545589327812,1.2044899825379252
458,0.00035,1.164312221109867,1.0026469603180885,0.17506302800029516,1.1861157905962318
459,0.00035,1.1572495177388191,1.0041970685124397,0.1784242568537593,1.1791177016776053
460,0.00035,1.1516719087958336,1.0001868233084679,0.1784194866195321,1.1734598401281984
461,0.00035,1.1593921184539795,0.9981341511011124,0.1796716032549739,1.1811515175085516
462,0.00035,1.1518844440579414,0.9989133104681969,0.17795921117067337,1.1736423023790121
463,0.00035,1.1612768396735191,0.9974047057330608,0.1797761181369424,1.1830226949695497
464,0.00035,1.1472458243370056,0.997666385024786,0.1796537321060896,1.1689956893585622
465,0.00035,1.1495812982320786,0.9998912252485752,0.17846580129116774,1.1713637807499617
466,0.00035,1.1663264632225037,1.0003198012709618,0.17844063881784678,1.1881172656361014
467,0.00035,1.1570976972579956,0.9986473582684994,0.17761343717575073,1.1788467787951231
468,0.00035,1.1656081154942513,1.0008327327668667,0.17406527884304523,1.187365422938019
469,0.00035,1.1589351445436478,0.9987412355840206,0.17581415455788374,1.180668110800907
470,0.00035,1.14739690721035,0.9975691996514797,0.17523905728012323,1.1691006817761809
471,0.00035,1.1449538096785545,0.9985051825642586,0.1736888736486435,1.166660802066326
472,0.00035,1.1485306397080421,1.0008095279335976,0.17638896498829126,1.170310719916597
473,0.00035,1.1688555255532265,0.99848622828722,0.18208626005798578,1.1906461127195507
474,0.00035,1.1634884551167488,1.0029993914067745,0.17649194598197937,1.185313362404704
475,0.00035,1.1613038033246994,1.0038115344941616,0.17887015361338854,1.1831687355507166
476,0.00035,1.1502663120627403,1.0028449520468712,0.17654036171734333,1.1720886147208511
477,0.00035,1.152134321630001,1.0028599724173546,0.17494669277220964,1.1739409880060703
478,0.00035,1.1562698781490326,1.001913920044899,0.17892658524215221,1.178097422402352
479,0.00035,1.1508650183677673,0.9974725842475891,0.17826789896935225,1.1725971490424127
480,0.00035,1.1491277068853378,0.999542910605669,0.17322170455008745,1.1708507821429521
481,0.00035,1.1598917469382286,0.9969029054045677,0.17348791658878326,1.1815646842122078
482,0.00035,1.1535178422927856,0.9984222315251827,0.17353223357349634,1.1752216092590244
483,0.00035,1.1626592576503754,0.9983210600912571,0.17237870581448078,1.1843494659103453
484,0.00035,1.1508006379008293,0.9999967776238918,0.17031714506447315,1.172503744903952
485,0.00035,1.1531865522265434,1.00442710891366,0.17001586500555277,1.1749752530548723
486,0.00035,1.1578786969184875,1.0010107085108757,0.17073809914290905,1.1796062920801342
487,0.00035,1.1505472362041473,1.0012608990073204,0.17198691051453352,1.172292323289439
488,0.00035,1.1369908303022385,1.0049050487577915,0.16996176168322563,1.1587885488942264
489,0.00035,1.153677023947239,0.998101469129324,0.1750625390559435,1.1753896787203848
490,0.00035,1.1576704904437065,1.0035166144371033,0.17180268093943596,1.179458849541843
491,0.00035,1.1529990509152412,1.0000248812139034,0.17609103675931692,1.1747604589071123
492,0.00035,1.1477666199207306,0.9973285384476185,0.17036646604537964,1.1694168553501367
493,0.00035,1.15022711455822,0.999839011579752,0.17421216797083616,1.1719660164695234
494,0.00035,1.149098165333271,0.9983551688492298,0.17478826735168695,1.1708131513837725
495,0.00035,1.1322443634271622,1.0018846988677979,0.17390678822994232,1.1540211252868176
496,0.00035,1.1489021331071854,1.0016898214817047,0.17665614373981953,1.1707024909742176
497,0.00035,1.1558239832520485,1.0036351419985294,0.17591141164302826,1.1776558002084494
498,0.00035,1.1543614938855171,1.005937121808529,0.17793723940849304,1.1762596087157726
499,0.00035,1.1520073041319847,1.0039974302053452,0.17352584563195705,1.1738225111924112
500,0.00035,1.1428566947579384,1.0047415643930435,0.17776398081332445,1.1647291658539325
501,0.00035,1.1430432945489883,1.000261563807726,0.17733470350503922,1.1648218728601933
502,0.00035,1.1307874992489815,0.9981901906430721,0.1787123465910554,1.1525384265277534
503,0.00035,1.1504409089684486,0.9959895573556423,0.18139727227389812,1.1721746728383007
504,0.00035,1.1460261419415474,0.9993840456008911,0.17807505279779434,1.1677945733815431
505,0.00035,1.1359307989478111,1.000074703246355,0.17585933580994606,1.1576908863708377
506,0.00035,1.1519461870193481,1.0038723014295101,0.1730042789131403,1.1737536758370697
507,0.00035,1.147427037358284,0.9998951107263565,0.17072519846260548,1.169132191557437
508,0.00035,1.144139513373375,0.9978572465479374,0.1716338498517871,1.1658129968028517
509,0.00035,1.146009810268879,0.999448899179697,0.16943543031811714,1.167693142555654
510,0.00035,1.1450029984116554,1.0007710196077824,0.16944158170372248,1.1667128346208484
511,0.00035,1.1483136788010597,1.0000484250485897,0.1669137766584754,1.1699837850686163
512,0.00035,1.1457833349704742,1.0050236359238625,0.17035492416471243,1.1675873569305986
513,0.00035,1.1372937709093094,1.003409393131733,0.16687651444226503,1.1590307239163669
514,0.00035,1.1351127102971077,1.0004677437245846,0.1680767135694623,1.156802832307294
515,0.00035,1.1416917964816093,1.001428458839655,0.16844318341463804,1.163404797492549
516,0.00035,1.1430813893675804,1.0011451169848442,0.16856263484805822,1.164789918055758
517,0.00035,1.1344011574983597,0.9973891749978065,0.1671209316700697,1.1560201503150165
518,0.00035,1.1425035372376442,1.001002300530672,0.17031005397439003,1.1642266837880015
519,0.00035,1.1500832214951515,0.9996937960386276,0.16745362058281898,1.1717516336217522
520,0.00035,1.133613146841526,0.9972281567752361,0.16811734903603792,1.155238883467391
521,0.00035,1.144341193139553,1.001666683703661,0.1686467658728361,1.1660609944723546
522,0.00035,1.148755744099617,1.0029665008187294,0.1669233227148652,1.1704843073431401
523,0.00035,1.148794211447239,1.003526158630848,0.16810619924217463,1.1705457966122776
524,0.00035,1.140787236392498,1.0051066055893898,0.16732254438102245,1.1625625939480961
525,0.00035,1.1449298560619354,1.0011618435382843,0.1657973574474454,1.1666110665071756
526,0.00035,1.133897952735424,1.001248523592949,0.167492656968534,1.1555978497769683
527,0.00035,1.1415616795420647,0.9999085292220116,0.16982503607869148,1.163258100487292
528,0.00035,1.135258860886097,0.9986500442028046,0.1677210284397006,1.15690907205455
529,0.00035,1.1449542045593262,0.9981227144598961,0.16754146572202444,1.1665920735057442
530,0.00035,1.1327241584658623,1.0005936659872532,0.16700457595288754,1.1544060775451361
531,0.00035,1.1335835829377174,0.9991199560463428,0.16730582527816296,1.1552390403114259
532,0.00035,1.1331729963421822,1.0007164143025875,0.16828913241624832,1.1548702159523963
533,0.00035,1.1322315856814384,1.0034388713538647,0.169244640506804,1.1539928095135839
534,0.00035,1.1332182735204697,1.0025062039494514,0.17042059730738401,1.1549726035725325
535,0.00035,1.1310215294361115,1.0026517249643803,0.1720073316246271,1.1527946372516453
536,0.00035,1.131866492331028,1.0023794881999493,0.1748089799657464,1.1536621718946845
537,0.00035,1.123816803097725,1.0018977597355843,0.1724079055711627,1.1455788373481481
538,0.00035,1.1241754218935966,1.0024786554276943,0.1709286142140627,1.1459342811442912
539,0.00035,1.1365143656730652,1.001371756196022,0.17015169467777014,1.1582433177437634
540,0.00035,1.129081353545189,0.9991142265498638,0.16746145579963923,1.1507382526341827
541,0.00035,1.134943313896656,0.9975599870085716,0.16991886403411627,1.1565937022771686
542,0.00035,1.1270142793655396,0.9978307075798512,0.16596374660730362,1.1486305309832097
543,0.00035,1.1372979059815407,0.996263924986124,0.16678509581834078,1.1588910354394466
544,0.00035,1.127549223601818,1.0005573108792305,0.16160204447805882,1.1491763902641834
545,0.00035,1.1438737660646439,0.9985986687242985,0.1683784294873476,1.165529523734003
546,0.00035,1.1297309771180153,1.0004997067153454,0.16431491263210773,1.1513841203786432
547,0.00035,1.1336503326892853,1.0026101805269718,0.16433132998645306,1.1553458495996893
548,0.00035,1.11813522875309,1.0049394145607948,0.167276868596673,1.1399067857302725
549,0.00035,1.1352533921599388,1.0031593963503838,0.16864955704659224,1.1570030756574123
550,0.00035,1.1347289755940437,1.0030915178358555,0.17201757058501244,1.1565109816566108
551,0.00035,1.1478495970368385,1.004386942833662,0.1701659020036459,1.1696389949135482
552,0.00035,1.1269579082727432,1.0048027522861958,0.17245779838413,1.1487785413023084
553,0.00035,1.135214664041996,1.0010356567800045,0.17296157404780388,1.156964992918074
554,0.00035,1.1434710994362831,0.9999573938548565,0.17169724963605404,1.1651872198097408
555,0.00035,1.139170065522194,0.9975259006023407,0.17343278974294662,1.1608549114316702
556,0.00035,1.1239939704537392,0.999486543238163,0.17116412613540888,1.1456953425798564
557,0.00035,1.126095175743103,0.9988058991730213,0.17200343403965235,1.1477913280669598
558,0.00035,1.1239522770047188,0.9979869686067104,0.17092168144881725,1.1456212331913411
559,0.00035,1.1298347488045692,1.0007397383451462,0.16621580813080072,1.1515117016527803
560,0.00035,1.131075844168663,1.0031856782734394,0.1666008997708559,1.1528055667318404
561,0.00035,1.1331384032964706,1.0017722658813,0.167100477963686,1.1548448533937334
562,0.00035,1.1361350640654564,1.0031184330582619,0.16848217230290174,1.1578822544496505
563,0.00035,1.1358895003795624,1.004415012896061,0.16854676697403193,1.157663268307224
564,0.00035,1.1202821657061577,1.0039401017129421,0.16561136208474636,1.142017081361264
565,0.00035,1.1289458647370338,1.0038352943956852,0.16513570118695498,1.150673927636817
566,0.00035,1.1266672760248184,1.0023704133927822,0.16572134662419558,1.1483718977589161
567,0.00035,1.1277931705117226,1.0018123425543308,0.16476403921842575,1.1494770577549935
568,0.00035,1.12993273884058,1.0000784881412983,0.16404267866164446,1.1515747353900223
569,0.00035,1.11994768679142,0.9999540001153946,0.16181558649986982,1.1415649226587268
570,0.00035,1.1366661563515663,0.9996627867221832,0.1620304612442851,1.1582797166984529
571,0.00035,1.1298229470849037,1.001925464719534,0.1615844089537859,1.1514773004688323
572,0.00035,1.1207077130675316,1.0048713125288486,0.15611389186233282,1.1423662782367319
573,0.00035,1.1204966083168983,1.004644088447094,0.1625648895278573,1.1422151389811188
574,0.00035,1.1263832822442055,1.0054440051317215,0.16232171561568975,1.1481153795029968
575,0.00035,1.1331556662917137,1.002342414110899,0.1638228064402938,1.1548407426383347
576,0.00035,1.118643544614315,0.9993130415678024,0.164067261852324,1.1402704780641943
577,0.00035,1.134288676083088,0.9990888647735119,0.16312014404684305,1.1559016548190266
578,0.00035,1.1214266866445541,0.9980849511921406,0.16101416293531656,1.14299852729775
579,0.00035,1.1181558966636658,0.9979546181857586,0.15925579983741045,1.1397075470257552
580,0.00035,1.1219790577888489,0.9984915591776371,0.1578869828954339,1.143527758801356
581,0.00035,1.1371955499053001,0.9999607428908348,0.15945148933678865,1.1587892796564847
582,0.00035,1.1128549128770828,1.0045414716005325,0.1572493938729167,1.1345182362478226
583,0.00035,1.1121171116828918,1.0024839974939823,0.15948488097637892,1.1337616404425352
584,0.00035,1.1236316487193108,1.0060014612972736,0.1590294037014246,1.1453419719822706
585,0.00035,1.1230276077985764,1.0065584555268288,0.15985892713069916,1.14475736618042
586,0.00035,1.1222936064004898,1.006142795085907,0.16103120986372232,1.1440267744008452
587,0.00035,1.1169045343995094,1.0020317286252975,0.16443755105137825,1.1385895444825291
588,0.00035,1.1102612689137459,0.9999340921640396,0.15966431517153978,1.131856593908742
589,0.00035,1.1292522177100182,0.997113112360239,0.1589545113965869,1.1507840250711887
590,0.00035,1.1236402541399002,0.9966563954949379,0.16260641906410456,1.14519944624044
591,0.00035,1.119463987648487,1.0013725645840168,0.16261364798992872,1.1411175754200666
592,0.00035,1.1271090880036354,1.000649780035019,0.16288357134908438,1.1487509193178267
593,0.00035,1.1137988343834877,1.0090857334434986,0.1608955254778266,1.1355895043071358
594,0.00035,1.1275560185313225,1.0091270953416824,0.16075893957167864,1.1493461498338728
595,0.00035,1.1155578196048737,1.0025996677577496,0.16282101068645716,1.1372380230668933
596,0.00035,1.111188292503357,1.0068441703915596,0.16016616020351648,1.1329268375132233
597,0.00035,1.1223103404045105,1.0047986581921577,0.15987275633960962,1.14400504113175
598,0.00035,1.1302597224712372,1.0011113993823528,0.16253494564443827,1.1519072999153286
599,0.00035,1.120980016887188,1.0012747682631016,0.16405685152858496,1.1426460807677359
600,0.00035,1.129452370107174,0.9977910220623016,0.16146151721477509,1.1510228057205676
601,0.00035,1.1242622807621956,0.9990009292960167,0.16050750575959682,1.1458473744057118
602,0.00035,1.1174738481640816,1.0016098394989967,0.16273323073983192,1.1391333772614598
603,0.00035,1.1097184419631958,1.002153679728508,0.1609264248982072,1.131370779806748
604,0.00035,1.1127793714404106,1.0049865692853928,0.15857775881886482,1.1344648804143072
605,0.00035,1.1198488995432854,1.0054500475525856,0.15913019515573978,1.1415492024458944
606,0.00035,1.1171135902404785,1.0034789852797985,0.16122026275843382,1.1387953725736588
607,0.00035,1.098577119410038,1.0027449652552605,0.16165112890303135,1.1202485300041736
608,0.00035,1.1167362853884697,1.0006237216293812,0.16357719339430332,1.1383845317550003
609,0.00035,1.112572506070137,1.0023319497704506,0.16385473031550646,1.134257692368701
610,0.00035,1.1297050938010216,0.9981009662151337,0.16184211149811745,1.1512855342403054
611,0.00035,1.1229421570897102,0.9983544945716858,0.1610491406172514,1.1445197383873165
612,0.00035,1.1131866797804832,1.0020290650427341,0.1595050124451518,1.1348223112057894
613,0.00035,1.112317606806755,1.002060666680336,0.15594202931970358,1.1339182404335588
614,0.00035,1.1117414832115173,1.0046686120331287,0.15683962684124708,1.1334032517205925
615,0.00035,1.1162692829966545,1.0064686015248299,0.15891500376164913,1.1379878050647676
616,0.00035,1.1119476854801178,1.0044586062431335,0.16127587109804153,1.1336496163159608
617,0.00035,1.122091919183731,1.0016622468829155,0.16291665378957987,1.1437543306592852
618,0.00035,1.1276117414236069,1.0018008649349213,0.16674386523663998,1.1493151973746716
619,0.00035,1.097793959081173,1.005599234253168,0.160068079829216,1.1195066245645284
620,0.00035,1.119974933564663,1.0024647749960423,0.16573137510567904,1.1416815428156404
621,0.00035,1.116446629166603,1.0022487714886665,0.16258770693093538,1.1381174816656858
622,0.00035,1.1157650798559189,0.999477207660675,0.16184979677200317,1.1373731219768524
623,0.00035,1.1062580421566963,1.0003060661256313,0.16226757410913706,1.1278868392203003
624,0.00035,1.1055250987410545,1.0011389926075935,0.16131524369120598,1.1271610310301186
625,0.00035,1.10249862074852,1.0035719387233257,0.15689819678664207,1.1241390414908528
626,0.00035,1.1120583340525627,1.0016908384859562,0.16023030690848827,1.1336944538913667
627,0.00035,1.1027478873729706,1.0003255605697632,0.16023323871195316,1.1243567309714853
628,0.00035,1.0957551300525665,1.0040727257728577,0.15768410451710224,1.1174134256131947
629,0.00035,1.0914363861083984,1.0056685134768486,0.16088388487696648,1.1131585952267051
630,0.00035,1.1097878143191338,1.0038637332618237,0.1620406499132514,1.1314854954835027
631,0.00035,1.113433837890625,1.0055309273302555,0.16244592610746622,1.1351689156983047
632,0.00035,1.1154677718877792,1.0040720328688622,0.16172586008906364,1.1371664711460472
633,0.00035,1.1150795742869377,1.0035734623670578,0.166412522085011,1.136815168755129
634,0.00035,1.1067895293235779,1.002874318510294,0.16107565630227327,1.1284577722568065
635,0.00035,1.1159971207380295,1.0009876228868961,0.1616443758830428,1.1376333169545978
636,0.00035,1.1076017990708351,1.0011745542287827,0.16259129997342825,1.129251203155145
637,0.00035,1.10520551353693,1.000384133309126,0.16026029828935862,1.1268157991860062
638,0.00035,1.1155955269932747,0.9994913712143898,0.16084543522447348,1.1371938087698072
639,0.00035,1.1152984723448753,1.0001729056239128,0.15773784834891558,1.1368793089408427
640,0.00035,1.100734882056713,1.0022861510515213,0.160129071213305,1.1223818957898766
641,0.00035,1.107925646007061,1.0028794407844543,0.15903858933597803,1.1295736207161098
642,0.00035,1.1062290146946907,1.0037001557648182,0.16075187642127275,1.1279105365742
643,0.00035,1.091895915567875,1.0036476776003838,0.1576539110392332,1.113545408230275
644,0.00035,1.094367839396,1.003824595361948,0.15392579324543476,1.115983589235693
645,0.00035,1.104829765856266,1.0025779344141483,0.15486854128539562,1.126430009957403
646,0.00035,1.0984472408890724,1.0057218112051487,0.1579623157158494,1.120141300270334
647,0.00035,1.1039605736732483,1.004618838429451,0.15422267839312553,1.1255951772257686
648,0.00035,1.0980426892638206,1.0051878243684769,0.15463460888713598,1.1196927918400617
649,0.00035,1.1025936305522919,1.0015725381672382,0.15259934775531292,1.1241510747931898
650,0.00035,1.1039851680397987,1.0024451054632664,0.15616540890187025,1.1255957242380827
651,0.00035,1.1073304265737534,1.0031956546008587,0.1580509077757597,1.1289748487435283
652,0.00035,1.104714423418045,1.001223098486662,0.15535127185285091,1.1262923981063067
653,0.00035,1.107732243835926,1.0033821165561676,0.15602083783596754,1.1293600945454092
654,0.00035,1.0988001227378845,1.0060389786958694,0.15737473219633102,1.120494649633765
655,0.00035,1.1031260266900063,1.0039788410067558,0.1583377392962575,1.124788980903104
656,0.00035,1.1008710414171219,1.0045815706253052,0.16070905420929193,1.1225697633717209
657,0.00035,1.1116980090737343,1.0043321028351784,0.15937858540564775,1.1333784369844944
658,0.00035,1.0996314883232117,1.004087008535862,0.15777380298823118,1.121290966523811
659,0.00035,1.1093856170773506,1.0022352747619152,0.15917330421507359,1.1310220556147397
660,0.00035,1.0976060703396797,1.0028907097876072,0.15705599915236235,1.1192344445269555
661,0.00035,1.0987043157219887,0.9997789114713669,0.15945034846663475,1.1202943974360824
662,0.00035,1.1050072759389877,1.0011184439063072,0.15739548951387405,1.1266035997122528
663,0.00035,1.0918000563979149,1.0023327246308327,0.1583443684503436,1.113430154575035
664,0.00035,1.1031435802578926,1.0001594424247742,0.15876994468271732,1.1247344685532152
665,0.00035,1.0978130623698235,1.001897867769003,0.16074264980852604,1.1194584462232888
666,0.00035,1.090736836194992,1.0051298663020134,0.16032977867871523,1.1124427313078196
667,0.00035,1.1056319251656532,1.0034952834248543,0.15999815054237843,1.127301812339574
668,0.00035,1.1041075438261032,1.0055543035268784,0.15917810145765543,1.1258104109112173
669,0.00035,1.0967720299959183,1.004717130213976,0.15941211115568876,1.1184604937117546
670,0.00035,1.0929612889885902,1.0030371733009815,0.15836657490581274,1.114605698203668
671,0.00035,1.1039527133107185,1.0017238520085812,0.15956607554107904,1.125582851106301
672,0.00035,1.0966406613588333,1.0033245012164116,0.15659283380955458,1.118273079721257
673,0.00035,1.1006144508719444,1.0030884183943272,0.1608525514602661,1.1222847447544335
674,0.00035,1.0854491516947746,1.0056060403585434,0.15853998810052872,1.1071466723829508
675,0.00035,1.0934427231550217,1.0035092942416668,0.16003565676510334,1.115113265607506
676,0.00035,1.09209755808115,1.00648982077837,0.15899900067597628,1.1138173445034771
677,0.00035,1.1032156571745872,1.0038958936929703,0.15872059389948845,1.1248807809874417
678,0.00035,1.1028439551591873,1.0038293078541756,0.16308937221765518,1.1245514350384473
679,0.00035,1.101985551416874,1.0032470300793648,0.16104705538600683,1.1236609625723213
680,0.00035,1.103967234492302,1.0033966973423958,0.15842012036591768,1.125619369642809
681,0.00035,1.0779152736067772,1.0035151802003384,0.15798929892480373,1.0995654702000321
682,0.00035,1.1033378541469574,1.003840483725071,0.1569218346849084,1.1249838821683078
683,0.00035,1.094920702278614,1.0017305724322796,0.15819998644292355,1.116537313591689
684,0.00035,1.098085068166256,1.0046074986457825,0.1594884069636464,1.119772102208808
685,0.00035,1.0947378501296043,1.0022694505751133,0.1562359519302845,1.1163455986604094
686,0.00035,1.092306338250637,1.004228726029396,0.15668374206870794,1.113957750191912
687,0.00035,1.0805753841996193,1.007836353033781,0.15479537658393383,1.1022800650261344
688,0.00035,1.094462364912033,1.004182931035757,0.15700448397547007,1.1161160683725029
689,0.00035,1.0895257070660591,1.0052813962101936,0.15596413984894753,1.1111909763887524
690,0.00035,1.0917968302965164,1.004345789551735,0.15514587424695492,1.1134352048300207
691,0.00035,1.102637805044651,1.002125196158886,0.15499488543719053,1.1242302578222008
692,0.00035,1.0982529446482658,1.0029336884617805,0.15371285285800695,1.1198487469460816
693,0.00035,1.0858627706766129,1.0023792646825314,0.1545462068170309,1.1074558180384337
694,0.00035,1.0932200998067856,1.0024452023208141,0.1595854191109538,1.1148648580443115
695,0.00035,1.090938188135624,1.0026110857725143,0.15566347260028124,1.1125470445770769
696,0.00035,1.083757445216179,1.0053135082125664,0.1523938113823533,1.1053876534942537
697,0.00035,1.089118205010891,1.0046935230493546,0.15506194811314344,1.1107626949530094
698,0.00035,1.0837816074490547,1.0029796212911606,0.15228572022169828,1.1053640570770948
699,0.00035,1.0935840457677841,1.0030671581625938,0.1573593346402049,1.115218982277438
700,0.00035,1.0962613821029663,1.003406710922718,0.1582490522414446,1.117912006843835
701,0.00035,1.0910522788763046,1.0028758682310581,0.15619090851396322,1.1126717053260653
702,0.00035,1.0807364508509636,1.004011195152998,0.155069749802351,1.102367372252047
703,0.00035,1.093740627169609,1.0023126378655434,0.15371159557253122,1.1153239958826453
704,0.00035,1.0700432509183884,1.0077665075659752,0.15399459190666676,1.0917385269887745
705,0.00035,1.0878343060612679,1.0054401829838753,0.1548143969848752,1.1094912536907942
706,0.00035,1.0854228511452675,1.008127085864544,0.15333474334329367,1.1071187402959912
707,0.00035,1.0911965891718864,1.0104973763227463,0.15621370915323496,1.1129686737898739
708,0.00035,1.0893888622522354,1.0063518956303596,0.15513139870017767,1.1110672141518445
709,0.00035,1.0928438231348991,1.0022293664515018,0.15379012562334538,1.1144263117201627
710,0.00035,1.0948673337697983,1.0006993152201176,0.15767375007271767,1.1164580575749279
711,0.00035,1.1057159677147865,1.0020895972847939,0.15848837327212095,1.1273426433932037
712,0.00035,1.0847542136907578,1.0059243217110634,0.1580432914197445,1.1064531330391765
713,0.00035,1.0951951295137405,1.0060809254646301,0.1581766800954938,1.116898514823988
714,0.00035,1.084365226328373,1.004419732838869,0.15741719584912062,1.1060277929436415
715,0.00035,1.0794231593608856,1.0029881708323956,0.1571393944323063,1.1010543167218567
716,0.00035,1.074315957725048,1.0023875460028648,0.1597014768049121,1.0959607234131545
717,0.00035,1.0889717489480972,1.002181500196457,0.15868133772164583,1.1106021923292428
718,0.00035,1.0948822721838951,1.0020351074635983,0.15858667809516191,1.1165088411141186
719,0.00035,1.0862869918346405,1.004453755915165,0.15786991268396378,1.1079547660797835
720,0.00035,1.0899199321866035,1.0022847652435303,0.1558102872222662,1.111523730363697
721,0.00035,1.083050549030304,1.0084902346134186,0.15930522792041302,1.1048134060017765
722,0.00035,1.087563157081604,1.0050975009799004,0.15877920482307673,1.1092528991494328
723,0.00035,1.0793623998761177,1.0056334137916565,0.1585753122344613,1.1010608212742954
724,0.00035,1.0737184956669807,1.008938506245613,0.15755272284150124,1.095472793020308
725,0.00035,1.0871789157390594,1.004948116838932,0.1573158474639058,1.1088510365504771
726,0.00035,1.0907330811023712,1.0056696757674217,0.1578469630330801,1.1124249442480503
727,0.00035,1.0907332450151443,1.0032731518149376,0.15894485265016556,1.1123881565779448
728,0.00035,1.0843638107180595,1.0044103302061558,0.15594863332808018,1.1060115036554634
729,0.00035,1.0808520168066025,1.003713347017765,0.1553190927952528,1.1024794746749103
730,0.00035,1.077618047595024,1.0057169869542122,0.15549025777727365,1.099287289911881
731,0.00035,1.0863868594169617,1.005040556192398,0.15430645272135735,1.1080307350680232
732,0.00035,1.0888919830322266,1.0066204443573952,0.15197197813540697,1.1105441117007286
733,0.00035,1.082004889845848,1.005172036588192,0.1518611265346408,1.1036269418429583
734,0.00035,1.0848002061247826,1.0063087195158005,0.15086160227656364,1.1064349965378641
735,0.00035,1.078377328813076,1.002469714730978,0.15545496065169573,1.0999812727142126
736,0.00035,1.0788400173187256,1.0025396794080734,0.152618202380836,1.1004169929306955
737,0.00035,1.0905633121728897,1.003054454922676,0.15208477899432182,1.1121452490612866
738,0.00035,1.0788782313466072,1.0032600872218609,0.15381979197263718,1.1004816310107708
739,0.00035,1.0791953206062317,1.0037268176674843,0.1531682126224041,1.1008015390858055
740,0.00035,1.084496147930622,1.0031052194535732,0.15439970325678587,1.1061022493522614
741,0.00035,1.0888992697000504,1.0027174018323421,0.15342737082391977,1.1104878914449363
742,0.00035,1.0839888490736485,1.0021362341940403,0.15275611076503992,1.1055591348651796
743,0.00035,1.0881179347634315,1.0017289370298386,0.15520753245800734,1.1097045888286083
744,0.00035,1.0776248127222061,1.0045714750885963,0.15667141042649746,1.0992829563282431
745,0.00035,1.082025371491909,1.004153959453106,0.15551346726715565,1.1036635853536427
746,0.00035,1.0869589149951935,1.0053088143467903,0.1519545204937458,1.1085846364870668
747,0.00035,1.1016536131501198,1.0076298266649246,0.15281139872968197,1.1233343236707152
748,0.00035,1.0798147693276405,1.0068035200238228,0.15263440925627947,1.1014771838206798
749,0.00035,1.0900205001235008,1.0052829533815384,0.15232193376868963,1.1116493785288184
750,0.00035,1.084414266049862,1.0068474039435387,0.15021544508635998,1.1060533685795961
751,0.00035,1.0761929005384445,1.0061756446957588,0.14867879636585712,1.0978032013960184
752,0.00035,1.0701320469379425,1.0095777586102486,0.15369556937366724,1.091860557803884
753,0.00035,1.0590278431773186,1.0082122161984444,0.15456193126738071,1.0807377068139612
754,0.00035,1.0881207138299942,1.0038245171308517,0.1550191417336464,1.1097473955899475
755,0.00035,1.0805618092417717,1.003236562013626,0.15835604537278414,1.1022101009357719
756,0.00035,1.078747421503067,1.003752488642931,0.1537163145840168,1.1003596344217657
757,0.00035,1.0695319175720215,1.0024111606180668,0.1555355191230774,1.0911354959756137
758,0.00035,1.0630407184362411,1.0034512542188168,0.15517151355743408,1.0846614586561918
759,0.00035,1.0740076452493668,1.0026332698762417,0.15552865993231535,1.0956155972462147
760,0.00035,1.0763281434774399,1.0033134743571281,0.15152342896908522,1.0979096472542733
761,0.00035,1.0861728191375732,1.005230687558651,0.153891297057271,1.107816345859319
762,0.00035,1.0779205411672592,1.0099693164229393,0.1527936700731516,1.0996478641964496
763,0.00035,1.0776909291744232,1.0078698247671127,0.1506412448361516,1.099354738118127
764,0.00035,1.0795492008328438,1.008627139031887,0.15130791161209345,1.1012348227296025
765,0.00035,1.0664838701486588,1.009988233447075,0.15024005714803934,1.0881860353890807
766,0.00035,1.0795602202415466,1.0070673301815987,0.15051016584038734,1.1012066685035824
767,0.00035,1.0854041799902916,1.0082179233431816,0.15115557704120874,1.1070800942275674
768,0.00035,1.0819098502397537,1.0046938732266426,0.14938495215028524,1.1034975772257896
769,0.00035,1.0786955952644348,1.0069790184497833,0.15387828182429075,1.1003739584516734
770,0.00035,1.0810488983988762,1.0058226063847542,0.1544345710426569,1.1027096962369978
771,0.00035,1.0664778724312782,1.0025286711752415,0.15424290299415588,1.0880708748847245
772,0.00035,1.071890376508236,1.0024023093283176,0.15241602528840303,1.0934625829476863
773,0.00035,1.0757572203874588,1.0038044452667236,0.1563370656222105,1.0973966799490154
774,0.00035,1.0683914944529533,1.0041413642466068,0.15547119174152613,1.0900290336553007
775,0.00035,1.0931796357035637,1.0014972314238548,0.15689322631806135,1.1147785125952214
776,0.00035,1.0686610639095306,1.0040450766682625,0.1575776943936944,1.0903177423868327
777,0.00035,1.0818710029125214,1.0059874504804611,0.15521483588963747,1.1035429002810269
778,0.00035,1.0604467168450356,1.0102281123399734,0.15352947916835546,1.0821865738835186
779,0.00035,1.0691007524728775,1.0063285939395428,0.15369837451726198,1.090764308096841
780,0.00035,1.0763930976390839,1.004974588751793,0.15457784663885832,1.0980383678805083
781,0.00035,1.0743989422917366,1.008719116449356,0.15509836841374636,1.096124308304861
782,0.00035,1.0806097611784935,1.004181630909443,0.15603646356612444,1.1022537584323435
783,0.00035,1.0886045545339584,1.0055149495601654,0.15410130843520164,1.1102558666095137
784,0.00035,1.0651544034481049,1.0080848038196564,0.15590658970177174,1.0868751654215156
785,0.00035,1.0740570351481438,1.0060042142868042,0.15629862435162067,1.095740105677396
786,0.00035,1.0799642726778984,1.003812700510025,0.1562182204797864,1.1016027088928966
787,0.00035,1.0754448100924492,1.0041918084025383,0.15473128855228424,1.0970759591460228
788,0.00035,1.058278076350689,1.0063470751047134,0.1546927783638239,1.0799519456364215
789,0.00035,1.067086935043335,1.0070036128163338,0.155575567856431,1.088782762978226
790,0.00035,1.071579970419407,1.0068653002381325,0.1537261540070176,1.0932545379642398
791,0.00035,1.0808640271425247,1.0073349326848984,0.15299479104578495,1.1025406737066805
792,0.00035,1.064993217587471,1.0097227096557617,0.14863206259906292,1.0866739924065767
793,0.00035,1.0637065097689629,1.0076798386871815,0.14916554559022188,1.0853517619986086
794,0.00035,1.071859709918499,1.008299559354782,0.14686865452677011,1.0934943876508625
795,0.00035,1.0678322464227676,1.0090638846158981,0.14525643829256296,1.0894660884980114
796,0.00035,1.0667400285601616,1.0069042406976223,0.1432745661586523,1.0883108590357007
797,0.00035,1.06559419631958,1.0080129206180573,0.14387807343155146,1.0871932354662568
798,0.00035,1.0751664265990257,1.0047254040837288,0.1460436936467886,1.0967213716171682
799,0.00035,1.0729072093963623,1.0037538334727287,0.1449506701901555,1.0944317927677185
800,0.00035,1.0688571706414223,1.003526896238327,0.14713294617831707,1.090399038027972
801,0.00035,1.0659341588616371,1.0059244483709335,0.14768882375210524,1.0875295360665769
802,0.00035,1.0736255943775177,1.0052078291773796,0.14978414215147495,1.09522759238258
803,0.00035,1.0757376700639725,1.0069714188575745,0.1496795117855072,1.097373893558979
804,0.00035,1.0657522901892662,1.0045015439391136,0.15031034033745527,1.0873454244714231
805,0.00035,1.083408161997795,1.0062670335173607,0.1507167024537921,1.1050406696926802
806,0.00035,1.071434035897255,1.0035568289458752,0.1482196794822812,1.0929873692709953
807,0.00035,1.0618107356131077,1.006676085293293,0.14910309296101332,1.0834352882485836
808,0.00035,1.0687486082315445,1.0071003139019012,0.14803014509379864,1.0903709159605204
809,0.00035,1.0711512491106987,1.005701906979084,0.14694905653595924,1.09273477781564
810,0.00035,1.0693048313260078,1.0059879086911678,0.14726458117365837,1.0908972353115678
811,0.00035,1.072486862540245,1.0042515844106674,0.15041701216250658,1.0940760643500833
812,0.00035,1.057170294225216,1.0057357922196388,0.1468983916565776,1.0787539939861746
813,0.00035,1.0615801438689232,1.005225621163845,0.1488986685872078,1.083173642978072
814,0.00035,1.0489799305796623,1.0085247829556465,0.1504371091723442,1.0706547973304987
815,0.00035,1.0492334961891174,1.0097587406635284,0.1507366457954049,1.070936037460342
816,0.00035,1.0637936666607857,1.0063877329230309,0.15017225313931704,1.0854231438506394
817,0.00035,1.0588411316275597,1.0076976120471954,0.15094600338488817,1.0805045439023524
818,0.00035,1.0604773685336113,1.0063525810837746,0.15068006049841642,1.0821112207602708
819,0.00035,1.0591800585389137,1.0054747238755226,0.14928583335131407,1.0807824113499374
820,0.00035,1.067720614373684,1.0067345798015594,0.1518328357487917,1.0893736343272031
821,0.00035,1.0586562156677246,1.008271299302578,0.14962909929454327,1.0803179326467216
822,0.00035,1.076281689107418,1.0053515061736107,0.14817253034561872,1.0978704445343466
823,0.00035,1.0663791745901108,1.0061775669455528,0.15026300586760044,1.0880053559876979
824,0.00035,1.0565794706344604,1.0088427625596523,0.14811080135405064,1.0782374338991938
825,0.00035,1.068282037973404,1.0101467221975327,0.15040723606944084,1.0899890447780491
826,0.00035,1.074958175420761,1.00606207549572,0.14857195504009724,1.0965651364810765
827,0.00035,1.0648138299584389,1.008614256978035,0.1460790392011404,1.086446905490011
828,0.00035,1.0554485991597176,1.0066344738006592,0.1514154328033328,1.077095442963764
829,0.00035,1.0622037053108215,1.0078185051679611,0.15074247401207685,1.0838675001543014
830,0.00035,1.0645183101296425,1.007140688598156,0.14889247063547373,1.0861500486079603
831,0.00035,1.0635576844215393,1.0070606544613838,0.14974222518503666,1.0851963197626175
832,0.00035,1.0649532452225685,1.0047724470496178,0.14872984308749437,1.0865359925944358
833,0.00035,1.0569820180535316,1.0078014060854912,0.14900707639753819,1.078628116939217
834,0.00035,1.0513528436422348,1.0096629112958908,0.15049022901803255,1.073051004158333
835,0.00035,1.0587088093161583,1.0089181885123253,0.15136233624070883,1.0804007964488118
836,0.00035,1.0677309706807137,1.0077519938349724,0.15214823000133038,1.0894074928574264
837,0.00035,1.0618428364396095,1.007325030863285,0.15080731641501188,1.0834974102210253
838,0.00035,1.0587734133005142,1.0101297572255135,0.1536670858040452,1.0805126793030648
839,0.00035,1.058793067932129,1.0102454200387,0.15161912329494953,1.0805141675658525
840,0.00035,1.04438978433609,1.0093098059296608,0.1492118937894702,1.066068099392578
841,0.00035,1.0621711686253548,1.0067349895834923,0.14866383001208305,1.0837925067171454
842,0.00035,1.0622140765190125,1.0061580166220665,0.14912194479256868,1.0838284562993796
843,0.00035,1.059329241514206,1.0056760348379612,0.1470367405563593,1.0809131296165289
844,0.00035,1.0629884004592896,1.004269141703844,0.14934007823467255,1.0845671840757132
845,0.00035,1.0481458567082882,1.0040097013115883,0.1495395265519619,1.0697214460000397
846,0.00035,1.067467600107193,1.0051903948187828,0.1483709802851081,1.0890551178064196
847,0.00035,1.0443229600787163,1.009029421955347,0.14782948419451714,1.0659818433597683
848,0.00035,1.0553227066993713,1.011001080274582,0.1465493505820632,1.0770082218106838
849,0.00035,1.0698723196983337,1.0060098245739937,0.14781510271131992,1.0914706672169268
850,0.00035,1.0511256530880928,1.0097789093852043,0.14479728695005178,1.0727692041452974
851,0.00035,1.056355468928814,1.0108851045370102,0.1453669834882021,1.078026840854436
852,0.00035,1.0572033151984215,1.0122873932123184,0.14375477004796267,1.0788866107631474
853,0.00035,1.045966126024723,1.01280015707016,0.1464870348572731,1.067686999514699
854,0.00035,1.0592777580022812,1.0075865164399147,0.1463414654135704,1.0808929029852152
855,0.00035,1.0555408522486687,1.0084413141012192,0.14574439078569412,1.07716712243855
856,0.00035,1.0562750101089478,1.0066012740135193,0.14478057995438576,1.077854841388762
857,0.00035,1.0562170669436455,1.0042749047279358,0.14851434342563152,1.0777877084724603
858,0.00035,1.0591376945376396,1.0061925649642944,0.14759028889238834,1.0807374487258494
859,0.00035,1.0549490004777908,1.0086049661040306,0.1469407184049487,1.076590506983921
860,0.00035,1.0528993271291256,1.0068584010004997,0.1446492336690426,1.074482987485826
861,0.00035,1.0530483350157738,1.0083485841751099,0.14567141141742468,1.0746720208134501
862,0.00035,1.052767276763916,1.010686218738556,0.14839596301317215,1.0744649607688188
863,0.00035,1.0492575615644455,1.0098388642072678,0.14664487168192863,1.07092078756541
864,0.00035,1.0499974861741066,1.0074060186743736,0.14381149597465992,1.0715837215073407
865,0.00035,1.0717352256178856,1.008626528084278,0.14587262365967035,1.0933664824161677
866,0.00035,1.0593368634581566,1.0066137537360191,0.14489763882011175,1.080918114921078
867,0.00035,1.062802828848362,1.0108284279704094,0.1473833341151476,1.0844932307489217
868,0.00035,1.0619277730584145,1.0094295740127563,0.1469746408984065,1.0835861109476537
869,0.00035,1.0497248396277428,1.0075005814433098,0.14639535266906023,1.0713388047832997
870,0.00035,1.056103140115738,1.0074266716837883,0.1478843167424202,1.0777305167168378
871,0.00035,1.0646036639809608,1.0066227912902832,0.14867595117539167,1.0862228793185202
872,0.00035,1.0424913987517357,1.0072056874632835,0.14760061167180538,1.0641115186177195
873,0.00035,1.0583870857954025,1.0064123421907425,0.14796333480626345,1.07999496598728
874,0.00035,1.0530238598585129,1.0078062564134598,0.15013834834098816,1.074681368470192
875,0.00035,1.0611196756362915,1.0087258219718933,0.15056531317532063,1.0827998452074825
876,0.00035,1.0504710339009762,1.0122550427913666,0.14928745571523905,1.0722090093139558
877,0.00035,1.060053013265133,1.013426087796688,0.14719764050096273,1.0817935114260764
878,0.00035,1.0577784292399883,1.0084576234221458,0.14705286640673876,1.0794181103724987
879,0.00035,1.0588215813040733,1.0113193094730377,0.14946495555341244,1.0805426170490682
880,0.00035,1.0553710795938969,1.0096523389220238,0.14969729725271463,1.0770610993448646
881,0.00035,1.0455757603049278,1.011996179819107,0.150859578512609,1.0673242796864362
882,0.00035,1.04934062063694,1.0099163576960564,0.14800459146499634,1.0710189937055112
883,0.00035,1.0480114296078682,1.0084738954901695,0.1485088225454092,1.0696659957431256
884,0.00035,1.0614297911524773,1.0057021006941795,0.1490834429860115,1.083034667596221
885,0.00035,1.053239531815052,1.007152944803238,0.14875335339456797,1.0748701242450625
886,0.00035,1.051297016441822,1.008013755083084,0.14682866726070642,1.0729255782160907
887,0.00035,1.048487737774849,1.0058778077363968,0.1484239837154746,1.0700895337667318
888,0.00035,1.0653383880853653,1.009630873799324,0.15344599355012178,1.087065465496853
889,0.00035,1.057435892522335,1.00944372266531,0.15011614467948675,1.0791259284224362
890,0.00035,1.0630786195397377,1.0064364895224571,0.14806305337697268,1.0846879798639566
891,0.00035,1.0508533976972103,1.0089044570922852,0.14725494384765625,1.0725040362775327
892,0.00035,1.0585878789424896,1.0095556154847145,0.1460230341181159,1.0802392215933652
893,0.00035,1.0498136952519417,1.0097497999668121,0.14759705774486065,1.0714846618287264
894,0.00035,1.0545861646533012,1.0108242258429527,0.14670897088944912,1.0762697388790547
895,0.00035,1.0472215674817562,1.0086585618555546,0.14486645720899105,1.0688434032909573
896,0.00035,1.0451724007725716,1.0110263973474503,0.14803295116871595,1.0668732582312077
897,0.00035,1.061814785003662,1.0085800811648369,0.14828879106789827,1.0834692745376377
898,0.00035,1.057830274105072,1.008832536637783,0.146283027715981,1.0794697551149874
899,0.00035,1.0432443916797638,1.010603405535221,0.14541602414101362,1.0649106200318785
900,0.00035,1.0396022759377956,1.01223224401474,0.14394121430814266,1.061286332961172
901,0.00035,1.0613978058099747,1.009339563548565,0.14379134215414524,1.0830225105024873
902,0.00035,1.0504876002669334,1.0078689008951187,0.14401970710605383,1.0720851753558962
903,0.00035,1.045217402279377,1.0125216394662857,0.1435668207705021,1.0669035032764078
904,0.00035,1.0493415333330631,1.010649248957634,0.1433359757065773,1.0709878780692814
905,0.00035,1.041094109416008,1.009628064930439,0.14307726081460714,1.0627174433227629
906,0.00035,1.0601006671786308,1.0055003389716148,0.14386759977787733,1.0816493499558417
907,0.00035,1.0571925044059753,1.0066199749708176,0.14434058126062155,1.0787683097179979
908,0.00035,1.0484486259520054,1.0063745900988579,0.1429821290075779,1.0700059390440584
909,0.00035,1.042351819574833,1.005779579281807,0.14536802470684052,1.0639210914075374
910,0.00035,1.0384711995720863,1.0081018805503845,0.1453120969235897,1.0600863581523299
911,0.00035,1.0392990931868553,1.0099151358008385,0.14631834905594587,1.0609605793934316
912,0.00035,1.0531435385346413,1.0080478340387344,0.14384712930768728,1.0747429665084929
913,0.00035,1.0486113727092743,1.0104661211371422,0.14559284783899784,1.070276623610407
914,0.00035,1.0531194433569908,1.0127100050449371,0.14681439846754074,1.0748417874425649
915,0.00035,1.0507776848971844,1.0123195052146912,0.14583939500153065,1.0724824689514934
916,0.00035,1.044749230146408,1.0103929936885834,0.1479039927944541,1.0664361299481242
917,0.00035,1.04013317450881,1.009247712790966,0.14697516523301601,1.0617878804169594
918,0.00035,1.032282568514347,1.0095876827836037,0.14587342273443937,1.0539330563973637
919,0.00035,1.0391497798264027,1.010251708328724,0.1480646003037691,1.0608354599960148
920,0.00035,1.0364601202309132,1.0092943906784058,0.14538557268679142,1.0580998637713492
921,0.00035,1.0457375794649124,1.0105730444192886,0.14688375499099493,1.0674178779032082
922,0.00035,1.0465813279151917,1.0113384425640106,0.14517023973166943,1.0682597991637885
923,0.00035,1.0435651801526546,1.0091933086514473,0.14552427362650633,1.0652042890619486
924,0.00035,1.0463993474841118,1.0103716924786568,0.14505902957171202,1.0680573716294022
925,0.00035,1.0624857395887375,1.0097493678331375,0.14476242382079363,1.0841283511836082
926,0.00035,1.03562306240201,1.0106464177370071,0.1444239830598235,1.0572802305873483
927,0.00035,1.046131543815136,1.00868259370327,0.14404352940618992,1.0677456309832631
928,0.00035,1.0467161647975445,1.0094106122851372,0.1465102406218648,1.0683694794494658
929,0.00035,1.0419317446649075,1.00824523717165,0.14550955966114998,1.0635517450049519
930,0.00035,1.0421173796057701,1.0075393095612526,0.14465102925896645,1.0637146760895848
931,0.00035,1.0475555211305618,1.0100709423422813,0.14810366835445166,1.0692379766609519
932,0.00035,1.0459600649774075,1.0080095455050468,0.14940994419157505,1.0676143553294242
933,0.00035,1.031515322625637,1.0096874088048935,0.148435496725142,1.0531934257689863
934,0.00035,1.040853202342987,1.0108090937137604,0.1486903615295887,1.062556287832558
935,0.00035,1.0491051860153675,1.0093212351202965,0.1466382509097457,1.070757993226871
936,0.00035,1.0449482202529907,1.0098653957247734,0.1482923859730363,1.0666284520272165
937,0.00035,1.0345377773046494,1.012951098382473,0.14546213578432798,1.056251420630142
938,0.00035,1.042181883007288,1.0127030313014984,0.14545068982988596,1.063890450531617
939,0.00035,1.039200522005558,1.0147253051400185,0.14482533279806376,1.060943281436339
940,0.00035,1.029792308807373,1.0125111415982246,0.14404118992388248,1.0514829435385764
941,0.00035,1.0289585441350937,1.0165793895721436,0.14567225240170956,1.0507468544505538
942,0.00035,1.0389984771609306,1.0120773389935493,0.1464709024876356,1.0607047329656778
943,0.00035,1.0382068753242493,1.010388232767582,0.14427568670362234,1.0598573968466372
944,0.00035,1.03225889056921,1.0091021955013275,0.14491272624582052,1.0538900617416949
945,0.00035,1.0412176586687565,1.0072571635246277,0.14719107747077942,1.062834712713957
946,0.00035,1.0501548051834106,1.0075078159570694,0.14691785257309675,1.071774140028283
947,0.00035,1.034251019358635,1.0084057822823524,0.14658729638904333,1.0558850079681723
948,0.00035,1.0320688784122467,1.007816806435585,0.144486834295094,1.0536700828839092
949,0.00035,1.0364222079515457,1.0094478577375412,0.14538601599633694,1.05806502526626
950,0.00035,1.033725880086422,1.0083298534154892,0.1422025328502059,1.0553145024832338
951,0.00035,1.0512662343680859,1.0073304325342178,0.14180774241685867,1.0728309204429387
952,0.00035,1.0327128246426582,1.010654702782631,0.1446125078946352,1.0543720437772572
953,0.00035,1.0496299043297768,1.0093584284186363,0.14488974679261446,1.0712659703660756
954,0.00035,1.0455522686243057,1.00961484760046,0.14421009365469217,1.0671866665128618
955,0.00035,1.0506960488855839,1.0104204639792442,0.14300865400582552,1.072334544705227
956,0.00035,1.0334975235164165,1.0130851790308952,0.14560192823410034,1.0552152463793754
957,0.00035,1.0331344865262508,1.0152912214398384,0.14319075644016266,1.0548722185194492
958,0.00035,1.0520811304450035,1.0111457034945488,0.14225662872195244,1.0737266108021142
959,0.00035,1.0354477614164352,1.0103854835033417,0.14289961010217667,1.057084467187524
960,0.00035,1.0365463271737099,1.0104110315442085,0.14361574035137892,1.0581907052081079
961,0.00035,1.0431023314595222,1.008066602051258,0.14371381048113108,1.0647008016053587
962,0.00035,1.0601814240217209,1.010294757783413,0.14686337392777205,1.081855952916667
963,0.00035,1.04521768912673,1.0106268599629402,0.1478277901187539,1.0669085042271762
964,0.00035,1.039185769855976,1.0099937096238136,0.14511317014694214,1.0608367757499217
965,0.00035,1.0381595939397812,1.0121868550777435,0.1435879347845912,1.059839210389182
966,0.00035,1.056666150689125,1.0127395167946815,0.14370196405798197,1.0783579606655984
967,0.00035,1.029853392392397,1.015991322696209,0.14651965163648129,1.0516384153626859
968,0.00035,1.0308753699064255,1.0157586261630058,0.14278750959783792,1.052618417525664
969,0.00035,1.036128919571638,1.0155171602964401,0.14415492489933968,1.0578808120265604
970,0.00035,1.0254165269434452,1.011331930756569,0.14456245582550764,1.0470887901168315
971,0.00035,1.035861298441887,1.0098661333322525,0.14432530384510756,1.057501874146983
972,0.00035,1.0330317914485931,1.0094773173332214,0.14653924386948347,1.0546867302339524
973,0.00035,1.0315849110484123,1.0086311548948288,0.14350273367017508,1.0531925614830104
974,0.00035,1.0346867851912975,1.0093594416975975,0.14791059028357267,1.0563530799280851
975,0.00035,1.0388206541538239,1.0105368942022324,0.14327230490744114,1.060464115086943
976,0.00035,1.0440827459096909,1.0083896294236183,0.1438241070136428,1.0656887795682997
977,0.00035,1.0310422517359257,1.0120059326291084,0.14583216980099678,1.0527406920865179
978,0.00035,1.023873906582594,1.015932947397232,0.14169034082442522,1.045609468938783
979,0.00035,1.0350924506783485,1.0157956406474113,0.13968396000564098,1.056805203091353
980,0.00035,1.038238525390625,1.0163516029715538,0.14156889636069536,1.059981246413663
981,0.00035,1.0258816741406918,1.0118472650647163,0.14008802827447653,1.0475194997247308
982,0.00035,1.044760674238205,1.011161595582962,0.14541509840637445,1.066438057133928
983,0.00035,1.046503722667694,1.009374275803566,0.1408045943826437,1.0680992541275918
984,0.00035,1.0274035707116127,1.009706363081932,0.1421320317313075,1.0490190182905643
985,0.00035,1.0466125793755054,1.0087474808096886,0.1435771742835641,1.068223300734535
986,0.00035,1.0349211506545544,1.0077136754989624,0.14395669102668762,1.0565149910748006
987,0.00035,1.0298983678221703,1.0114879235625267,0.14433233067393303,1.05157144960016
988,0.00035,1.038363203406334,1.0103950500488281,0.14173690602183342,1.059988473467529
989,0.00035,1.0231024287641048,1.0108011066913605,0.14265535306185484,1.0447450044285507
990,0.00035,1.0286082290112972,1.0112559795379639,0.14347170386463404,1.0502680656407029
991,0.00035,1.0264947228133678,1.0137935727834702,0.14569157268851995,1.0482275099959224
992,0.00035,1.0235218591988087,1.0145740881562233,0.14633204694837332,1.045276661431417
993,0.00035,1.035626970231533,1.013481467962265,0.14350317418575287,1.0573316313326357
994,0.00035,1.0409128405153751,1.0119806677103043,0.14344292972236872,1.0625868831668048
995,0.00035,1.034096959978342,1.0127350613474846,0.14377281535416842,1.0557893893588333
996,0.00035,1.0394350625574589,1.012249156832695,0.14454182889312506,1.0611254639830439
997,0.00035,1.0335049107670784,1.010337695479393,0.14142540097236633,1.05512591868639
998,0.00035,1.0265404060482979,1.0105991065502167,0.14128964766860008,1.0481652846559881
999,0.00035,1.0327170714735985,1.0120938569307327,0.14227623026818037,1.054381710914895
1000,0.00035,1.0329165421426296,1.0122752785682678,0.14068150892853737,1.0545688628032803
1001,0.00035,1.0377023257315159,1.0111103951931,0.14026385080069304,1.059327172143385
1002,0.00035,1.0287021175026894,1.009320929646492,0.14180985186249018,1.0503066346142442
1003,0.00035,1.0231101289391518,1.0132087022066116,0.14143679570406675,1.0447886709403247
1004,0.00035,1.0479468926787376,1.0111967325210571,0.14210358448326588,1.0695918631739914
1005,0.00035,1.0293928943574429,1.0102856010198593,0.14037664979696274,1.0510023728758096
1006,0.00035,1.031946949660778,1.0163121968507767,0.14353829622268677,1.0537085765600205
1007,0.00035,1.0256655924022198,1.013451799750328,0.1391294300556183,1.0473259226977827
1008,0.00035,1.0280807428061962,1.0122414007782936,0.14018655009567738,1.0497274363227187
1009,0.00035,1.033997766673565,1.0130131542682648,0.14236013125628233,1.055681631071493
1010,0.00035,1.031553030014038,1.012789897620678,0.13990389090031385,1.0532078668754548
1011,0.00035,1.026634119451046,1.012116752564907,0.14193063601851463,1.0482957608625292
1012,0.00035,1.0403695032000542,1.01200582832098,0.14099292177706957,1.0620195489842446
1013,0.00035,1.0310104601085186,1.0109999999403954,0.14138474594801664,1.0526443075668068
1014,0.00035,1.0388714782893658,1.0096533447504044,0.14121912978589535,1.0604767364822327
1015,0.00035,1.0252938009798527,1.0107251182198524,0.14022567868232727,1.046910560131073
1016,0.00035,1.0273686982691288,1.0122423768043518,0.14132744446396828,1.0490268202498556
1017,0.00035,1.0308720916509628,1.0151516124606133,0.14106412045657635,1.052585765104741
1018,0.00035,1.0279023572802544,1.0126103311777115,0.13973477948457003,1.0495519116986542
1019,0.00035,1.0237179473042488,1.0115254446864128,0.14345262479037046,1.0453829824458807
1020,0.00035,1.0288416221737862,1.0135859549045563,0.14016268122941256,1.0505149680841714
1021,0.00035,1.0460702143609524,1.0089861750602722,0.14197939448058605,1.0676697318069637
1022,0.00035,1.0249698273837566,1.0126695185899734,0.14244311209768057,1.0466476488765328
1023,0.00035,1.023659586906433,1.0115373134613037,0.14284385461360216,1.0453187717217953
1024,0.00035,1.0141361244022846,1.0095504075288773,0.14153391495347023,1.0357424717023969
1025,0.00035,1.0177364870905876,1.0098101273179054,0.1417704066261649,1.0393503937032074
1026,0.00035,1.0329836681485176,1.010950580239296,0.1418654602020979,1.0546213343553246
1027,0.00035,1.0307654403150082,1.010046236217022,0.1393159395083785,1.0523595244344324
1028,0.00035,1.0274447053670883,1.0120961219072342,0.1395117426291108,1.0490817452315242
1029,0.00035,1.0234032198786736,1.0119957774877548,0.1371802370995283,1.0450149377994238
1030,0.00035,1.036129854619503,1.0111731439828873,0.1407928131520748,1.0577612456306815
1031,0.00035,1.033564805984497,1.0107772201299667,0.13801173865795135,1.055160467773676
1032,0.00035,1.0297643691301346,1.0150067508220673,0.13905026577413082,1.0514550068043171
1033,0.00035,1.0190587230026722,1.0154231116175652,0.1381257651373744,1.0407484428863971
1034,0.00035,1.0288067273795605,1.0133634433150291,0.13679489865899086,1.050441945232451
1035,0.00035,1.026850387454033,1.0158042162656784,0.1376270428299904,1.0485427422076463
1036,0.00035,1.0182588174939156,1.011457346379757,0.13531702756881714,1.0398411346971987
1037,0.00035,1.0325019098818302,1.0126754269003868,0.13739592023193836,1.0541293776221574
1038,0.00035,1.032295648008585,1.0093566924333572,0.13248038571327925,1.053807585714385
1039,0.00035,1.0324849635362625,1.0101416856050491,0.1374373370781541,1.054062170619145
1040,0.00035,1.021715372800827,1.0142691656947136,0.13554244581609964,1.0433561805728824
1041,0.00035,1.0310516953468323,1.0117527768015862,0.13640686497092247,1.0526508195325732
1042,0.00035,1.0242160074412823,1.0152652487158775,0.13901704363524914,1.0459114828519525
1043,0.00035,1.0249094441533089,1.0208413824439049,0.14105559140443802,1.0467368277162314
1044,0.00035,1.0238504447042942,1.0151807889342308,0.14139694161713123,1.04556802989915
1045,0.00035,1.0180429443717003,1.0142800733447075,0.14175803028047085,1.0397461261413992
1046,0.00035,1.0347492098808289,1.0126150250434875,0.14511340204626322,1.0564526444021611
1047,0.00035,1.0142489857971668,1.0124674811959267,0.14286684431135654,1.0359270038641988
1048,0.00035,1.0267628394067287,1.0100026279687881,0.14616991393268108,1.0484245911054313
1049,0.00035,1.030991680920124,1.0127029195427895,0.14413328561931849,1.0526870721671728
1050,0.00035,1.0167467296123505,1.0114004984498024,0.14267423935234547,1.03840148197487
1051,0.00035,1.033218163996935,1.010165773332119,0.14371268078684807,1.0548586062714458
1052,0.00035,1.034473530948162,1.01164460927248,0.14159797225147486,1.0561224028561265
1053,0.00035,1.022644966840744,1.0146034583449364,0.14079901948571205,1.0443450262024998
1054,0.00035,1.02214140817523,1.015753135085106,0.14182642474770546,1.0438747351244093
1055,0.00035,1.00947879627347,1.0168970972299576,0.14137645531445742,1.0312305027712139
1056,0.00035,1.0282891355454922,1.0146719738841057,0.14180773124098778,1.0500006523355843
1057,0.00035,1.0258748717606068,1.0129873380064964,0.14088761247694492,1.0475434946455062
1058,0.00035,1.0242114029824734,1.013715222477913,0.14223253820091486,1.0459080328140409
1059,0.00035,1.025122944265604,1.015826739370823,0.14438997395336628,1.046883378792554
1060,0.00035,1.027548048645258,1.0109992399811745,0.14349095709621906,1.0492029430158436
1061,0.00035,1.0201598405838013,1.01290163397789,0.14399368222802877,1.0418578100856395
1062,0.00035,1.0139763690531254,1.0120337456464767,0.1443932680413127,1.0356609766464682
1063,0.00035,1.0272123776376247,1.0132576450705528,0.14682835899293423,1.0489458141289651
1064,0.00035,1.0237613692879677,1.010696366429329,0.14362276997417212,1.045411524316296
1065,0.00035,1.02069590985775,1.009296953678131,0.14863826800137758,1.0423682316113263
1066,0.00035,1.0299682132899761,1.0092025846242905,0.14154759608209133,1.0515677409432829
1067,0.00035,1.0055723376572132,1.0141753107309341,0.14306986704468727,1.0272865425422788
1068,0.00035,1.028591550886631,1.0118939578533173,0.14261204283684492,1.0502555504720659
1069,0.00035,1.0172346644103527,1.014476329088211,0.13974755443632603,1.0389216665364802
1070,0.00035,1.0212240032851696,1.012093111872673,0.1398594407364726,1.0428644599299877
1071,0.00035,1.0241398885846138,1.0121671184897423,0.13998813461512327,1.0457831123005599
1072,0.00035,1.0242410488426685,1.0131962597370148,0.14074810035526752,1.0459124550409615
1073,0.00035,1.0153796263039112,1.0140208080410957,0.1404685890302062,1.0370647283550352
1074,0.00035,1.008332695811987,1.0125204473733902,0.13920448999851942,1.0299751496594398
1075,0.00035,1.016188059002161,1.0132663771510124,0.13855122961103916,1.0378388988412917
1076,0.00035,1.0302751064300537,1.0107940435409546,0.14064042083919048,1.0518973915092646
1077,0.00035,1.0283882096409798,1.0112183764576912,0.14118816703557968,1.0500244588404894
1078,0.00035,1.0210019908845425,1.0128171667456627,0.14130645524710417,1.0426713987719267
1079,0.00035,1.014261607080698,1.0157956928014755,0.14205642603337765,1.0359980851970614
1080,0.00035,1.0225563496351242,1.0138189867138863,0.14542950130999088,1.044287024382502
1081,0.00035,1.0129066668450832,1.0118474662303925,0.14304731879383326,1.0345740893576296
1082,0.00035,1.0166536793112755,1.0132539719343185,0.14360147714614868,1.0383547735214231
1083,0.00035,1.0155933275818825,1.013873741030693,0.1427735546603799,1.0372985379491
1084,0.00035,1.0164354555308819,1.0170079842209816,0.142338871024549,1.038199003925547
1085,0.00035,1.02301923930645,1.013904094696045,0.1458396427333355,1.0447557176277043
1086,0.00035,1.0216764509677887,1.0115158036351204,0.1452559009194374,1.0433593260496854
1087,0.00035,1.0140872783958912,1.0105397924780846,0.14181151613593102,1.035716189406812
1088,0.00035,1.0239837765693665,1.011460654437542,0.14148530829697847,1.0456278427410872
1089,0.00035,1.0149531289935112,1.011112630367279,0.14285030495375395,1.0366038846503944
1090,0.00035,1.0286430306732655,1.0110625922679901,0.13933071121573448,1.0502575896307824
1091,0.00035,1.0105529390275478,1.017553336918354,0.13855106104165316,1.0322895163763315
1092,0.00035,1.0231123343110085,1.0144952088594437,0.14147827960550785,1.0448170212842525
1093,0.00035,1.0142514258623123,1.0149524882435799,0.14267420768737793,1.0359772177040578
1094,0.00035,1.0188294686377048,1.013751931488514,0.14182445965707302,1.0405227518640459
1095,0.00035,1.0258691720664501,1.0133865773677826,0.13938328437507153,1.0475307364575563
1096,0.00035,1.0205149166285992,1.0163647085428238,0.1392515581101179,1.042234726380557
1097,0.00035,1.0260400585830212,1.0155340284109116,0.13792555686086416,1.0477299947198482
1098,0.00035,1.0137949660420418,1.016767144203186,0.1391575774177909,1.0355218847002834
1099,0.00035,1.0099565349519253,1.016724742949009,0.13776242453604937,1.0316686540562658
1100,0.00035,1.0125052370131016,1.0170291438698769,0.13908811192959547,1.034236701009795
1101,0.00035,1.0193754136562347,1.014076717197895,0.1404398651793599,1.0410613466519862
1102,0.00035,1.0197518318891525,1.0121570751070976,0.13952413573861122,1.0413902147486807
1103,0.00035,1.000505842268467,1.0130222737789154,0.13966906163841486,1.0221629783604296
1104,0.00035,1.0111429989337921,1.0101508498191833,0.13714454602450132,1.0327174613904206
1105,0.00035,1.0287919901311398,1.0104023814201355,0.1385531723499298,1.0503855694830417
1106,0.00035,1.0124754309654236,1.0100356489419937,0.1390537302941084,1.0340666812472046
1107,0.00035,1.0116440132260323,1.011877901852131,0.13881677482277155,1.0332697390113026
1108,0.00035,1.0118387565016747,1.0116398930549622,0.14054934214800596,1.0334770477842539
1109,0.00035,1.0129552967846394,1.0130602270364761,0.13897057250142097,1.0346062070503832
1110,0.00035,1.0156170465052128,1.0154405534267426,0.14049169048666954,1.0373307744786142
1111,0.00035,1.016978919506073,1.015368066728115,0.14100085943937302,1.0386962894350291
1112,0.00035,1.031228605657816,1.0162238851189613,0.14036383293569088,1.0529567216895521
1113,0.00035,1.0091657750308514,1.015689767897129,0.13972814194858074,1.0308768518082798
1114,0.00035,1.0097391232848167,1.0169976651668549,0.138521377928555,1.0314642903674394
1115,0.00035,0.9923644624650478,1.0164924934506416,0.13994441740214825,1.014093756508082
1116,0.00035,1.0095464996993542,1.0138764083385468,0.13896623346954584,1.0312136902008204
1117,0.00035,1.0136023350059986,1.0120184794068336,0.14044730085879564,1.0352471776027232
1118,0.00035,1.0081012547016144,1.013882964849472,0.1385388970375061,1.029764302968979
1119,0.00035,1.004935972392559,1.0124999731779099,0.13811682257801294,1.0265671400818972
1120,0.00035,1.0097745582461357,1.0100474506616592,0.13711799588054419,1.0313466872181742
1121,0.00035,1.0236860066652298,1.01237203925848,0.1372276647016406,1.0453057240974157
1122,0.00035,1.0036794431507587,1.0131794288754463,0.13681071810424328,1.0253111389093101
1123,0.00035,1.0122211501002312,1.0155308544635773,0.13839728478342295,1.0339157400373369
1124,0.00035,1.0159317217767239,1.0135904103517532,0.13609470706433058,1.0375644770544021
1125,0.00035,1.0030214749276638,1.0144542306661606,0.1378730470314622,1.0246892900113016
1126,0.00035,1.009526640176773,1.0133607238531113,0.13990933634340763,1.0311929480172692
1127,0.00035,1.0132397413253784,1.0121517851948738,0.13898374885320663,1.034872614517808
1128,0.00035,1.01138174533844,1.0176875069737434,0.14095066208392382,1.033145002098754
1129,0.00035,1.0034003295004368,1.015610232949257,0.1411760002374649,1.0251242941617966
1130,0.00035,1.0060463324189186,1.0153111517429352,0.14440731797367334,1.027796628633514
1131,0.00035,1.024658977985382,1.0118397399783134,0.14115054160356522,1.0463072782009841
1132,0.00035,1.0090334378182888,1.0118931978940964,0.14387734234333038,1.0307100751996041
1133,0.00035,1.015256803482771,1.0135852172970772,0.14403644762933254,1.0369688723050057
1134,0.00035,0.994093757122755,1.0141695365309715,0.14205357525497675,1.0157976836059244
1135,0.00035,1.0093164667487144,1.0127730518579483,0.14476372953504324,1.031019565081224
1136,0.00035,1.0131858251988888,1.0119846910238266,0.14189646672457457,1.034844483686611
1137,0.00035,1.0030441656708717,1.016557089984417,0.14052063692361116,1.024780513839796
1138,0.00035,0.997772641479969,1.013383686542511,0.1418561516329646,1.0194588767271489
1139,0.00035,1.0196472629904747,1.0142200887203217,0.14059331640601158,1.0413375979289412
1140,0.00035,0.9975017383694649,1.0119435861706734,0.1388180172070861,1.019128790264949
1141,0.00035,1.0040852315723896,1.0174728259444237,0.14145344123244286,1.0258492225036024
1142,0.00035,1.013723861426115,1.0154701098799706,0.14046166464686394,1.0354378802701831
1143,0.00035,1.0134626664221287,1.0145182088017464,0.13813547138124704,1.035134385311976
1144,0.00035,1.0013431571424007,1.0146802365779877,0.1403940264135599,1.0230407021380963
1145,0.00035,1.0125616863369942,1.0143431723117828,0.13966233283281326,1.034245173111558
1146,0.00035,1.0138533897697926,1.0159568637609482,0.14036434516310692,1.0355761704966426
1147,0.00035,1.0123014710843563,1.0133979842066765,0.1396329766139388,1.0339657605346293
1148,0.00035,1.0168633051216602,1.013290248811245,0.1385843250900507,1.0385149533487856
1149,0.00035,0.9995384775102139,1.0158376470208168,0.13781873043626547,1.0212334177549927
1150,0.00035,1.0135414004325867,1.0137781649827957,0.13577530067414045,1.035174716738984
1151,0.00035,1.0052017010748386,1.0171435475349426,0.13846697378903627,1.0269292417634277
1152,0.00035,1.0151921473443508,1.0157564580440521,0.13848287239670753,1.0368921052291988
1153,0.00035,0.9929928444325924,1.0165195763111115,0.136526002548635,1.014688495984301
1154,0.00035,1.0107894092798233,1.013980969786644,0.13702669367194176,1.0324392956122757
1155,0.00035,1.0129240937530994,1.013100877404213,0.1374866236001253,1.0345609775371851
1156,0.00035,1.0101616270840168,1.0137531459331512,0.13488982850685716,1.0317855882877485
1157,0.00035,1.0043682269752026,1.013931468129158,0.13465084601193666,1.0259933647979051
1158,0.00035,1.0231825411319733,1.0177812278270721,0.13552437722682953,1.0448934094607831
1159,0.00035,0.985051803290844,1.0169448927044868,0.13646145444363356,1.00675531568937
1160,0.00035,1.0044766180217266,1.0187425315380096,0.13787495717406273,1.0262302182242273
1161,0.00035,1.0075515881180763,1.013479933142662,0.13721992541104555,1.02919338603504
1162,0.00035,1.0139297842979431,1.0144341513514519,0.13643550779670477,1.035582822402939
1163,0.00035,1.0090116150677204,1.0135442689061165,0.1372841140255332,1.0306553415860982
1164,0.00035,1.0042234994471073,1.0148487985134125,0.13840273022651672,1.0259045027196407
1165,0.00035,0.997693870216608,1.014631561934948,0.1386802066117525,1.0193733035214247
1166,0.00035,0.990904126316309,1.012752003967762,0.1389619717374444,1.0125487861130387
1167,0.00035,1.004401307553053,1.0140661001205444,0.13884891476482153,1.026071118703112
1168,0.00035,1.0030214488506317,1.0163635909557343,0.13901204522699118,1.0247388411220164
1169,0.00035,1.0017005689442158,1.0143526270985603,0.14320733584463596,1.0234196948446332
1170,0.00035,1.018164038658142,1.0143484324216843,0.14460887480527163,1.0398970960546285
1171,0.00035,1.0090820379555225,1.0132341831922531,0.1416424037888646,1.0307631456572564
1172,0.00035,1.0119949989020824,1.0161374062299728,0.1401400212198496,1.0337191472388805
1173,0.00035,1.010348156094551,1.0150626823306084,0.14449294563382864,1.0320943391975015
1174,0.00035,1.0060096494853497,1.0150638297200203,0.1425938131287694,1.0277368642110378
1175,0.00035,1.008921891450882,1.0148773938417435,0.14248192496597767,1.0306442585773765
1176,0.00035,1.0063788518309593,1.0141979679465294,0.14138374384492636,1.0280766486283393
1177,0.00035,0.9980787336826324,1.018132857978344,0.1390463225543499,1.019831854067743
1178,0.00035,1.0054438710212708,1.017563909292221,0.1389646464958787,1.0271847956720739
1179,0.00035,1.0006608255207539,1.01982282102108,0.13875110540539026,1.0224447929952294
1180,0.00035,1.0074843540787697,1.012176901102066,0.1373411575332284,1.0291013036761434
1181,0.00035,0.9985763095319271,1.0154407396912575,0.13733118679374456,1.0202584361936897
1182,0.00035,1.0078780837357044,1.0146539583802223,0.13949760608375072,1.0295661389641464
1183,0.00035,1.0191147401928902,1.0151096060872078,0.13779344595968723,1.040794866774231
1184,0.00035,1.002518679946661,1.0123796239495277,0.13781884359195828,1.0241444608615713
1185,0.00035,0.9983400776982307,1.0162910297513008,0.1405328894034028,1.020071227187291
1186,0.00035,1.0049160905182362,1.0151383802294731,0.13990605436265469,1.0266179186664521
1187,0.00035,0.998427152633667,1.0151515901088715,0.13851194083690643,1.0201153038442137
1188,0.00035,1.0024880431592464,1.015212319791317,0.14022158179432154,1.024194505373016
1189,0.00035,1.010044477880001,1.0169186145067215,0.13801814895123243,1.0317630316596478
1190,0.00035,1.0040787011384964,1.0153118446469307,0.1389675671234727,1.0257746137026698
1191,0.00035,1.018103662878275,1.015459768474102,0.1388295879587531,1.0398011541273444
1192,0.00035,1.0006818547844887,1.0155328810214996,0.13769433740526438,1.0223694557789713
1193,0.00035,0.9975586012005806,1.016367420554161,0.13939610682427883,1.0192799106799066
1194,0.00035,1.0056337639689445,1.01324712485075,0.13725955411791801,1.0272713020071387
1195,0.00035,1.0023212060332298,1.0155343562364578,0.14015637803822756,1.0240334569383414
1196,0.00035,1.0211467035114765,1.011357642710209,0.1392450202256441,1.0427663065679371
1197,0.00035,0.9976447634398937,1.0089880377054214,0.13647858705371618,1.0191893100645393
1198,0.00035,0.997785747051239,1.0151081308722496,0.13749050348997116,1.0194628147035836
1199,0.00035,1.0055872648954391,1.0116629749536514,0.1365890046581626,1.0271864144410938
1200,0.00035,0.9849966801702976,1.0118003338575363,0.13558590225875378,1.0065885458700359
1201,0.00035,0.9966871701180935,1.014564223587513,0.1362795140594244,1.018341249730438
1202,0.00035,0.9970569349825382,1.0130111500620842,0.13355126045644283,1.0186526705883443
1203,0.00035,0.9936990700662136,1.021538607776165,0.13638912979513407,1.0154937335196883
1204,0.00035,1.0117969997227192,1.0183482840657234,0.13668018020689487,1.0335307672061027
1205,0.00035,1.0056338012218475,1.0158625468611717,0.13508393801748753,1.0273018915392458
1206,0.00035,0.998816192150116,1.0144358351826668,0.13715461222454906,1.0204764549760148
1207,0.00035,0.9979951828718185,1.0159283578395844,0.13758629839867353,1.019689613012597
1208,0.00035,0.9826505295932293,1.016092598438263,0.1315722824074328,1.004288104386069
1209,0.00035,1.0022912174463272,1.0153091922402382,0.13497126754373312,1.0239471139665695
1210,0.00035,0.9977799281477928,1.0159047171473503,0.1362142153084278,1.0194601646438242
1211,0.00035,1.0030981488525867,1.0168907716870308,0.13738262373954058,1.0248097905237228
1212,0.00035,0.9942499808967113,1.0156093835830688,0.13690620101988316,1.0159312305785717
1213,0.00035,0.9997970834374428,1.0166200399398804,0.13539593294262886,1.0214834435656666
1214,0.00035,1.0171060338616371,1.0135556757450104,0.1345957200974226,1.0387231045775116
1215,0.00035,1.0066976249217987,1.015704169869423,0.13278372585773468,1.0283395455777646
1216,0.00035,0.9814126901328564,1.01834087818861,0.13495978713035583,1.0031291055679321
1217,0.00035,0.9930668547749519,1.0177648290991783,0.13287399429827929,1.0147508912999184
1218,0.00035,0.9960657954216003,1.0154017060995102,0.13492580689489841,1.0177230876125394
1219,0.00035,1.0021643228828907,1.0157829523086548,0.1362557029351592,1.0238425389584154
1220,0.00035,1.0080466195940971,1.013908013701439,0.1371022891253233,1.029695802759379
1221,0.00035,0.9969283416867256,1.0155222117900848,0.1355214398354292,1.0185940003208818
1222,0.00035,0.9789576642215252,1.021171249449253,0.134964051656425,1.0007307297270744
1223,0.00035,0.9944692850112915,1.0160409286618233,0.13424351532012224,1.0161325387377291
1224,0.00035,0.9929413013160229,1.0149730667471886,0.13391241198405623,1.0145798867708073
1225,0.00035,0.9965393990278244,1.0131407901644707,0.13677006866782904,1.0181699155177921
1226,0.00035,0.9989912994205952,1.012833297252655,0.13642925210297108,1.020612257886678
1227,0.00035,1.0063255950808525,1.0150679275393486,0.13819861132651567,1.0280089397449046
1228,0.00035,0.9888787046074867,1.014965295791626,0.13780450075864792,1.0105560555309057
1229,0.00035,1.0025461874902248,1.0173313096165657,0.140741060487926,1.0243002242874355
1230,0.00035,0.989135604351759,1.0189336314797401,0.14045222289860249,1.0109187992103397
1231,0.00035,0.9912992045283318,1.015956073999405,0.13985612895339727,1.0130168872978538
1232,0.00035,0.9959436655044556,1.0204261988401413,0.13906727265566587,1.017742862207815
1233,0.00035,1.0031822733581066,1.0145978331565857,0.13836315646767616,1.024857861585915
1234,0.00035,0.9961570389568806,1.0163699612021446,0.1367861982434988,1.0178523001633584
1235,0.00035,0.9803143814206123,1.0156876146793365,0.1381211495026946,1.002009345209226
1236,0.00035,0.9932623282074928,1.0121598690748215,0.13675470743328333,1.0148730726633222
1237,0.00035,0.9907780289649963,1.0139120817184448,0.13755784090608358,1.012431849008426
1238,0.00035,0.9909850023686886,1.014516495168209,0.1357986107468605,1.0126333183795213
1239,0.00035,1.0040961019694805,1.0145649909973145,0.13411441445350647,1.0257285459339618
1240,0.00035,0.9975206106901169,1.015891656279564,0.13503548689186573,1.0191887986846269
1241,0.00035,0.9905502423644066,1.0174699127674103,0.13679130282253027,1.0122675536479802
1242,0.00035,0.9889020547270775,1.017614521086216,0.1361794313415885,1.0106161394622177
1243,0.00035,0.9979490824043751,1.0178345739841461,0.13282951060682535,1.0196340689901262
1244,0.00035,0.986471388489008,1.0182558298110962,0.13665969111025333,1.0082031019963325
1245,0.00035,0.9945337139070034,1.0178283378481865,0.13646721374243498,1.0162549528013913
1246,0.00035,0.9759932905435562,1.0215038880705833,0.1367564182728529,0.9977909324876965
1247,0.00035,0.9972394555807114,1.0167633816599846,0.1366487257182598,1.0189412104710935
1248,0.00035,0.9952282533049583,1.013966143131256,0.13818668760359287,1.0168894430436193
1249,0.00035,0.9890915043652058,1.0156809613108635,0.13879044726490974,1.010793028064072
1250,0.00035,0.9860670417547226,1.0154929459095001,0.14171193353831768,1.0077940200082958
1251,0.00035,0.9939526952803135,1.0143167078495026,0.1414988413453102,1.0156540178507567
1252,0.00035,0.9835832640528679,1.0162557885050774,0.14092622976750135,1.0053176421206445
1253,0.00035,0.9940374456346035,1.017804116010666,0.1408763024955988,1.0158022909797728
1254,0.00035,0.996130459010601,1.0127597227692604,0.13991857785731554,1.0177848392445594
1255,0.00035,0.9937637485563755,1.012053243815899,0.1373346969485283,1.0153781604021788
1256,0.00035,0.9873718842864037,1.0146507322788239,0.13890185579657555,1.0090539174899458
1257,0.00035,0.992327094078064,1.0150683224201202,0.13954163249582052,1.0140238768514245
1258,0.00035,0.9869172461330891,1.0173454731702805,0.13532702159136534,1.0086174258124083
1259,0.00035,0.981520265340805,1.019001044332981,0.1351131503470242,1.0032514177309348
1260,0.00035,0.9967164658010006,1.0196162313222885,0.13673839811235666,1.0184761744085697
1261,0.00035,0.9973372630774975,1.019126057624817,0.1374443368986249,1.01909422759898
1262,0.00035,0.9985340014100075,1.0162824019789696,0.13832612708210945,1.020242910720408
1263,0.00035,0.9919973760843277,1.017526313662529,0.1376673923805356,1.0137245762813836
1264,0.00035,0.988333061337471,1.0130969732999802,0.13584289513528347,1.0099534297548234
1265,0.00035,1.0045965015888214,1.01540357619524,0.13643391942605376,1.0262689123069868
1266,0.00035,0.9946672692894936,1.0155440717935562,0.136443336494267,1.0163425840903075
1267,0.00035,0.991268552839756,1.0172695145010948,0.13488792721182108,1.012962822401896
1268,0.00035,0.9960320889949799,1.0146006047725677,0.13620230043306947,1.017686124094762
1269,0.00035,0.9806602820754051,1.0193172693252563,0.13686094619333744,1.0024152369238437
1270,0.00035,0.9970531724393368,1.012760616838932,0.1375399213284254,1.0186837839893998
1271,0.00035,0.9941078014671803,1.0178000777959824,0.13768356200307608,1.0158406386431307
1272,0.00035,0.9979550279676914,1.016789436340332,0.13968494907021523,1.0196876661852003
1273,0.00035,0.9884503781795502,1.0184601247310638,0.1376878134906292,1.010196458809078
1274,0.00035,0.9987894259393215,1.016015574336052,0.1384876212105155,1.0204946136381476
1275,0.00035,0.9867126829922199,1.0184362903237343,0.1383304689079523,1.008464713487774
1276,0.00035,0.9927810579538345,1.017320454120636,0.1401307638734579,1.0145287746749818
1277,0.00035,0.987174391746521,1.0173277035355568,0.13878583814948797,1.0089088041987269
1278,0.00035,0.9854006357491016,1.0165110602974892,0.13720178604125977,1.007102874815464
1279,0.00035,0.990154180675745,1.017955757677555,0.13943835068494081,1.0119076793361457
1280,0.00035,0.9856983982026577,1.0157168060541153,0.1409180136397481,1.0074219144601375
1281,0.00035,0.9911147840321064,1.0144075229763985,0.13816841877996922,1.012784618679434
1282,0.00035,1.0022572204470634,1.0144577100872993,0.14020218513906002,1.0239483965002
1283,0.00035,0.9872769713401794,1.016838677227497,0.13943331502377987,1.009008078034967
1284,0.00035,0.9970610216259956,1.01386858522892,0.1379812564700842,1.0187182058952748
1285,0.00035,0.9893149174749851,1.0162927955389023,0.1386242536827922,1.011027015922591
1286,0.00035,0.9900121614336967,1.0163443833589554,0.1394396098330617,1.0117334451992066
1287,0.00035,0.9682893455028534,1.017210602760315,0.13781634531915188,0.9900117210112512
1288,0.00035,0.977067843079567,1.0159878432750702,0.13898874633014202,0.9987774874083697
1289,0.00035,0.9972163662314415,1.0141486302018166,0.13964825216680765,1.018895821357146
1290,0.00035,0.9704130813479424,1.0176970809698105,0.1386892693117261,0.9921539156604559
1291,0.00035,0.9884532205760479,1.0163435637950897,0.13682399969547987,1.0101483318489044
1292,0.00035,0.9765128493309021,1.019881658256054,0.1360019687563181,0.9982705021835864
1293,0.00035,0.9930275306105614,1.0167598649859428,0.13560027349740267,1.014718730645254
1294,0.00030539716210730274,0.9815400391817093,1.0162046998739243,0.13433410972356796,1.0032074742764234
1295,0.0002742354395634218,0.9740616530179977,1.0213465169072151,0.13517908845096827,0.9958403742406517
1296,0.00025088699058892666,0.9900856129825115,1.02146428078413,0.13524828013032675,1.0118673813994974
1297,0.00023255200333628347,0.9823885671794415,1.018770307302475,0.13366618007421494,1.0041006351262332
1298,0.00021765995878678958,0.9840292856097221,1.0174443125724792,0.13614283129572868,1.005739600174129
1299,0.00020525272593139036,0.9738643206655979,1.019729420542717,0.13576497789472342,0.9956165588553995
1300,0.00019470821261334968,0.9758959002792835,1.017352670431137,0.13501958828419447,0.9975931495707482
1301,0.00018560259025309427,0.9699120931327343,1.0185518860816956,0.13508517108857632,0.991633982565254
1302,0.00017763581180799384,0.9751650169491768,1.0170943886041641,0.13586187828332186,0.9968655235040932
1303,0.00017058870111175803,0.9811189100146294,1.019025281071663,0.13758531119674444,1.00287526874803
1304,0.0001642969265979639,0.9738595820963383,1.0139545276761055,0.1357171949930489,0.9954958445997908
1305,0.00015863453072555375,0.9728174358606339,1.0159487500786781,0.13565958570688963,0.9944930067192763
1306,0.00015350312762374806,0.9677216298878193,1.0183663740754128,0.13517646584659815,0.9894407220277935
1307,0.0001488245990603894,0.9716037251055241,1.0147281736135483,0.13440373446792364,0.9932423259224743
1308,0.00014453602411390536,0.9757698960602283,1.0149342864751816,0.13491255324333906,0.9974177073221654
1309,0.0001405860776782102,0.9732552729547024,1.0158462822437286,0.13617026153951883,0.994933901214972
1310,0.00013693242003867212,0.9720116443932056,1.0164672657847404,0.1356069641187787,0.9936970593500883
1311,0.00013353977053562604,0.9660170413553715,1.0161919072270393,0.13503030221909285,0.9876911825221032
1312,0.0001303784630670676,0.9703814573585987,1.0146341621875763,0.13682909961789846,0.9920424315985292
1313,0.0001274233471789404,0.9676266051828861,1.0195498242974281,0.1369496574625373,0.98938709824346
1314,0.00012465294109697132,0.9833663515746593,1.0148621201515198,0.13671362772583961,1.0050307302549482
1315,0.00012204877116392075,0.9717436246573925,1.0158353745937347,0.13405099976807833,0.9934008421469479
1316,0.00011959485106061806,0.9657389298081398,1.015497364103794,0.13430015370249748,0.9873918786272406
1317,0.00011727726714576918,0.9826604574918747,1.0140829160809517,0.13388421712443233,1.004280957984738
1318,0.00011508384527086602,0.9658251591026783,1.0167951509356499,0.1351421670988202,0.9875124837923795
1319,0.00011300388080244148,0.9612970277667046,1.0173635631799698,0.13304729852825403,0.9829747720155865
1320,0.00011102791815253678,0.9660031013190746,1.0186488702893257,0.13340642303228378,0.9877101429551839
1321,0.00010914756943368384,0.9672879725694656,1.0175726041197777,0.13453809916973114,0.9889848056435585
1322,0.00010735536428915044,0.9519171342253685,1.0173669829964638,0.13214750494807959,0.9735859489347786
1323,0.00010564462475637369,0.9719395637512207,1.0145189091563225,0.13162926398217678,0.9935462345741689
1324,0.00010400936037674408,0.9715338498353958,1.0156488567590714,0.1333937761373818,0.993180764731951
1325,0.00010244417979091414,0.9643666744232178,1.0174085944890976,0.13412022776901722,0.98605604859069
1326,0.00010094421584249508,0.9769270941615105,1.0188006162643433,0.1348864519968629,0.998651971006766
1327,9.950506181661319e-05,0.968622237443924,1.0168591514229774,0.13198513025417924,0.9902792717749253
1328,9.812271690835265e-05,0.9784125611186028,1.0166647881269455,0.13235729932785034,1.0000694298744202
1329,9.67935393825246e-05,0.9679948911070824,1.0152302533388138,0.1321146683767438,0.9896206428576261
1330,9.551420617473449e-05,0.9601665996015072,1.0165464952588081,0.13095179107040167,0.9818070474173873
1331,9.4281677912422e-05,0.958695787936449,1.0186122506856918,0.13201905228197575,0.9803882234729826
1332,9.309316851695775e-05,0.9612258858978748,1.0190239772200584,0.13126594806089997,0.982919024922885
1333,9.194611869422494e-05,0.9650259502232075,1.0167932584881783,0.13289473997429013,0.986690762792714
1334,9.083817273918339e-05,0.9730537682771683,1.0157313793897629,0.131016013212502,0.9946785559970885
1335,8.976715817567652e-05,0.9584130048751831,1.016737274825573,0.13299534050747752,0.9800777037767694
1336,8.873106783080774e-05,0.9661344438791275,1.0163364261388779,0.13103102333843708,0.9877714826352894
1337,8.772804400715684e-05,0.9590366072952747,1.0145517736673355,0.1286484249867499,0.980614127018489
1338,8.675636446872753e-05,0.9681872837245464,1.01612439006567,0.12785635329782963,0.9897883350588381
1339,8.58144300000083e-05,0.9521751217544079,1.018328234553337,0.13385089486837387,0.9738801953941584
1340,8.490075333362422e-05,0.966579731553793,1.0177124738693237,0.13119014305993915,0.9882458824617788
1341,8.401394927213831e-05,0.9617259502410889,1.0139473378658295,0.13061175122857094,0.9833110145106911
1342,8.315272585472182e-05,0.975176677107811,1.0152531191706657,0.12923424178734422,0.9967740819090978
1343,8.231587644054088e-05,0.9542317129671574,1.0185683742165565,0.13159814616665244,0.975919061913155
1344,8.15022725985059e-05,0.9516027495265007,1.0201681554317474,0.1299393498338759,0.9733055061334744
1345,8.07108577080804e-05,0.9507385231554508,1.0208272188901901,0.13108091661706567,0.9724658766994253
1346,7.994064118861086e-05,0.9569499790668488,1.0172892659902573,0.13103951374068856,0.9786061595240608
1347,7.919069328549968e-05,0.9544237963855267,1.019931599497795,0.13192190788686275,0.9761416474543513
1348,7.84601403508129e-05,0.9584108665585518,1.0164727419614792,0.13170996122062206,0.9800574210099876
1349,7.774816056384861e-05,0.9564375579357147,1.0194740667939186,0.13279539346694946,0.9781549932062625
1350,7.705398004400084e-05,0.9815338104963303,1.0156649053096771,0.1302328435704112,1.003149437038228
1351,7.637686931411535e-05,0.9556236639618874,1.019789807498455,0.13241724576801062,0.9773436325695366
1352,7.571614007759012e-05,0.9636060446500778,1.0174907818436623,0.13154989201575518,0.9852713592071086
1353,7.507114227684917e-05,0.9664852507412434,1.018835961818695,0.13069689041003585,0.9881689388817175
1354,7.444126140461101e-05,0.973061703145504,1.0157347545027733,0.13003357546404004,0.9946767339901998
1355,7.38259160426718e-05,0.9677427858114243,1.018066219985485,0.13105899188667536,0.9894147001300008
1356,7.322455560579518e-05,0.9654370509088039,1.0186483934521675,0.1296167215332389,0.9871061859931797
1357,7.263665827080992e-05,0.9477629326283932,1.0218177884817123,0.12945932522416115,0.969493881650269
1358,7.206172907321116e-05,0.9501648768782616,1.0206895843148232,0.1287570195272565,0.9718662387598306
1359,7.149929815548503e-05,0.9614808633923531,1.0157920345664024,0.13198284385725856,0.9831165325222537
1360,7.09489191530681e-05,0.9499778300523758,1.0159219428896904,0.1311890548095107,0.9716081594582647
1361,7.041016770534058e-05,0.9604707919061184,1.0160998329520226,0.13048196071758866,0.9820976081723347
1362,6.988264008036526e-05,0.9462278783321381,1.0184729471802711,0.12864154623821378,0.9678837527381257
1363,6.936595190324393e-05,0.9507526457309723,1.0179827883839607,0.130789068993181,0.9724201921885832
1364,6.885973697898957e-05,0.9699518866837025,1.0134625658392906,0.12963097169995308,0.9915174477174878
1365,6.836364620172247e-05,0.9498161002993584,1.015078216791153,0.12926516262814403,0.9714103162614629
1366,6.787734654280755e-05,0.9679757840931416,1.0136366337537766,0.1313934400677681,0.9895624511688949
1367,6.74005201112684e-05,0.956423819065094,1.0172553211450577,0.13214791286736727,0.9780904046166687
1368,6.693286328045526e-05,0.9695488438010216,1.015266291797161,0.1274488726630807,0.9911286583635956
1369,6.647408587551537e-05,0.949410829693079,1.0198927745223045,0.13124609179794788,0.9711211461015045
1370,6.602391041672537e-05,0.9642647840082645,1.0161871388554573,0.12909005396068096,0.9858794273249805
1371,6.558207141420292e-05,0.9582502283155918,1.0154413282871246,0.13129550032317638,0.9798720098845661
1372,6.514831470992488e-05,0.9608642496168613,1.0171058028936386,0.1319504901766777,0.9825258705765009
1373,6.472239686334706e-05,0.9518904909491539,1.018239974975586,0.12990967417135835,0.9735543871903792
1374,6.430408457725168e-05,0.9587975591421127,1.019086591899395,0.12958006374537945,0.9804750916175544
1375,6.389315416074617e-05,0.954659566283226,1.0184146761894226,0.1285840510390699,0.9763137003174052
1376,6.348939102660536e-05,0.9628627151250839,1.0164447501301765,0.12793304584920406,0.9844709405861795
1377,6.309258922039119e-05,0.9710649102926254,1.0158368274569511,0.1292289881967008,0.9926739367237315
1378,6.27025509790026e-05,0.9644568599760532,1.0167789161205292,0.130295445676893,0.9860953927552328
1379,6.231908631650632e-05,0.955945823341608,1.0202675014734268,0.13048521894961596,0.9776560255605727
1380,6.194201263527806e-05,0.9578036367893219,1.019457884132862,0.13086606888100505,0.9795014551607892
1381,6.157115436064632e-05,0.9635089039802551,1.0194478407502174,0.13065649196505547,0.98520442571491
1382,6.120634259737833e-05,0.9468731321394444,1.0160119459033012,0.1311812987551093,0.9685051840450615
1383,6.084741480648138e-05,0.9694244228303432,1.0162127241492271,0.12995682330802083,0.991048245546408
1384,6.0494214500914806e-05,0.9555041007697582,1.0174059718847275,0.129685761872679,0.9771490778261795
1385,6.014659095891881e-05,0.9598869420588017,1.018022358417511,0.1318491487763822,0.9815658807149157
1386,5.980439895376702e-05,0.9539397470653057,1.016745388507843,0.12846888788044453,0.975559343714267
1387,5.9467498498842653e-05,0.9634054899215698,1.0156028121709824,0.12940664496272802,0.9850116126146168
1388,5.9135754607021545e-05,0.9619089104235172,1.0145592987537384,0.13026554370298982,0.9835027518356219
1389,5.8809037063422764e-05,0.96720876917243,1.0141050815582275,0.1291769351810217,0.9887826401554047
1390,5.848722021065812e-05,0.9592160172760487,1.0162477791309357,0.13078515278175473,0.9808488243864849
1391,5.8170182745776005e-05,0.9520191214978695,1.0202666670084,0.13003710936754942,0.9737248259317131
1392,5.7857807528154193e-05,0.9556435085833073,1.0195693597197533,0.12932745227590203,0.9773281703004614
1393,5.7549981397651094e-05,0.9625188298523426,1.0179278254508972,0.13204114977270365,0.9841977978590876
1394,5.724659500237375e-05,0.9609142877161503,1.016673021018505,0.13007718417793512,0.9825485199782997
1395,5.6947542635467696e-05,0.9527697488665581,1.0172616615891457,0.1297186203300953,0.974412168301642
1396,5.665272208037524e-05,0.9535227231681347,1.01525067538023,0.13008864596486092,0.975128623135388
1397,5.636203446404769e-05,0.9641135819256306,1.0158109813928604,0.13032435905188322,0.9857330451440066
1398,5.6075384117632945e-05,0.9620980769395828,1.015090174973011,0.1293637198396027,0.9836935176374391
1399,5.579267844419268e-05,0.9608503244817257,1.0149099305272102,0.1304852101020515,0.9824533751932903
1400,5.5513827793033497e-05,0.9535575769841671,1.0174719095230103,0.12963019171729684,0.9752033170918003
1401,5.52387453402651e-05,0.9572274573147297,1.018096186220646,0.13040794804692268,0.9788934605196118
1402,5.49673469752238e-05,0.9647170081734657,1.0164162069559097,0.12990457890555263,0.9863443781016394
1403,5.469955119242401e-05,0.954666443169117,1.0157623440027237,0.1282421611249447,0.9762641116604209
1404,5.443527898872292e-05,0.9542995393276215,1.0185317769646645,0.1291021630167961,0.9759611964970827
1405,5.417445376540291e-05,0.9724462628364563,1.0136826559901237,0.12835990032181144,0.9940035149594768
1406,5.391700123489697e-05,0.9463334009051323,1.019106276333332,0.12841703416779637,0.9679996967734769
1407,5.366284933189872e-05,0.9491355121135712,1.0182416513562202,0.13003541203215718,0.9708006992610172
1408,5.341192812861549e-05,0.9647188186645508,1.015032321214676,0.1291664056479931,0.9863111291453243
1409,5.31641697539384e-05,0.9641071408987045,1.0155041068792343,0.1275870525278151,0.9856930935615673
1410,5.291950831631708e-05,0.952360775321722,1.0193620547652245,0.13016694551333785,0.9740496858721599
1411,5.267787983014008e-05,0.9501229338347912,1.0151633620262146,0.12796750850975513,0.971705876160413
1412,5.243922214543424e-05,0.9593507051467896,1.014814667403698,0.12700988771393895,0.9809170973720028
1413,5.220347488070743e-05,0.9452655203640461,1.0177469700574875,0.1287277671508491,0.9669077374367043
1414,5.1970579358770274e-05,0.9532684460282326,1.018460899591446,0.12958255223929882,0.9749334895424544
1415,5.1740478545381465e-05,0.9551392048597336,1.0171034410595894,0.12788989255204797,0.9767601726064459
1416,5.1513116990571425e-05,0.9569691903889179,1.0201537311077118,0.12788423942402005,0.9786511074053124
1417,5.128844077250693e-05,0.9445411488413811,1.0185040310025215,0.12890018476173282,0.9662002313090489
1418,5.1066397443767955e-05,0.955623671412468,1.0181182473897934,0.12871471466496587,0.9772731835069135
1419,5.0846935979914865e-05,0.956398744136095,1.0181509852409363,0.12935206526890397,0.9780552844936028
1420,5.063000673023169e-05,0.9395066797733307,1.0202214494347572,0.12972499011084437,0.9612083586631343
1421,5.0415561370537455e-05,0.95080541446805,1.0192945003509521,0.12916203727945685,0.9724829248478637
1422,5.020355285796361e-05,0.962347686290741,1.0201901644468307,0.1309408792294562,0.9840608983719722
1423,4.999393538760163e-05,0.9567281603813171,1.019880510866642,0.13161053834483027,0.9784418759820983
1424,4.9786664350929955e-05,0.9620777703821659,1.0168957486748695,0.1289796270430088,0.9837054816260934
1425,4.9581696295934686e-05,0.9652546308934689,1.0174019262194633,0.13190522277727723,0.9869217216456309
1426,4.9378988888843e-05,0.9387556985020638,1.0196806192398071,0.1283718287013471,0.9604330291738733
1427,4.917850087739282e-05,0.9567555747926235,1.0168263390660286,0.12920920457690954,0.9783841936197132
1428,4.898019205556639e-05,0.9436952508985996,1.0186148211359978,0.1295001353137195,0.9653625486744568
1429,4.878402322971925e-05,0.9541239179670811,1.0176292434334755,0.12919040955603123,0.975768406931311
1430,4.858995618603987e-05,0.9604766517877579,1.015712596476078,0.12947565456852317,0.9820856602629646
1431,4.839795365927857e-05,0.9550077691674232,1.0173219218850136,0.13039793074131012,0.9766581869125366
1432,4.82079793026877e-05,0.9648940674960613,1.014356940984726,0.13052683416754007,0.9864864746574313
1433,4.8019997659117796e-05,0.9471293538808823,1.0166221782565117,0.12914263177663088,0.9687532237637788
1434,4.783397413321795e-05,0.95009870454669,1.0158007964491844,0.1284237806685269,0.971698958282359
1435,4.764987496469045e-05,0.9572644904255867,1.0177327692508698,0.12997603742405772,0.9789189061848447
1436,4.746766720255294e-05,0.9603786133229733,1.0155058652162552,0.1288660946302116,0.9819773915736004
1437,4.728731868036372e-05,0.9550808928906918,1.0168997719883919,0.12961575435474515,0.9767150458740071
1438,4.710879799236755e-05,0.9555606618523598,1.016744278371334,0.12924711871892214,0.9771880186069757
1439,4.6932074470522106e-05,0.9572378620505333,1.0180052295327187,0.13031216990202665,0.978901088340208
1440,4.675711816236669e-05,0.9562500007450581,1.0158291012048721,0.12941188784316182,0.9778607016475872
1441,4.6583899809697074e-05,0.9495814517140388,1.0156830474734306,0.12925973907113075,0.9711877100542188
1442,4.641239082801207e-05,0.9414738342165947,1.0166270211338997,0.12978175282478333,0.9631041921675205
1443,4.62425632866988e-05,0.9516124166548252,1.016822338104248,0.13020482892170548,0.9732509117061273
1444,4.607438988992569e-05,0.9407366774976254,1.0177118480205536,0.12789327977225184,0.9623698472557589
1445,4.590784395821349e-05,0.9517023339867592,1.015998549759388,0.13020565174520016,0.9733243614993989
1446,4.574289941065597e-05,0.9540728107094765,1.0158601999282837,0.1297188443131745,0.9756872031511739
1447,4.557953074776352e-05,0.9686749316751957,1.0155447348952293,0.12964861607179046,0.9902823125338182
1448,4.5417713034903896e-05,0.9396812990307808,1.017598107457161,0.12757726199924946,0.9613090337999165
1449,4.525742188631582e-05,0.9365309700369835,1.0173138678073883,0.12837919499725103,0.9581610393431038
1450,4.509863344967203e-05,0.9431928396224976,1.0198670774698257,0.12971157487481833,0.9648872969206422
1451,4.4941324391169805e-05,0.9495932497084141,1.0178134739398956,0.12851922446861863,0.9712347114318981
1452,4.478547188112759e-05,0.9715427979826927,1.0129672065377235,0.129466381855309,0.9930968059320003
1453,4.463105358006758e-05,0.9541851244866848,1.0171025171875954,0.13060531159862876,0.975833227946423
1454,4.447804762526519e-05,0.9523751065135002,1.0165174156427383,0.13017834909260273,0.974007238317281
1455,4.432643261774668e-05,0.9577789902687073,1.0169798135757446,0.13009068043902516,0.9794194933446124
1456,4.4176187609717744e-05,0.9468839764595032,1.0164220109581947,0.13133117882534862,0.9685257284669205
1457,4.4027292092406066e-05,0.9447514079511166,1.0174218192696571,0.12893491610884666,0.9663891934975982
1458,4.387972598430184e-05,0.9449935480952263,1.0184332430362701,0.12947421427816153,0.9666569550987333
1459,4.37334696197811e-05,0.9469224326312542,1.0175767093896866,0.1276313760317862,0.9685502805793659
1460,4.3588503738096954e-05,0.9519060291349888,1.01589984446764,0.12812461098656058,0.9735052721342071
1461,4.344480947272511e-05,0.9577865898609161,1.0153791159391403,0.13175836903974414,0.9794117558700964
1462,4.330236834104992e-05,0.9543210081756115,1.0180781781673431,0.12956152809783816,0.9759781870199368
1463,4.316116223437837e-05,0.9526813887059689,1.0216753333806992,0.13032801868394017,0.9744181755604223
1464,4.302117340826978e-05,0.9607363007962704,1.0159069746732712,0.12823799718171358,0.9823368202615529
1465,4.2882384473169326e-05,0.96176777780056,1.0130025371909142,0.12507872330024838,0.9832786157773808
1466,4.2744778385334415e-05,0.9517657123506069,1.0151880830526352,0.12713786587119102,0.9733408526703716
1467,4.2608338438042764e-05,0.9606979191303253,1.015030398964882,0.13036840362474322,0.9823022111458705
1468,4.24730482530724e-05,0.9630150571465492,1.0183685421943665,0.13140625087544322,0.984696490499191
1469,4.2338891772443284e-05,0.9497969374060631,1.0176594406366348,0.12795813521370292,0.9714297075709328
1470,4.220585325041131e-05,0.9609185121953487,1.0168836563825607,0.1304308082908392,0.9825604934059083
1471,4.207391724570562e-05,0.9487468339502811,1.0190226882696152,0.12986967945471406,0.9704259845102207
1472,4.194306861400044e-05,0.9494905881583691,1.021107740700245,0.12894195225089788,0.9712021624948829
1473,4.181329250061321e-05,0.948116309940815,1.0192308649420738,0.12981465831398964,0.9697990738227963
1474,4.168457433342093e-05,0.9472760893404484,1.019285649061203,0.12898096349090338,0.9689516119565814
1475,4.1556899815987264e-05,0.9465974494814873,1.018344633281231,0.12907233461737633,0.9682550654932857
1476,4.143025492089258e-05,0.9457938261330128,1.0167715325951576,0.12958897789940238,0.9674251465639099
1477,4.130462588326044e-05,0.9492771998047829,1.018736757338047,0.1296653263270855,0.9709485882148147
1478,4.117999919447333e-05,0.9570641294121742,1.0140520334243774,0.12844172259792686,0.9786295873066411
1479,4.1056361596071304e-05,0.9597410745918751,1.0173057839274406,0.12962334835901856,0.9813834237540141
1480,4.0933700073827226e-05,0.9560501761734486,1.0163319557905197,0.12895712675526738,0.9776663865568116
1481,4.081200185199269e-05,0.9615349471569061,1.0155406519770622,0.13009034702554345,0.9831466636667029
1482,4.069125438770859e-05,0.9585654549300671,1.0175769701600075,0.12918326538056135,0.9802088269870728
1483,4.057144536557526e-05,0.9583273902535439,1.0166118294000626,0.13067874824628234,0.9799664143240079
1484,4.045256269237625e-05,0.9573231190443039,1.016904629766941,0.12957302248105407,0.9789569418644533
1485,4.033459449195113e-05,0.9470013938844204,1.0166963040828705,0.12860159063711762,0.968621335872449
1486,4.021752910021206e-05,0.9493553824722767,1.017228215932846,0.12825170159339905,0.9709824638068676
1487,4.010135506029957e-05,0.9424031861126423,1.015810951590538,0.12749549467116594,0.9639943600911648
1488,3.998606111787281e-05,0.9528755135834217,1.0179374068975449,0.12829958368092775,0.9745172575581819
1489,3.987163621653001e-05,0.9367817267775536,1.0157422870397568,0.1283618244342506,0.9583801907626912
1490,3.975806949335494e-05,0.9541343450546265,1.0183593854308128,0.1313306763768196,0.9758148395270109
1491,3.9645350274585125e-05,0.9529986195266247,1.016350120306015,0.12721070321276784,0.9745977289648726
1492,3.9533468071398056e-05,0.9494545087218285,1.0159388557076454,0.127752972766757,0.9710508155636489
1493,3.942241257581158e-05,0.9568906687200069,1.0159730836749077,0.13066194439306855,0.9785167498374359
1494,3.931217365669478e-05,0.94770323112607,1.0163416266441345,0.1288009281270206,0.9693180729402229
1495,3.920274135588595e-05,0.94930574670434,1.0166753605008125,0.1297119972296059,0.9709363738866523
1496,3.909410588441407e-05,0.9431313425302505,1.0180682092905045,0.12768373498693109,0.96476954406593
1497,3.8986257618820904e-05,0.9433064684271812,1.0183912217617035,0.12817822583019733,0.9649560751207173
1498,3.8879187097580096e-05,0.957774642854929,1.0186267346143723,0.12867108965292573,0.9794338884437456
1499,3.877288501761071e-05,0.9509661868214607,1.019762173295021,0.13075098162516952,0.9726689401036128
1500,3.866734223088193e-05,0.9454393796622753,1.0178285613656044,0.12762081203982234,0.9670721590099856
1501,3.856254974110638e-05,0.9591366872191429,1.0170696377754211,0.12890849355608225,0.9807671649102121
1502,3.8458498700519137e-05,0.948919203132391,1.019204743206501,0.12767480732873082,0.9705800460698083
1503,3.835518040673998e-05,0.9408029690384865,1.0195372551679611,0.12843298632651567,0.9624780440051109
1504,3.8252586299716214e-05,0.9478700906038284,1.019696094095707,0.129930570255965,0.9695633181883022
1505,3.8150707958743826e-05,0.9503789432346821,1.0155463889241219,0.1292712800204754,0.9719825838133692
1506,3.8049537099564315e-05,0.9541694521903992,1.0171639248728752,0.1285905740223825,0.9757986364280805
1507,3.7949065571535234e-05,0.9506404846906662,1.0168138816952705,0.12838605605065823,0.9722606228850782
1508,3.7849285354872106e-05,0.9519210830330849,1.019907869398594,0.1297972844913602,0.9736172132659704
1509,3.77501885579595e-05,0.95348996296525,1.0161235108971596,0.13057231297716498,0.9751181563129648
1510,3.765176741472954e-05,0.9524929858744144,1.0156653076410294,0.12781995767727494,0.9740844916040078
1511,3.7554014282105365e-05,0.9547707736492157,1.0170198306441307,0.1284315069206059,0.9763954853313043
1512,3.745692163750822e-05,0.9539418704807758,1.0151917710900307,0.12944161891937256,0.9755401220917701
1513,3.736048207642583e-05,0.9436666183173656,1.01662078499794,0.13015295006334782,0.9653005635179579
1514,3.726468831004052e-05,0.9467329829931259,1.0178322717547417,0.12920000916346908,0.9683816285198554
1515,3.7169533162915445e-05,0.9527071751654148,1.0157911106944084,0.12797256605699658,0.974302723039873
1516,3.707500957073687e-05,0.9548677951097488,1.0147171914577484,0.12790233921259642,0.9764411623310297
1517,3.698111057811144e-05,0.951422918587923,1.0179191380739212,0.12891804100945592,0.973070481759496
1518,3.688782933641638e-05,0.951203465461731,1.0175336077809334,0.1299833902157843,0.9728539715195075
1519,3.6795159101701414e-05,0.9499828517436981,1.0168096274137497,0.1282926769927144,0.9716019710619003
1520,3.6703093232640816e-05,0.9497241340577602,1.0148236379027367,0.1278029102832079,0.971298635918647
1521,3.6611625188534296e-05,0.9396240450441837,1.0185223445296288,0.13006241200491786,0.9612951160548254
1522,3.6520748527355166e-05,0.9424048960208893,1.0176626816391945,0.1280400576069951,0.964038550229743
1523,3.643045690384469e-05,0.9281466901302338,1.0171245634555817,0.12868776638060808,0.9497760590631514
1524,3.634074406765114e-05,0.9565806426107883,1.016110397875309,0.12914259592071176,0.9781942765275017
1525,3.6251603861512445e-05,0.9510251581668854,1.0156326666474342,0.1266327854245901,0.97260413935408
1526,3.61630302194812e-05,0.9545134641230106,1.0156641080975533,0.1291376007720828,0.9761181222926825
1527,3.6075017165190855e-05,0.9543538801372051,1.0142701342701912,0.1279832236468792,0.9759191150590777
1528,3.598755881016196e-05,0.935641560703516,1.014517918229103,0.12881836481392384,0.9572201027162373
1529,3.590064935214738e-05,0.9531893730163574,1.0145006328821182,0.1277245101518929,0.9747566307755188
1530,3.581428307351553e-05,0.9617678187787533,1.0158993899822235,0.1283485689200461,0.9833692922675982
1531,3.57284543396703e-05,0.946648120880127,1.0166881829500198,0.12908059265464544,0.9682726904656738
1532,3.564315759750711e-05,0.9435843266546726,1.0184158235788345,0.12714792229235172,0.9652241223491728
1533,3.55583873739038e-05,0.9555560313165188,1.0187532678246498,0.12861195020377636,0.9772172161750495
1534,3.547413827424557e-05,0.9560055918991566,1.0181820541620255,0.12823305930942297,0.9776515635754913
1535,3.539040498098294e-05,0.9533872865140438,1.0171344801783562,0.1301125674508512,0.9750311017921194
1536,3.5307182252222116e-05,0.9629900120198727,1.0162962302565575,0.12614923063665628,0.9845774289313703
1537,3.5224464920346606e-05,0.9563743956387043,1.0159416273236275,0.12875564768910408,0.977980784662068
1538,3.514224789066948e-05,0.9549600407481194,1.016288809478283,0.128170199226588,0.9765675189299509
1539,3.5060526140115396e-05,0.9496980383992195,1.0195836499333382,0.12875947635620832,0.9713773061614484
1540,3.497929471593149e-05,0.9710324108600616,1.0212487429380417,0.13106381753459573,0.9927680238941684
1541,3.489854873442677e-05,0.9496405497193336,1.0181831791996956,0.1279976344667375,0.9712841896479949
1542,3.481828337973879e-05,0.9533459506928921,1.0173619240522385,0.12802002485841513,0.974973389422521
1543,3.4738493902627217e-05,0.9464766792953014,1.0213699266314507,0.12956344801932573,0.9681997123081236
1544,3.465917561929358e-05,0.9574439637362957,1.0167253389954567,0.1303853834979236,0.979082324351184
1545,3.458032391022637e-05,0.9486701339483261,1.0174323096871376,0.12835881393402815,0.9703023682814091
1546,3.450193421907101e-05,0.9548198543488979,1.0168886184692383,0.13173815654590726,0.9764750082837417
1547,3.4424002051524045e-05,0.950677040964365,1.0184124559164047,0.12918547820299864,0.9723371448647231
1548,3.434652297425079e-05,0.9422219432890415,1.0174823254346848,0.12845674762502313,0.9638561572739854
1549,3.426949261382611e-05,0.9464456774294376,1.0168353021144867,0.12781747849658132,0.9680605582566932
1550,3.419290665569745e-05,0.9368032477796078,1.0165329724550247,0.1275705504231155,0.9584096127329395
1551,3.411676084316989e-05,0.9548207186162472,1.017261691391468,0.13029886595904827,0.976468941103667
1552,3.404105097641232e-05,0.9295905642211437,1.0191502273082733,0.1258277576416731,0.9512318463437259
1553,3.396577291148457e-05,0.9499475061893463,1.0170393362641335,0.12661043042317033,0.9715543972188607
1554,3.3890922559384656e-05,0.9439714066684246,1.0181854218244553,0.1281399610452354,0.9656165147153661
1555,3.381649588511596e-05,0.9509792439639568,1.0177149400115013,0.13174272421747446,0.9726509700063616
1556,3.37424889067735e-05,0.9476974755525589,1.01833226531744,0.1281130607239902,0.9693452514661476
1557,3.366889769464925e-05,0.9492217265069485,1.0205809324979782,0.13015851704403758,0.9709349303273483
1558,3.359571837035562e-05,0.9499696344137192,1.01840391010046,0.12847656989470124,0.9716224783146754
1559,3.3522947105967e-05,0.948308452963829,1.0146301314234734,0.12791779590770602,0.9698802335513755
1560,3.3450580123178655e-05,0.9441914521157742,1.0179878175258636,0.1303933272138238,0.9658551417384297
1561,3.3378613692482836e-05,0.9514497444033623,1.0163171589374542,0.12782250624150038,0.9730543126445264
1562,3.330704413236148e-05,0.9464303143322468,1.017402596771717,0.1312527391128242,0.9680908936588093
1563,3.323586780849514e-05,0.9521566480398178,1.0169286727905273,0.1273767980746925,0.9737689894763754
1564,3.3165081132987845e-05,0.9361839555203915,1.0176643282175064,0.12768901325762272,0.9578141322173178
1565,3.309468056360744e-05,0.9581100605428219,1.0180075988173485,0.13051314605399966,0.9797753439797089
1566,3.30246626030411e-05,0.9525790400803089,1.018376387655735,0.13052796758711338,0.9742518475092947
1567,3.295502379816557e-05,0.9501554891467094,1.017882600426674,0.12970961956307292,0.9718102373508736
1568,3.288576073933189e-05,0.9428883753716946,1.0178579092025757,0.12695000739768147,0.9645150336297229
1569,3.281687005966417e-05,0.9563696272671223,1.015125811100006,0.13211165880784392,0.9779932600772008
1570,3.2748348434372215e-05,0.9366142898797989,1.0186743661761284,0.12705734325572848,0.9582583506358788
1571,3.2680192580077494e-05,0.9466896317899227,1.0206015855073929,0.12906262325122952,0.9683922897325828
1572,3.26123992541524e-05,0.9476289190351963,1.0151694118976593,0.12953279074281454,0.9692276351805776
1573,3.2544965254072234e-05,0.9441766403615475,1.0173812881112099,0.1281548053957522,0.9658058141777291
1574,3.247788741677973e-05,0.9495932459831238,1.0181244388222694,0.12989476369693875,0.9712546823965386
1575,3.241116261806197e-05,0.9396784156560898,1.017614223062992,0.12845730828121305,0.9613152732001617
1576,3.234478777193915e-05,0.947501964867115,1.0147073790431023,0.1281478237360716,0.9690775906853377
1577,3.227875983006512e-05,0.9518104158341885,1.0183140486478806,0.12844195496290922,0.9734611163567751
1578,3.221307578113935e-05,0.9690958000719547,1.0163981392979622,0.13058238802477717,0.9907295867381618
1579,3.2147732650330136e-05,0.9639978408813477,1.0147923827171326,0.13022939581423998,0.9855959824938327
1580,3.208272749870866e-05,0.9625346250832081,1.0179183557629585,0.12979616317898035,0.9841909538302571
1581,3.2018057422693835e-05,0.9399421811103821,1.0224982649087906,0.12905670329928398,0.9616827134415507
1582,3.195371955350755e-05,0.9579082913696766,1.0142426788806915,0.12918151775375009,0.9794849601248279
1583,3.188971105664013e-05,0.9339056797325611,1.017933651804924,0.12841328093782067,0.9555484855780378
1584,3.182602913132587e-05,0.9476120360195637,1.0177467837929726,0.1308854091912508,0.9692758257873356
1585,3.176267101002825e-05,0.9526937752962112,1.0180631652474403,0.12772781634703279,0.9743323167646304
1586,3.169963395793483e-05,0.9443827271461487,1.0189418122172356,0.1285643340088427,0.9660472067305818
1587,3.1636915272461364e-05,0.9482382647693157,1.017726108431816,0.12867523916065693,0.9698795393295586
1588,3.157451228276518e-05,0.9512094147503376,1.0156951174139977,0.12865885626524687,0.97280990566127
1589,3.1512422349267436e-05,0.9587121233344078,1.0140150859951973,0.12996505573391914,0.9802920756116509
1590,3.14506428631842e-05,0.949270460754633,1.0185673162341118,0.12926439056172967,0.9709344509849325
1591,3.1389171246066054e-05,0.953695822507143,1.0152087435126305,0.12824009358882904,0.9752823983132839
1592,3.132800494934604e-05,0.940918792039156,1.0195286273956299,0.13160229241475463,0.9626253875112161
1593,3.126714145389595e-05,0.9428982622921467,1.0185596346855164,0.12893971148878336,0.9645588521007449
1594,3.12065782695905e-05,0.9576953798532486,1.0147253647446632,0.12845874531194568,0.9792744746012613
1595,3.114631293487943e-05,0.9608154967427254,1.0163409039378166,0.13227517949417233,0.9824650666164234
1596,3.108634301636731e-05,0.9394179508090019,1.0166911110281944,0.12921743281185627,0.9610439473576844
1597,3.102666610840081e-05,0.9388767331838608,1.0195190086960793,0.12949225259944797,0.9605620358837769
1598,3.0967279832663406e-05,0.9554242752492428,1.0154999420046806,0.12682962976396084,0.977002570386976
1599,3.090818183777727e-05,0.952233262360096,1.0167200714349747,0.1293654735200107,0.9738613185239956
1600,3.0849369798912225e-05,0.9611206650733948,1.0142753347754478,0.12907368363812566,0.982696908605285
1601,3.0790841417401616e-05,0.9484504237771034,1.0167461335659027,0.13046587817370892,0.9700900052301586
1602,3.073259442036495e-05,0.9467666931450367,1.0161942020058632,0.12906682398170233,0.9683812454249711
1603,3.067462656033717e-05,0.9531985558569431,1.0165607184171677,0.12936324113979936,0.9748234026366845
1604,3.0616935614904446e-05,0.9341751895844936,1.01646838337183,0.12898624455556273,0.9557944196974859
1605,3.055951938634626e-05,0.9535304196178913,1.017393171787262,0.1315597789362073,0.9751938808429986
1606,3.0502375701283815e-05,0.9599762111902237,1.017892524600029,0.13135686237365007,0.9816476303059608
1607,3.0445502410334436e-05,0.9509102329611778,1.0164891704916954,0.1309074484743178,0.9725490908557549
1608,3.0388897387772044e-05,0.943453274667263,1.0173085927963257,0.1294392477720976,0.9650938390009105
1609,3.033255853119343e-05,0.9469798915088177,1.0166412591934204,0.12825638940557837,0.9685952805867418
1610,3.0276483761190275e-05,0.9481653422117233,1.0163662508130074,0.12888291059061885,0.9697814963338897
1611,3.0220671021026835e-05,0.948404848575592,1.0182384997606277,0.12980650318786502,0.9700676836026833
1612,3.0165118276322994e-05,0.9527050256729126,1.0154778137803078,0.12937155785039067,0.9743082975270226
1613,3.0109823514742922e-05,0.9561618715524673,1.0164907351136208,0.12890706304460764,0.9777807568851858
1614,3.005478474568882e-05,0.9739516973495483,1.011276125907898,0.13068068772554398,0.9954840267449618
