step,learning_rate,ce_loss,ratio_loss,byte_boundary_loss,total_loss
1,2.1739130434782607e-06,5.581838071346283,1.0448719710111618,0.30115155689418316,5.617793088611216
2,4.347826086956521e-06,5.5590527057647705,1.0456260740756989,0.3012725319713354,5.595028853844851
3,6.521739130434782e-06,5.488358914852142,1.0534409806132317,0.3007668647915125,5.524466077703983
4,8.695652173913043e-06,5.3383097648620605,1.0456523448228836,0.3004521578550339,5.3742454196512695
5,1.0869565217391305e-05,5.151615709066391,1.0497325509786606,0.2995969895273447,5.187590209562331
6,1.3043478260869564e-05,4.940951764583588,1.0322343744337559,0.29822893254458904,4.9765078986994915
7,1.5217391304347825e-05,4.780095666646957,1.0290032848715782,0.29712906666100025,4.815532185677439
8,1.7391304347826085e-05,4.655098497867584,1.0210300460457802,0.29569985903799534,4.6903040917403995
9,1.956521739130435e-05,4.558918058872223,1.006604865193367,0.2937920428812504,4.593739758320153
10,2.173913043478261e-05,4.460127979516983,0.9904418513178825,0.29154573008418083,4.49451410304755
11,2.391304347826087e-05,4.446340799331665,0.9758491553366184,0.28883065842092037,4.480299315359443
12,2.6086956521739128e-05,4.410476177930832,0.9582339748740196,0.28559157252311707,4.443920436054468
13,2.8260869565217392e-05,4.369828790426254,0.946278378367424,0.2816071677953005,4.402834716383367
14,3.043478260869565e-05,4.29604297876358,0.9351634941995144,0.2767156586050987,4.328582031577826
15,3.260869565217392e-05,4.232359528541565,0.9230679236352444,0.2714899107813835,4.26439538255334
16,3.478260869565217e-05,4.135381400585175,0.9244709834456444,0.26554080471396446,4.167147860489785
17,3.695652173913043e-05,4.094538569450378,0.925878569483757,0.26060873083770275,4.126086577381939
18,3.91304347826087e-05,4.016195714473724,0.9408870413899422,0.25515748746693134,4.04777132967487
19,4.130434782608695e-05,3.9883462488651276,0.9566166549921036,0.25154445692896843,4.020055804811418
20,4.347826086956522e-05,3.9478305131196976,0.9910272806882858,0.24768242053687572,3.980035179760307
21,4.5652173913043474e-05,3.865317702293396,1.0473997443914413,0.24483004584908485,3.898507199473679
22,4.782608695652174e-05,3.8708842545747757,1.0819262862205505,0.24395067617297173,3.904720314107835
23,5e-05,3.810638278722763,1.1003674194216728,0.24341128207743168,3.844816191215068
24,5.2173913043478256e-05,3.708183214068413,1.109416052699089,0.244494310580194,3.7425962506514043
25,5.434782608695652e-05,3.6397757530212402,1.1163136065006256,0.246917056851089,3.6744478779938072
26,5.6521739130434784e-05,3.574067384004593,1.1217493191361427,0.2503043282777071,3.609017586801201
27,5.8695652173913045e-05,3.515582099556923,1.1235588788986206,0.2556855361908674,3.5508375539444383
28,6.08695652173913e-05,3.4185210168361664,1.1230071932077408,0.2615932282060385,3.4540608221106233
29,6.304347826086956e-05,3.3736824691295624,1.122357189655304,0.26795435324311256,3.409527330584824
30,6.521739130434783e-05,3.3252506256103516,1.119695320725441,0.27399175986647606,3.361344120018184
31,6.73913043478261e-05,3.291635051369667,1.1174255385994911,0.2775769326835871,3.327862408775836
32,6.956521739130434e-05,3.2524824738502502,1.1148111000657082,0.28122927621006966,3.288840159662068
33,7.17391304347826e-05,3.226692721247673,1.1105774641036987,0.2835798654705286,3.2630832638032734
34,7.391304347826086e-05,3.14608570933342,0.9876981228590012,0.2881697043776512,3.180248157009482
35,7.608695652173914e-05,3.0916763693094254,0.9552097544074059,0.2901738602668047,3.125289257410914
36,7.82608695652174e-05,3.04551599919796,0.9449289925396442,0.28964262269437313,3.0788967101834714
37,8.043478260869565e-05,3.052343934774399,0.9810949712991714,0.2856073323637247,3.0862462008185685
38,8.26086956521739e-05,2.9733546376228333,0.9910486787557602,0.28245155699551105,3.007298189047724
39,8.478260869565218e-05,2.9499685913324356,1.0623130425810814,0.27513090521097183,2.984971397444606
40,8.695652173913044e-05,2.883063465356827,1.0756265372037888,0.2696720268577337,2.918059597443789
41,8.91304347826087e-05,2.880615308880806,1.0653565749526024,0.26507854275405407,2.9151763675175606
42,9.130434782608695e-05,2.857790783047676,1.0513292774558067,0.2618323005735874,2.8919089836254717
43,9.347826086956521e-05,2.8342547863721848,1.0367285758256912,0.2569593843072653,2.867837327104062
44,9.565217391304348e-05,2.738443598151207,1.0284131914377213,0.254352193325758,2.7717294716462493
45,9.782608695652174e-05,2.7376522421836853,1.0130993947386742,0.2484906306490302,2.7703387616109105
46,0.0001,2.6935274451971054,1.0029087588191032,0.2426892314106226,2.7257200819440186
47,0.00010217391304347825,2.664896458387375,0.9914390780031681,0.23689482919871807,2.6965699814073743
48,0.00010434782608695651,2.655848905444145,0.9818443804979324,0.23154049087315798,2.6870628175977616
49,0.00010652173913043477,2.6205596029758453,0.9734197184443474,0.2247061152011156,2.651263303104788
50,0.00010869565217391303,2.6024085879325867,0.9656521491706371,0.21763561852276325,2.6326034118421378
51,0.00011086956521739131,2.5460541248321533,0.9604074992239475,0.21087141800671816,2.5758058457169684
52,0.00011304347826086957,2.520378530025482,0.9569923803210258,0.20395514369010925,2.5497161348164084
53,0.00011521739130434783,2.508270800113678,0.9613173715770245,0.19589644204825163,2.5372919696476313
54,0.00011739130434782609,2.4833975434303284,0.9718053638935089,0.18774918466806412,2.512221109941602
55,0.00011956521739130435,2.455881491303444,1.0288134217262268,0.18140145670622587,2.48552783257328
56,0.0001217391304347826,2.439197316765785,1.132749505341053,0.17560819257050753,2.470632716501132
57,0.00012391304347826086,2.4192463755607605,1.1588914394378662,0.16788969933986664,2.450818689316511
58,0.00012608695652173912,2.3866417706012726,1.1744473949074745,0.16372792702168226,2.4183171148505065
59,0.00012826086956521738,2.3719334453344345,1.1740189790725708,0.159003596752882,2.40336400475353
60,0.00013043478260869567,2.358018919825554,1.1704876571893692,0.15709628630429506,2.389283487284556
61,0.00013260869565217393,2.346051648259163,1.1498057842254639,0.15357998479157686,2.376726763183251
62,0.0001347826086956522,2.314060166478157,1.0339216031134129,0.15051580127328634,2.34226438860409
63,0.00013695652173913042,2.3117689341306686,0.9952371679246426,0.14913274627178907,2.339130314802751
64,0.00013913043478260868,2.2826890498399734,0.9894392564892769,0.14325318671762943,2.3096404943056403
65,0.00014130434782608694,2.273209258913994,0.9963333234190941,0.14196941256523132,2.3002343960106373
66,0.0001434782608695652,2.232543244957924,0.9896518774330616,0.13774986192584038,2.259223775602877
67,0.00014565217391304347,2.238907977938652,0.987869381904602,0.1362456064671278,2.2654776459001007
68,0.00014782608695652173,2.2220974266529083,0.9849771112203598,0.13642958272248507,2.2486184480134397
69,0.00015000000000000001,2.209765002131462,0.9860290847718716,0.1311479564756155,2.2360429816506806
70,0.00015217391304347827,2.1624927669763565,0.9881352409720421,0.12360924342647195,2.1884359339671207
71,0.00015434782608695654,2.1502845287323,0.9837605878710747,0.1208406207151711,2.1760017715254802
72,0.0001565217391304348,2.16530579328537,0.9855303801596165,0.11813420196995139,2.19092311098706
73,0.00015869565217391303,2.097080484032631,0.9883057773113251,0.11261814925819635,2.122477507041767
74,0.0001608695652173913,2.089854210615158,0.9844037741422653,0.10667729051783681,2.1148761506238953
75,0.00016304347826086955,2.1000109016895294,0.9847046546638012,0.10655962582677603,2.125032976074144
76,0.0001652173913043478,2.081370249390602,0.9859733767807484,0.1034121080301702,2.1062603223277256
77,0.00016739130434782607,2.096002385020256,0.9814870841801167,0.09965357510372996,2.1206148054590446
78,0.00016956521739130436,2.0539505928754807,0.9868667647242546,0.09383989125490189,2.078379922732711
79,0.00017173913043478262,2.027766674757004,0.9998391158878803,0.09161615371704102,2.0523442647606136
80,0.00017391304347826088,2.041493199765682,0.9986825361847878,0.0915553574450314,2.0660446183616292
81,0.00017608695652173914,2.016300082206726,0.9984800219535828,0.08473593043163419,2.0405064791673793
82,0.0001782608695652174,1.9987012967467308,1.0187095254659653,0.08471072791144252,2.023311023651622
83,0.00018043478260869564,1.9967071786522865,1.0426975935697556,0.08317498117685318,2.0217198795825246
84,0.0001826086956521739,1.9881404042243958,1.0555336698889732,0.0802220213226974,2.01326217868831
85,0.00018478260869565216,2.006877914071083,1.0463472306728363,0.07906640833243728,2.0317581791011614
86,0.00018695652173913042,1.9751875475049019,1.0476024523377419,0.07441148813813925,1.9998601709585635
87,0.0001891304347826087,1.9465488493442535,1.055497020483017,0.07477598870173097,1.9713975891890005
88,0.00019130434782608697,1.9557592868804932,1.0497132018208504,0.07320526288822293,1.9804138140613212
89,0.00019347826086956523,1.9406681060791016,1.0188509784638882,0.07128520542755723,1.9646093859197573
90,0.0001956521739130435,1.9393491297960281,1.0048875138163567,0.07102059293538332,1.9629979097191244
91,0.00019782608695652172,1.91860032081604,0.991299495100975,0.07008680002763867,1.9419306507194414
92,0.0002,1.9160631000995636,0.9886788465082645,0.06978584220632911,1.9393259691400453
93,0.00020217391304347827,1.9023916274309158,0.9904863387346268,0.06787645095027983,1.9255951767531225
94,0.0002043478260869565,1.9142087325453758,0.9912086762487888,0.0672500473447144,1.9373954084375873
95,0.0002065217391304348,1.8840984851121902,0.9970003850758076,0.0660541313700378,1.9073411993822083
96,0.00020869565217391303,1.895072765648365,0.9919201880693436,0.06709051807411015,1.9182656953134574
97,0.0002108695652173913,1.8716712072491646,1.0038659274578094,0.0650962614454329,1.8950033388705925
98,0.00021304347826086955,1.8750763982534409,1.0174929425120354,0.06431337748654187,1.8986419259780085
99,0.00021521739130434783,1.8641648069024086,1.019962877035141,0.06328928424045444,1.8877285286551342
100,0.00021739130434782607,1.854442410171032,1.0379326939582825,0.06291461386717856,1.8783467947435566
101,0.00021956521739130436,1.8575395420193672,1.01302020996809,0.0608027249109,1.880840082464274
102,0.00022173913043478262,1.8333631753921509,1.0122217610478401,0.05957535281777382,1.8565863782539964
103,0.00022391304347826085,1.83384408056736,1.0052777417004108,0.05898760678246617,1.8568990157404914
104,0.00022608695652173914,1.81504338234663,0.991998266428709,0.05808923509903252,1.8377878094301558
105,0.00022826086956521737,1.8055074661970139,0.9897823296487331,0.05700623244047165,1.8281534244120121
106,0.00023043478260869566,1.8133783712983131,0.9993028081953526,0.05527561577036977,1.8361282082507389
107,0.0002326086956521739,1.7741387337446213,1.018811285495758,0.05282983020879328,1.797156450964976
108,0.00023478260869565218,1.8015759661793709,1.0135656148195267,0.05128853744827211,1.824411705348175
109,0.00023695652173913041,1.7851490378379822,1.0002683103084564,0.0491690943017602,1.8076128587592395
110,0.0002391304347826087,1.7677367478609085,1.0146635100245476,0.04693434224463999,1.7903767351736315
111,0.00024130434782608696,1.760071948170662,1.010097447782755,0.048675367841497064,1.7827076655183918
112,0.0002434782608695652,1.7597490921616554,1.0062952749431133,0.04615983064286411,1.7821829891926608
113,0.0002456521739130435,1.7585269138216972,1.0066114999353886,0.0429187985137105,1.7808050837460905
114,0.0002478260869565217,1.7542260587215424,1.0136364698410034,0.04423138592392206,1.7767103574145586
115,0.00025,1.7280745431780815,1.0195612758398056,0.039746355498209596,1.7504530864697883
116,0.00025217391304347824,1.7203541845083237,1.01990906894207,0.03926377254538238,1.7427155545144342
117,0.0002543478260869565,1.7295548170804977,1.0087467804551125,0.036843304289504886,1.7515719179040754
118,0.00025652173913043476,1.725670948624611,0.9997738786041737,0.03630152065306902,1.7474815022293477
119,0.00025869565217391305,1.726489782333374,1.0006753504276276,0.036544318310916424,1.7483305052574725
120,0.00026086956521739134,1.707885704934597,1.0256391577422619,0.03457230399362743,1.7301271032891237
121,0.00026304347826086957,1.6975993886590004,1.0165649615228176,0.034171615494415164,1.7196392686641775
122,0.00026521739130434786,1.703089900314808,0.9863850548863411,0.032678180490620434,1.7244515104370657
123,0.0002673913043478261,1.7177481427788734,0.998959980905056,0.02987337752711028,1.7392210112733302
124,0.0002695652173913044,1.6841713711619377,1.028442569077015,0.028636218630708754,1.7061720334750134
125,0.0002717391304347826,1.6653475314378738,1.038531444966793,0.028309974586591125,1.6875336590665393
126,0.00027391304347826085,1.6820641085505486,1.0174916163086891,0.02825301350094378,1.7038265915517694
127,0.00027608695652173913,1.6674818098545074,1.0137364454567432,0.029025731957517564,1.6892078253615184
128,0.00027826086956521737,1.6635264232754707,1.006323829293251,0.02772771497257054,1.6850392856099643
129,0.00028043478260869565,1.6476535126566887,0.9983177222311497,0.027877242770045996,1.669013729239814
130,0.0002826086956521739,1.6542117893695831,1.0051166154444218,0.02613881544675678,1.6756210624508094
131,0.0002847826086956522,1.6474063247442245,0.9973989985883236,0.025825198972597718,1.668645564664621
132,0.0002869565217391304,1.6262079924345016,1.012756608426571,0.02668735245242715,1.6477974922256544
133,0.0002891304347826087,1.645556628704071,1.0221664048731327,0.025692362221889198,1.6672845749126282
134,0.00029130434782608693,1.6235185116529465,1.0026724934577942,0.025950557668693364,1.644869489405537
135,0.0002934782608695652,1.625325731933117,1.0320665314793587,0.025196380564011633,1.6472268815909046
136,0.00029565217391304345,1.6219754070043564,1.0163418985903263,0.025793504202738404,1.6435919201862998
137,0.00029782608695652174,1.6026399731636047,1.0172686576843262,0.02312739985063672,1.624141716309823
138,0.00030000000000000003,1.6053765341639519,0.9991276785731316,0.02264328266028315,1.6264912518684287
139,0.00030217391304347826,1.5912623852491379,1.0005666501820087,0.022123673814348876,1.6123799019434955
140,0.00030434782608695655,1.6029602959752083,0.986994381994009,0.022528925444930792,1.623826629887335
141,0.0003065217391304348,1.5953871384263039,1.0120057091116905,0.021661341772414744,1.6167103196971584
142,0.00030869565217391307,1.5964298248291016,1.0502294152975082,0.0214146317448467,1.618505144722294
143,0.0003108695652173913,1.5786280035972595,1.029541440308094,0.02116745011880994,1.6002772049093619
144,0.0003130434782608696,1.5899862945079803,1.019129280000925,0.021525840740650892,1.6114451721450316
145,0.0003152173913043478,1.5562383979558945,1.0018263943493366,0.020661320886574686,1.57730799188721
146,0.00031739130434782606,1.566360928118229,0.9787665382027626,0.021001308341510594,1.5869863242993596
147,0.00031956521739130435,1.5803169459104538,0.9921663142740726,0.020075544249266386,1.6011640494083985
148,0.0003217391304347826,1.5911825448274612,1.024650052189827,0.01949394855182618,1.612650243298849
149,0.00032391304347826087,1.5412933826446533,1.0449185073375702,0.01940592855680734,1.563162049219245
150,0.0003260869565217391,1.5452250242233276,1.0120482593774796,0.01952205691486597,1.5664420922566207
151,0.0003282608695652174,1.5400376543402672,0.9880858138203621,0.019561997381970286,1.5607774704857729
152,0.0003304347826086956,1.5419363975524902,1.0030232295393944,0.019291271339170635,1.5629614257102367
153,0.0003326086956521739,1.5308678448200226,1.0147021114826202,0.01916240353602916,1.5521200072264765
154,0.00033478260869565214,1.5258408710360527,1.0349688231945038,0.01938395481556654,1.5475094452407212
155,0.00033695652173913043,1.5271241515874863,1.0465621054172516,0.01878086372744292,1.5489944368822033
156,0.0003391304347826087,1.516753189265728,0.9807708226144314,0.01826190494466573,1.53728170096525
157,0.00034130434782608695,1.5340499207377434,1.0004058107733727,0.01771946146618575,1.5549440100265202
158,0.00034347826086956524,1.5170419737696648,0.9903589561581612,0.01846032007597387,1.5377721688966268
159,0.0003456521739130435,1.5168800726532936,1.0216526836156845,0.018903314601629972,1.5382582920556886
160,0.00034782608695652176,1.4999620243906975,1.0467685759067535,0.017733590677380562,1.5217840754427017
161,0.00035,1.5139636844396591,1.0057498253881931,0.017717062029987574,1.5349645340489224
162,0.00035,1.5011403560638428,0.9806000702083111,0.018506121588870883,1.5216776635474527
163,0.00035,1.5004801973700523,1.0252133756875992,0.01677313121035695,1.521823121444322
164,0.00035,1.5051775053143501,0.9900183081626892,0.017787218908779323,1.525867232423043
165,0.00035,1.4984102323651314,1.0256541445851326,0.016647978802211583,1.5197557141969447
166,0.00035,1.486690416932106,1.0219352766871452,0.016221188590861857,1.5079401818953921
167,0.00035,1.5069677755236626,1.0043405331671238,0.016442122869193554,1.5278766923304647
168,0.00035,1.4897811636328697,0.9843715466558933,0.016082238173112273,1.5102727064746433
169,0.00035,1.4855819568037987,1.037658967077732,0.01544766325969249,1.507107519308338
170,0.00035,1.4920452758669853,1.0032460242509842,0.016540226293727756,1.5129372076666914
171,0.00035,1.477774739265442,1.0271051228046417,0.015143118158448488,1.4990739976294571
172,0.00035,1.4771517366170883,0.9968653731048107,0.015527729410678148,1.4978654305497185
173,0.00035,1.4723742082715034,1.0128182731568813,0.016537405317649245,1.4934574440005235
174,0.00035,1.4827620461583138,1.0096005387604237,0.01658934634178877,1.5037835242506117
175,0.00035,1.4542574360966682,1.0103434920310974,0.016469391819555312,1.4752877755282678
176,0.00035,1.4663497358560562,1.0207372456789017,0.015443122596479952,1.4875366368994583
177,0.00035,1.4444916620850563,0.9863956160843372,0.015502421301789582,1.4649946954718325
178,0.00035,1.4613407477736473,1.0277073457837105,0.014381530578248203,1.482613971218234
179,0.00035,1.469030924141407,1.023170530796051,0.015092227375134826,1.4902489461260846
180,0.00035,1.441147893667221,1.0142217725515366,0.01428004156332463,1.462146331196418
181,0.00035,1.4502595961093903,1.0018313713371754,0.01399969810154289,1.470996208441211
182,0.00035,1.4503222778439522,0.9940858595073223,0.013364002283196896,1.4708721951482584
183,0.00035,1.4250669553875923,1.0295105576515198,0.012735296040773392,1.4462939313426615
184,0.00035,1.4324696883559227,1.0124085545539856,0.012967421032954007,1.45336623049865
185,0.00035,1.4388550370931625,0.9970074631273746,0.012214387767016888,1.459405905744061
186,0.00035,1.432448536157608,1.0040475018322468,0.011912644258700311,1.453125118407188
187,0.00035,1.4272130951285362,0.991600789129734,0.01161613326985389,1.4476259175746236
188,0.00035,1.4278710409998894,1.0288105010986328,0.011493870639242232,1.4490219445538242
189,0.00035,1.4323117434978485,1.040755808353424,0.01054196251789108,1.4536539577908114
190,0.00035,1.417990691959858,1.0018250867724419,0.011392917193006724,1.438596839554957
191,0.00035,1.413925014436245,0.9843983799219131,0.01199989893939346,1.434212976981653
192,0.00035,1.3944948464632034,0.9896537996828556,0.011497924220748246,1.414862818667898
193,0.00035,1.4053628146648407,1.035865657031536,0.011084489931818098,1.4266343523020621
194,0.00035,1.4069217517971992,1.049948938190937,0.011157100438140333,1.428478585582925
195,0.00035,1.4082555770874023,1.0185671523213387,0.011304819257929921,1.4291921610967255
196,0.00035,1.417821928858757,1.0048124492168427,0.011168759607244283,1.438476615823456
197,0.00035,1.3984957709908485,0.9622360654175282,0.011471974721644074,1.4183140910352814
198,0.00035,1.416268140077591,0.9896982163190842,0.011676471738610417,1.436645927990903
199,0.00035,1.3802059441804886,1.0108652487397194,0.01188777998322621,1.4010176381544444
200,0.00035,1.397426277399063,0.9848076477646828,0.013719456444960088,1.4178084031766047
201,0.00035,1.4000487849116325,1.1342359483242035,0.01181105274008587,1.4233240565151208
202,0.00035,1.3792273253202438,1.0569320172071457,0.012549821753054857,1.4009934567520395
203,0.00035,1.4071868136525154,1.006821371614933,0.01251464243978262,1.4279489732068031
204,0.00035,1.3937694281339645,0.9764024019241333,0.012163051986135542,1.413905628771754
205,0.00035,1.3735767751932144,0.9717457741498947,0.012328661978244781,1.3936281237751245
206,0.00035,1.377603366971016,0.9735956601798534,0.012439743033610284,1.3976972673262935
207,0.00035,1.3879211097955704,1.0062437877058983,0.012606824224349111,1.4086763267609057
208,0.00035,1.3807636126875877,1.0572740212082863,0.012227366562001407,1.4025204614398536
209,0.00035,1.375786766409874,1.0894831120967865,0.011181226465851068,1.3981354899751024
210,0.00035,1.3998888581991196,1.0344648361206055,0.011398400005418807,1.4211480749218026
211,0.00035,1.3757481798529625,1.0037874914705753,0.010992329334840178,1.396373546149116
212,0.00035,1.3694284483790398,0.974226962774992,0.011566433822736144,1.3894913093256764
213,0.00035,1.3729993999004364,0.9622805528342724,0.011168984812684357,1.3928034601977561
214,0.00035,1.3704917654395103,0.9747570753097534,0.010076571314129978,1.3904907355114118
215,0.00035,1.3760419860482216,0.9857522249221802,0.009854050760623068,1.3962497330846964
216,0.00035,1.3503388091921806,1.0212902650237083,0.00965672911843285,1.3712474509485766
217,0.00035,1.3440115228295326,1.0647219642996788,0.009900856937747449,1.3658010049624134
218,0.00035,1.3500937223434448,1.071265809237957,0.009549919108394533,1.3719965344836236
219,0.00035,1.3603814542293549,1.0445557236671448,0.009398989554028958,1.381742518180399
220,0.00035,1.3577247932553291,1.0021723881363869,0.009607185493223369,1.3782486002927181
221,0.00035,1.3426328524947166,0.9847709089517593,0.009117026580497622,1.3627841220027768
222,0.00035,1.3600755780935287,0.9815371967852116,0.009737512213177979,1.3801931976398918
223,0.00035,1.3557884693145752,0.9896031245589256,0.008909662661608309,1.3760260149388341
224,0.00035,1.359081655740738,0.980627965182066,0.009161157009657472,1.3791522728948622
225,0.00035,1.348154954612255,0.9930911250412464,0.009139077388681471,1.3684737309825141
226,0.00035,1.3265842869877815,1.0204973667860031,0.009259683371055871,1.3474572184920544
227,0.00035,1.336451105773449,1.0341954752802849,0.009390541701577604,1.3576045423641336
228,0.00035,1.3460962995886803,1.0464249476790428,0.009795108286198229,1.3675145539565712
229,0.00035,1.3623344376683235,1.0368260070681572,0.009288923989515752,1.3835354040091625
230,0.00035,1.338191345334053,1.016545906662941,0.010143827588763088,1.3590294548467499
231,0.00035,1.3386343196034431,0.997322928160429,0.009565927844960243,1.3590590745588997
232,0.00035,1.3516913205385208,0.9891810975968838,0.00972724356688559,1.3719613046688026
233,0.00035,1.3273007050156593,0.9838037453591824,0.010107175214216113,1.3474821386835538
234,0.00035,1.3472899422049522,0.9928685054183006,0.009823794418480247,1.3676385020342423
235,0.00035,1.3269857093691826,1.0080423578619957,0.009320224169641733,1.3476125677349045
236,0.00035,1.3268971219658852,1.0192102119326591,0.009738453372847289,1.3477682488731808
237,0.00035,1.3443032130599022,1.0336039885878563,0.009528130176477134,1.3654516993404833
238,0.00035,1.309910237789154,1.0295033603906631,0.009662413038313389,1.3309834256488828
239,0.00035,1.331160120666027,1.0161380469799042,0.008887345204129815,1.3519272488658318
240,0.00035,1.3204370960593224,1.002195656299591,0.00908048270503059,1.3409350333205656
241,0.00035,1.3236522153019905,0.993298601359129,0.00903669575927779,1.343970022117137
242,0.00035,1.3084680661559105,0.9923836551606655,0.008952527598012239,1.3287633656390245
243,0.00035,1.305871643126011,0.9949961863458157,0.008936236670706421,1.3262183786864625
244,0.00035,1.30839291960001,1.0083130598068237,0.00848065922036767,1.3289832137571647
245,0.00035,1.3226591795682907,1.0246076956391335,0.00840854863054119,1.3435717609126006
246,0.00035,1.2911793440580368,1.024217650294304,0.008566093456465751,1.3120920017367461
247,0.00035,1.3023752272129059,1.0138569623231888,0.008504508092300966,1.3230775918639848
248,0.00035,1.3089833930134773,1.0070549882948399,0.008654713281430304,1.3295572284434456
249,0.00035,1.323709636926651,0.9911188408732414,0.00841467030113563,1.3439527472591726
250,0.00035,1.310496248304844,0.9971182383596897,0.007770175754558295,1.3308271218597656
251,0.00035,1.3101925253868103,1.000166978687048,0.008873608312569559,1.3306395453761797
252,0.00035,1.3287335485219955,1.0112008228898048,0.007883037789724767,1.349351716869278
253,0.00035,1.317389339208603,1.0107961222529411,0.0077797138947062194,1.337994247348397
254,0.00035,1.3119821175932884,1.019372284412384,0.00802468039910309,1.332770797301491
255,0.00035,1.3165591359138489,1.0147853642702103,0.009520616731606424,1.3373308740358334
256,0.00035,1.316322959959507,1.0194571167230606,0.008690098009537905,1.3371466071944451
257,0.00035,1.3174893036484718,0.9991146698594093,0.008330343815032393,1.3378881142364116
258,0.00035,1.304174579679966,0.9924609176814556,0.008780859352555126,1.324462841001223
259,0.00035,1.308244839310646,0.9979045800864697,0.009961065545212477,1.3287009841896362
260,0.00035,1.3220022469758987,1.0049874745309353,0.00926726940087974,1.3425653599365615
261,0.00035,1.2885212302207947,1.00531417876482,0.009371049411129206,1.3090960662666475
262,0.00035,1.2854544520378113,1.0125737078487873,0.009345638623926789,1.3061732081259834
263,0.00035,1.2894084379076958,1.0133276879787445,0.009453014296013862,1.3101476423820715
264,0.00035,1.3013517409563065,1.0134266540408134,0.009638598479796201,1.3221022039611126
265,0.00035,1.2987355962395668,1.008822150528431,0.009183937043417245,1.3193712361023062
266,0.00035,1.292377047240734,1.00979732722044,0.008908365678507835,1.3130184120690682
267,0.00035,1.2993436455726624,1.010746382176876,0.008635805977974087,1.3199903635150985
268,0.00035,1.285887561738491,1.0027874782681465,0.008492415130604059,1.306367932060384
269,0.00035,1.2909732535481453,1.0045133531093597,0.008631064090877771,1.3114950738148763
270,0.00035,1.3055376559495926,1.006663490086794,0.008686224173288792,1.3261052369599928
271,0.00035,1.2897102162241936,1.0084352642297745,0.008052569959545508,1.3102815500067664
272,0.00035,1.285757176578045,1.0002672411501408,0.008031961973756552,1.3061641194997355
273,0.00035,1.2836306616663933,1.0031015649437904,0.007872060494264588,1.3040862959899822
274,0.00035,1.2768972590565681,1.0020310804247856,0.008051190961850807,1.2973404402131563
275,0.00035,1.2823255807161331,1.0157016664743423,0.00799079510034062,1.303039153800637
276,0.00035,1.2612751424312592,1.0054067559540272,0.00860400780220516,1.28181347794045
277,0.00035,1.2870328575372696,1.0239906683564186,0.008316237770486623,1.3079284827929223
278,0.00035,1.279976062476635,1.01531682908535,0.00875591833028011,1.3007201949748561
279,0.00035,1.273830533027649,1.0174616500735283,0.00835099266259931,1.2945973156622494
280,0.00035,1.2738719210028648,1.004400324076414,0.008445760991889983,1.2943822155339877
281,0.00035,1.2673825696110725,1.0058434791862965,0.008349474286660552,1.2879169129091315
282,0.00035,1.2788892090320587,0.9930080957710743,0.008827173383906484,1.2991907296166756
283,0.00035,1.2854004725813866,0.9953449703752995,0.008501918870024383,1.3057324679323938
284,0.00035,1.2673704400658607,1.014333263039589,0.007884162361733615,1.2880513134447393
285,0.00035,1.2850950360298157,1.0311551094055176,0.008465119870379567,1.3061413942114448
286,0.00035,1.2647291123867035,1.0210502594709396,0.008716215146705508,1.2855859283334574
287,0.00035,1.2793476581573486,1.0030032992362976,0.00902487919665873,1.2998589681019075
288,0.00035,1.2677744626998901,0.9956581071019173,0.009020201629027724,1.2881386349233799
289,0.00035,1.257775753736496,0.988905131816864,0.009151325561106205,1.2780114226508885
290,0.00035,1.270519271492958,0.9960069321095943,0.008941392006818205,1.2908864797354909
291,0.00035,1.2785588130354881,1.0065167769789696,0.008646035683341324,1.2991214503592345
292,0.00035,1.2766893580555916,1.0248896479606628,0.008472704095765948,1.2976107862195931
293,0.00035,1.2730065137147903,1.0217021629214287,0.008486493781674653,1.2938648816623028
294,0.00035,1.2731278985738754,1.0068251863121986,0.008287295291665941,1.2936787670647028
295,0.00035,1.2664867341518402,0.9980959296226501,0.008130525675369427,1.2868551790280618
296,0.00035,1.24435693025589,0.9825540371239185,0.008475130016449839,1.2644317674991907
297,0.00035,1.2666561156511307,1.0008265934884548,0.007732125639449805,1.2870592538028722
298,0.00035,1.2602654695510864,1.0214742869138718,0.007880064455093816,1.2810889585121186
299,0.00035,1.2550173848867416,1.0308171212673187,0.007840105186915025,1.2760257325714337
300,0.00035,1.257865123450756,1.0068621411919594,0.00786222715396434,1.2783954776322934
301,0.00035,1.269208773970604,0.9960980080068111,0.008018449589144439,1.2895316566101973
302,0.00035,1.2626232579350471,0.982180193066597,0.00855945673538372,1.2826948346331482
303,0.00035,1.2572209984064102,0.9861818328499794,0.008585915435105562,1.277373930835165
304,0.00035,1.2553152590990067,0.9997670352458954,0.00937216734746471,1.2757792081712978
305,0.00035,1.2520517334342003,1.0188279896974564,0.00867780641419813,1.2728621835488594
306,0.00035,1.2672412693500519,1.0280396416783333,0.00960991543252021,1.2882825579552446
307,0.00035,1.2579273506999016,1.019056186079979,0.009281087201088667,1.2787725287815557
308,0.00035,1.2587263211607933,1.0196358039975166,0.008654469740577042,1.2795517607277727
309,0.00035,1.2525492832064629,1.0242991223931313,0.009336197865195572,1.2735020755475854
310,0.00035,1.2465481385588646,1.021101914346218,0.009428763994947076,1.2674416150455363
311,0.00035,1.245641604065895,1.0143275186419487,0.009048942709341645,1.266380601574201
312,0.00035,1.2518039122223854,0.9933891892433167,0.008796781359706074,1.2721115350752372
313,0.00035,1.264675185084343,0.9823473133146763,0.008931365795433521,1.2847686996404082
314,0.00035,1.252375453710556,0.9808728694915771,0.00912528985645622,1.2724491755932104
315,0.00035,1.2523738145828247,1.0034159496426582,0.008706846740096807,1.2728774759126829
316,0.00035,1.2432945296168327,1.0204316154122353,0.00807425519451499,1.2641068746848032
317,0.00035,1.2364253178238869,1.014518216252327,0.007933629560284317,1.2571123636269477
318,0.00035,1.2527871206402779,1.0180124714970589,0.008427836088230833,1.2735687618746305
319,0.00035,1.2567563280463219,1.003348145633936,0.00811555262771435,1.2772290685903862
320,0.00035,1.2413960620760918,0.9954059571027756,0.007810127077391371,1.261694687572017
321,0.00035,1.2366623282432556,0.9938841685652733,0.007739730412140489,1.256926998135168
322,0.00035,1.2633881568908691,0.9981113411486149,0.007957143476232886,1.283748240887653
323,0.00035,1.2375739514827728,0.9989490285515785,0.008046993083553389,1.257955281707982
324,0.00035,1.2495415210723877,1.008426919579506,0.007860905752750114,1.2701031047516154
325,0.00035,1.2560094371438026,1.0037881135940552,0.00785334364627488,1.2764778665979974
326,0.00035,1.2453667968511581,1.0131884291768074,0.007954391359817237,1.2660282850026852
327,0.00035,1.256843276321888,1.012482538819313,0.008084389963187277,1.2774971465964335
328,0.00035,1.2386167272925377,1.0091398395597935,0.008457762247417122,1.2592224121961044
329,0.00035,1.226642906665802,1.0149423405528069,0.008192498760763556,1.2473513784148962
330,0.00035,1.2422715872526169,1.0049672238528728,0.008691743249073625,1.2628055188921279
331,0.00035,1.243806079030037,1.0172087997198105,0.00751829327782616,1.2645261696883245
332,0.00035,1.2425552383065224,1.0053379647433758,0.008298303262563422,1.263076912764518
333,0.00035,1.2389959543943405,0.998628281056881,0.007931116939289495,1.2593650758624426
334,0.00035,1.2455879375338554,1.0010033175349236,0.007667664845939726,1.2659913871268509
335,0.00035,1.2376471161842346,1.0023299306631088,0.008304481685627252,1.258108938881778
336,0.00035,1.2429156303405762,1.0008201599121094,0.008455902396235615,1.26335482865863
337,0.00035,1.2315149307250977,1.0086472481489182,0.008340928819961846,1.252104922129074
338,0.00035,1.2353305146098137,1.0101953893899918,0.008395880198804662,1.2559542164075537
339,0.00035,1.2347844019532204,1.0115921869874,0.008465855964459479,1.2554395384911914
340,0.00035,1.2354863211512566,1.0029739998281002,0.008376117970328778,1.255964607046335
341,0.00035,1.2322771549224854,0.99703049659729,0.008174588874680921,1.2526264942981653
342,0.00035,1.230898156762123,0.992832250893116,0.007750419928925112,1.2511423227764318
343,0.00035,1.2388164773583412,0.996625293046236,0.0077585950784850866,1.2591369129731902
344,0.00035,1.2033269181847572,1.0115938745439053,0.007777624821756035,1.223947676916723
345,0.00035,1.229527197778225,1.0172270238399506,0.007913374662166461,1.2502674069881323
346,0.00035,1.2142238914966583,1.0191203132271767,0.007439737557433546,1.2349782846390736
347,0.00035,1.2122551426291466,1.0078562647104263,0.007712126447586343,1.2327978742457344
348,0.00035,1.220400296151638,1.0012758113443851,0.00750886753667146,1.2408012557553592
349,0.00035,1.2312238439917564,1.000835608690977,0.007667131023481488,1.25162391271675
350,0.00035,1.2179561480879784,1.004014778882265,0.007194000238087028,1.2383961436775281
351,0.00035,1.2436604872345924,1.0045917071402073,0.007570699352072552,1.2641308563450002
352,0.00035,1.2470240369439125,1.0093124695122242,0.006806006713304669,1.2675505866698222
353,0.00035,1.222772255539894,1.0110999643802643,0.007413557992549613,1.243364932727127
354,0.00035,1.2296251058578491,1.0045929364860058,0.007272040558746085,1.2500805666155066
355,0.00035,1.2174845859408379,1.0073276981711388,0.007681489456444979,1.2380152143770828
356,0.00035,1.2132933661341667,1.0007428266108036,0.007833041250705719,1.233699874728918
357,0.00035,1.2175732776522636,0.9902652092278004,0.008297870663227513,1.237793475369981
358,0.00035,1.2153383120894432,0.9942946881055832,0.00828599906526506,1.235638505804818
359,0.00035,1.1975588724017143,1.0085904337465763,0.008214041183236986,1.2181413831358079
360,0.00035,1.223192237317562,1.016120932996273,0.008569986297516152,1.2439431552923634
361,0.00035,1.2280050590634346,1.0126074999570847,0.008099332335405052,1.2486621756793466
362,0.00035,1.2113789767026901,1.0063840635120869,0.008196444367058575,1.2319164801912847
363,0.00035,1.2146179974079132,1.004799984395504,0.00746624733437784,1.235087309462542
364,0.00035,1.2130418866872787,1.0131734162569046,0.007644600322237238,1.2336875850285287
365,0.00035,1.2236274778842926,1.0058296248316765,0.007940130366478115,1.24414107689925
366,0.00035,1.2140443623065948,0.999122865498066,0.007715007028309628,1.2344125699679718
367,0.00035,1.2167909517884254,0.9906442388892174,0.007990301615791395,1.2370033516469994
368,0.00035,1.1941249519586563,1.0035863257944584,0.007549436908448115,1.2145741503199678
369,0.00035,1.2200965508818626,1.009907491505146,0.008107825473416597,1.2407000919856364
370,0.00035,1.2247626185417175,1.023344248533249,0.007510592462494969,1.2456050331355073
371,0.00035,1.2063279077410698,1.0064262673258781,0.007852034963434562,1.226849034835759
372,0.00035,1.2059405073523521,0.9997778534889221,0.007878614851506427,1.226329995164706
373,0.00035,1.2194980755448341,1.0038828738033772,0.008061138418270275,1.239978789941815
374,0.00035,1.219158411026001,1.0031795836985111,0.008266604942036793,1.239635332947073
375,0.00035,1.2161190509796143,0.9979685954749584,0.008659965067636222,1.2365114211424952
376,0.00035,1.2158535346388817,0.9891517944633961,0.008371595933567733,1.236055150324828
377,0.00035,1.2181259244680405,0.9975020997226238,0.008198428549803793,1.2384858878899832
378,0.00035,1.2264680191874504,1.0347121357917786,0.00827002280857414,1.2475757630437148
379,0.00035,1.2100549936294556,1.022598497569561,0.008026927302125841,1.230908309945953
380,0.00035,1.2140379026532173,1.0070794485509396,0.008452596492134035,1.2346021214488427
381,0.00035,1.1920691579580307,0.9973155371844769,0.008785987098235637,1.212454768056632
382,0.00035,1.2039808332920074,0.998031847178936,0.008421388454735279,1.2243625396583229
383,0.00035,1.2089485228061676,1.0028191357851028,0.008401088125538081,1.2294249599281466
384,0.00035,1.2048062831163406,0.9982378408312798,0.008523460594005883,1.2251972129626667
385,0.00035,1.2064836099743843,1.0054745823144913,0.008405567263253033,1.2270133799838367
386,0.00035,1.212233379483223,1.0191714987158775,0.008559253328712657,1.2330447721239761
387,0.00035,1.2266523838043213,1.004786230623722,0.008389822440221906,1.2471675995388067
388,0.00035,1.2009691298007965,0.9959876053035259,0.00814455354702659,1.2212961095842183
389,0.00035,1.201763354241848,0.9910115450620651,0.008113328396575525,1.2219892515629183
390,0.00035,1.2186104282736778,0.9900762476027012,0.007883759710239246,1.2388061412112439
391,0.00035,1.2035066410899162,1.00440176948905,0.007662302639801055,1.2239777916116872
392,0.00035,1.2065827921032906,1.0227235183119774,0.007910657732281834,1.2274327953561441
393,0.00035,1.2090444192290306,1.021146446466446,0.007816219149390236,1.229858159115829
394,0.00035,1.2024566605687141,1.0067377164959908,0.007326473045395687,1.2229577385509036
395,0.00035,1.1966072544455528,0.9956300035119057,0.007438091095536947,1.2168917590705677
396,0.00035,1.197194643318653,0.9907704256474972,0.0072419794742017984,1.2173721508053132
397,0.00035,1.2087967172265053,0.985323678702116,0.007596693001687527,1.228883025450632
398,0.00035,1.2240444272756577,0.998536616563797,0.007112990599125624,1.24437080913689
399,0.00035,1.197410948574543,0.9980783760547638,0.007905364065663889,1.2177677842989216
400,0.00035,1.193084716796875,1.0309742465615273,0.008042229077545926,1.2141063131819827
401,0.00035,1.2037437409162521,1.0128276534378529,0.007956719724461436,1.2243981299712323
402,0.00035,1.197213388979435,1.0090772360563278,0.008686330664204434,1.2178292502337718
403,0.00035,1.2068861201405525,1.006232850253582,0.008239936316385865,1.2274227739614436
404,0.00035,1.1916096955537796,0.9915325231850147,0.008372110576601699,1.2118589515463098
405,0.00035,1.1934055760502815,0.994756605476141,0.008318211184814572,1.2137166187190451
406,0.00035,1.182899922132492,1.006134007126093,0.008698675403138623,1.203457536045171
407,0.00035,1.1994642913341522,1.0087168589234352,0.008860669913701713,1.220081662008306
408,0.00035,1.1972903534770012,1.0288960188627243,0.008350729069206864,1.218285810307716
409,0.00035,1.198964387178421,1.0047888346016407,0.008971965813543648,1.2195087621611311
410,0.00035,1.1966592967510223,0.9941597767174244,0.008428891160292551,1.2169639368433856
411,0.00035,1.1951186284422874,0.9930935576558113,0.0082372730539646,1.2153923632481018
412,0.00035,1.1795508414506912,0.9972139224410057,0.008141046768287197,1.1999021722379257
413,0.00035,1.1957367435097694,1.0032597295939922,0.008010761841433123,1.2162024761937211
414,0.00035,1.1906465217471123,1.0044503770768642,0.007691296981647611,1.2111200941377318
415,0.00035,1.1953058615326881,0.9983591660857201,0.007136893807910383,1.215629889544798
416,0.00035,1.166831985116005,1.0062759555876255,0.006859394459752366,1.187300473950745
417,0.00035,1.1885902434587479,1.0164983868598938,0.006818910886067897,1.2092611567402491
418,0.00035,1.184620514512062,1.018738180398941,0.00694245146587491,1.2053424006933346
419,0.00035,1.200492300093174,0.9960036724805832,0.006937754194950685,1.220759261252533
420,0.00035,1.1987325921654701,0.9951068125665188,0.006933689321158454,1.2189814128828584
421,0.00035,1.1967135220766068,1.005172424018383,0.007341177784837782,1.2171840294462164
422,0.00035,1.1793659627437592,1.0152458027005196,0.00711546596721746,1.2000266520961302
423,0.00035,1.1986788734793663,1.0116111934185028,0.007754096761345863,1.2192988021858038
424,0.00035,1.177115797996521,0.9990838430821896,0.007508166920160875,1.197472883204173
425,0.00035,1.1925249844789505,0.9961542785167694,0.007583953847642988,1.212827267741668
426,0.00035,1.1875155717134476,1.0021886676549911,0.007800444320309907,1.207949367282563
427,0.00035,1.1762016713619232,1.011226862668991,0.007254793250467628,1.1967889482778264
428,0.00035,1.1960404440760612,1.0028277523815632,0.007375380082521588,1.2164657681278186
429,0.00035,1.1755416244268417,1.0011325106024742,0.007363636919762939,1.1959324564848794
430,0.00035,1.2066141813993454,0.9975697100162506,0.007580748992040753,1.2269446130492725
431,0.00035,1.1799485757946968,1.0011423528194427,0.00787163557833992,1.2003650046300025
432,0.00035,1.182211585342884,1.0074118748307228,0.00788937194738537,1.2027542914368679
433,0.00035,1.183385543525219,1.0012808106839657,0.007890438952017576,1.2038056816864993
434,0.00035,1.1787476018071175,1.0076133497059345,0.008098148740828037,1.1993047762382776
435,0.00035,1.1750156208872795,1.0123756229877472,0.008022531226743013,1.1956642599083716
436,0.00035,1.158422440290451,0.9965760670602322,0.007678051944822073,1.1787378642288968
437,0.00035,1.1736114174127579,0.9935545399785042,0.008416935103014112,1.1939033549674787
438,0.00035,1.1736253127455711,0.9823800288140774,0.007896559924120083,1.1936677413180588
439,0.00035,1.177829496562481,1.0057176649570465,0.008132457529427484,1.1983504727380934
440,0.00035,1.1770636588335037,1.0211839079856873,0.008124198648147285,1.1978935469256249
441,0.00035,1.173032395541668,1.0362714156508446,0.007670663733733818,1.1941413570413715
442,0.00035,1.177991397678852,0.9939615614712238,0.008170227956725284,1.1982791403061128
443,0.00035,1.1661433279514313,0.9899895638227463,0.008015271741896868,1.186343882814981
444,0.00035,1.1844186037778854,0.9994105771183968,0.00789742314373143,1.20480168647744
445,0.00035,1.1891142278909683,0.9991368688642979,0.007742208545096219,1.2094840756955092
446,0.00035,1.1871489956974983,0.9905517734587193,0.007926718593807891,1.207356367096363
447,0.00035,1.1911369115114212,1.0034268908202648,0.007967742218170315,1.2116038364387351
448,0.00035,1.1749811992049217,1.0165960229933262,0.008035998122068122,1.1957149195708916
449,0.00035,1.1713775172829628,1.0101413503289223,0.007587602885905653,1.1919597244338365
450,0.00035,1.1780504509806633,1.0012010112404823,0.0075766335357911885,1.1984533028822626
451,0.00035,1.1740334406495094,0.9953647255897522,0.007498384919017553,1.1943156544072553
452,0.00035,1.169231005012989,1.0031804405152798,0.007686963159358129,1.1896789619812627
453,0.00035,1.1776029914617538,1.0106585323810577,0.007672265783185139,1.1981997753985343
454,0.00035,1.184080995619297,1.0063824877142906,0.007465651375241578,1.2045819279423449
455,0.00035,1.1755655780434608,1.0018839091062546,0.007440888264682144,1.1959753006388198
456,0.00035,1.1807848289608955,0.9942373782396317,0.007559735618997365,1.201047563306638
457,0.00035,1.1908036172389984,0.997010350227356,0.007907590683316812,1.2111392037777113
458,0.00035,1.1738883703947067,1.000528771430254,0.00745415870915167,1.1942716537587694
459,0.00035,1.166649952530861,1.0041758976876736,0.008156569441780448,1.1871412989567034
460,0.00035,1.162915363907814,1.0342355966567993,0.008046415314311162,1.1840023966066655
461,0.00035,1.173918254673481,1.0065281055867672,0.008780300908256322,1.1944878318306291
462,0.00035,1.166630282998085,1.0001231580972672,0.007995354942977428,1.1870325139071791
463,0.00035,1.1752968057990074,0.9778239764273167,0.008358997438335791,1.1952712351994705
464,0.00035,1.1605078652501106,0.976608369499445,0.00862622310523875,1.1804713437953613
465,0.00035,1.1614795550704002,1.0054566524922848,0.008323288260726258,1.1820048525332822
466,0.00035,1.1764353886246681,1.0190074518322945,0.008539839764125645,1.1972425296495204
467,0.00035,1.1671197563409805,1.012524053454399,0.008383905835216865,1.1877894327018295
468,0.00035,1.1752943843603134,1.0243748500943184,0.00868585699936375,1.196216174212168
469,0.00035,1.1698940247297287,1.0080578587949276,0.008566273347241804,1.1904834955729895
470,0.00035,1.1557950600981712,0.9764645956456661,0.008234322856878862,1.1757360681539284
471,0.00035,1.1541767716407776,0.9922302402555943,0.007970094913616776,1.1744198811915705
472,0.00035,1.156747281551361,1.0014863200485706,0.008406256296439096,1.1771973207671544
473,0.00035,1.1760564744472504,1.0153276696801186,0.008094032556982711,1.196767729468702
474,0.00035,1.170311100780964,1.0181549340486526,0.008119807549519464,1.191080189839413
475,0.00035,1.1661742627620697,1.0163538828492165,0.007908808795036748,1.186896780858806
476,0.00035,1.1595343351364136,1.0033340491354465,0.007320937205804512,1.1799670629794128
477,0.00035,1.1607833430171013,0.9895695522427559,0.007310372078791261,1.1809402526658959
478,0.00035,1.1654072925448418,0.9977389685809612,0.007358549395576119,1.1857299993862398
479,0.00035,1.1597561091184616,0.9844552986323833,0.0070760330418124795,1.1797990167431998
480,0.00035,1.157025396823883,0.9916450046002865,0.007126583252102137,1.177214626078494
481,0.00035,1.1690163910388947,1.0131245031952858,0.006982664548559114,1.1896280143302282
482,0.00035,1.162227787077427,1.0210139453411102,0.007409643643768504,1.1830185481664375
483,0.00035,1.171738661825657,1.0118304714560509,0.0070471348881255835,1.1923276279991843
484,0.00035,1.1599145233631134,1.0068718902766705,0.007342020340729505,1.1804190621856834
485,0.00035,1.1630173102021217,0.9982767924666405,0.00707667600363493,1.1833366798516365
486,0.00035,1.1699034720659256,0.9983140043914318,0.007411318365484476,1.1902403180720285
487,0.00035,1.1671301797032356,0.9858385175466537,0.007274099072674289,1.1872106550078025
488,0.00035,1.157616026699543,1.005236528813839,0.007200089137768373,1.178080761732708
489,0.00035,1.1653281971812248,0.996637150645256,0.007129658595658839,1.1856174231239127
490,0.00035,1.1660327538847923,1.0057174116373062,0.0076751830347348005,1.1865308612692753
491,0.00035,1.1623374372720718,1.0111235305666924,0.007679766975343227,1.1829438962321728
492,0.00035,1.1570408195257187,1.0101910755038261,0.007494343561120331,1.1776193582138512
493,0.00035,1.1581583246588707,1.0046509616076946,0.007182411442045122,1.1786104644631268
494,0.00035,1.158275119960308,1.0005587749183178,0.007259407895617187,1.1786492658534553
495,0.00035,1.1425970867276192,0.9908714778721333,0.007420956855639815,1.162785564127844
496,0.00035,1.1591079011559486,0.999648928642273,0.007593574613565579,1.1794805584594723
497,0.00035,1.165410429239273,1.0113114565610886,0.007621737779118121,1.186017745259451
498,0.00035,1.160967655479908,1.012299608439207,0.007705355295911431,1.1815989154134876
499,0.00035,1.158283069729805,1.0029073432087898,0.0073628301615826786,1.17870935810206
500,0.00035,1.151563748717308,0.9936481826007366,0.0073799510137178,1.1718057099200088
501,0.00035,1.150551475584507,0.9854006320238113,0.007024373626336455,1.1706107069063
502,0.00035,1.1373133137822151,0.9947194568812847,0.007018380973022431,1.157558621968492
503,0.00035,1.1594999060034752,1.0038965418934822,0.0075121704721823335,1.1799534453649538
504,0.00035,1.156126968562603,1.0343006327748299,0.007376894121989608,1.177181825924199
505,0.00035,1.1458545252680779,1.0026614479720592,0.007538343139458448,1.166284671384492
506,0.00035,1.1628020107746124,1.0039776004850864,0.00734118593391031,1.1832486220810097
507,0.00035,1.1555969268083572,0.9900501258671284,0.0075496666540857404,1.1757754126584041
508,0.00035,1.1528308764100075,0.9886254966259003,0.007518081372836605,1.1729792904111673
509,0.00035,1.1551825478672981,0.993594616651535,0.00789616911788471,1.1754492486562231
510,0.00035,1.1535403802990913,1.0143140330910683,0.00797481823246926,1.1742254018725362
511,0.00035,1.1575261056423187,1.020958200097084,0.007886120991315693,1.1783395756938262
512,0.00035,1.1538096815347672,1.019416980445385,0.007753966638119891,1.1745857194755809
513,0.00035,1.144781917333603,1.0017780140042305,0.007738453685306013,1.1652044002979527
514,0.00035,1.1450854688882828,0.9928463771939278,0.006983938132179901,1.1652915933387702
515,0.00035,1.151423193514347,0.9846841730177402,0.007057895214529708,1.1714697717354283
516,0.00035,1.1533708423376083,0.9875244684517384,0.0067470289941411465,1.1734586831563503
517,0.00035,1.144713617861271,0.991628710180521,0.006870803685160354,1.1648897322491394
518,0.00035,1.1560453325510025,1.0099556110799313,0.006844710907898843,1.176586680317996
519,0.00035,1.1615342125296593,1.0086121968925,0.00686760398093611,1.1820498366665562
520,0.00035,1.1413125470280647,1.016074612736702,0.007219368853839114,1.1619950077254908
521,0.00035,1.1529305800795555,1.0174721330404282,0.007447509909979999,1.173652398235863
522,0.00035,1.1543413773179054,1.0027462393045425,0.007227065216284245,1.1747576553648105
523,0.00035,1.1546213999390602,0.9899161420762539,0.0073732968885451555,1.1747883876250125
524,0.00035,1.145621694624424,0.9965602047741413,0.007628210907569155,1.1659343092652854
525,0.00035,1.1514572575688362,0.9906329959630966,0.007678540045162663,1.1716538444903561
526,0.00035,1.138395681977272,1.000250704586506,0.0076133090478833765,1.1587813615213962
527,0.00035,1.1496916487812996,1.0043611489236355,0.008255907479906455,1.1701916671337678
528,0.00035,1.1435866355895996,1.010269932448864,0.0077049774990882725,1.1641772831135313
529,0.00035,1.153921790421009,1.0137108489871025,0.007862524857046083,1.1745891336436034
530,0.00035,1.1425804123282433,1.0182536244392395,0.007491256692446768,1.1633200476516503
531,0.00035,1.1435655802488327,0.9995735324919224,0.007622946839546785,1.1639381982406485
532,0.00035,1.14149659126997,0.9963259436190128,0.007855217583710328,1.1618158710215358
533,0.00035,1.143373303115368,0.9898160919547081,0.007413395040202886,1.1635402947064721
534,0.00035,1.1421994864940643,0.9892191477119923,0.007774927216814831,1.162372615809145
535,0.00035,1.140306018292904,1.0113021433353424,0.008126264903694391,1.1609383744047956
536,0.00035,1.1390051618218422,1.0113131664693356,0.007736556086456403,1.1596182529555519
537,0.00035,1.1316291764378548,1.0119419693946838,0.007697117747738957,1.1522528717131353
538,0.00035,1.1329380050301552,1.0213613510131836,0.007548690307885408,1.153742666565813
539,0.00035,1.1467099785804749,1.0048679932951927,0.007758202846162021,1.1671952485886867
540,0.00035,1.136866234242916,0.987671859562397,0.007378596608759835,1.156988601264602
541,0.00035,1.1426017060875893,0.9760170094668865,0.0075623598240781575,1.162500164268131
542,0.00035,1.1372410133481026,0.9831438735127449,0.006762162025552243,1.1572419989196352
543,0.00035,1.1486879214644432,0.9880833886563778,0.0070273493765853345,1.1688009567064002
544,0.00035,1.1330189108848572,1.0156867280602455,0.007118574663763866,1.1536885741792504
545,0.00035,1.151327133178711,1.0367999374866486,0.006840006943093613,1.1724051322755984
546,0.00035,1.1382863819599152,1.0070762634277344,0.006774580047931522,1.1587666362308664
547,0.00035,1.1410127729177475,1.003639031201601,0.0067396021040622145,1.1614225336469826
548,0.00035,1.1273334547877312,0.9930942729115486,0.006399759877240285,1.147515328239824
549,0.00035,1.1425702571868896,0.9988167472183704,0.006599958083825186,1.1628765900354483
550,0.00035,1.1408750712871552,0.997743584215641,0.00640629994450137,1.161150257968693
551,0.00035,1.1553229093551636,0.9965295009315014,0.0066393732849974185,1.1755854680380433
552,0.00035,1.1335591450333595,1.0111470520496368,0.006658889906248078,1.1541150305696646
553,0.00035,1.1425570920109749,1.0091422721743584,0.006886839837534353,1.1630842794463387
554,0.00035,1.15238656103611,1.0187645703554153,0.007280556106707081,1.1731258802485536
555,0.00035,1.147638164460659,1.005075041204691,0.007522492320276797,1.1681157899007668
556,0.00035,1.1343823224306107,1.001389566808939,0.006960842001717538,1.1547581558668754
557,0.00035,1.138511024415493,0.9820831082761288,0.0073958716238848865,1.1585224801622098
558,0.00035,1.1326596215367317,0.9893274493515491,0.006964835512917489,1.1527944122994087
559,0.00035,1.1414497643709183,0.991839062422514,0.006961792940273881,1.1616346352663822
560,0.00035,1.1404970437288284,1.004314262419939,0.007199973857495934,1.160943327670102
561,0.00035,1.1421753391623497,1.0110880360007286,0.007413320185150951,1.1627677658916218
562,0.00035,1.1444131508469582,1.01203141361475,0.007452741585439071,1.165026416198525
563,0.00035,1.1447155624628067,1.013438392430544,0.007681252318434417,1.1653683929273393
564,0.00035,1.1288995742797852,1.003814022988081,0.007544295454863459,1.14935306951229
565,0.00035,1.137303277850151,0.9999563544988632,0.007720140303717926,1.1576884119553144
566,0.00035,1.135127604007721,0.9985606670379639,0.007467347866622731,1.1554721847418112
567,0.00035,1.1369091719388962,1.0010510720312595,0.007672019390156493,1.157313794349029
568,0.00035,1.1354475244879723,0.996730599552393,0.007779714040225372,1.1557711221810314
569,0.00035,1.1251676827669144,0.9890113025903702,0.00724921960500069,1.1453103697989717
570,0.00035,1.1456154212355614,1.0032936930656433,0.007457473286194727,1.166054168761184
571,0.00035,1.1384220123291016,0.9945311695337296,0.0074131295550614595,1.1586832921975292
572,0.00035,1.1290789172053337,1.0247003585100174,0.007071402476867661,1.1499264944993774
573,0.00035,1.129977986216545,1.0061122700572014,0.007322127086808905,1.1504663379720297
574,0.00035,1.1354091316461563,1.006803222000599,0.007291095185792074,1.1559097508454579
575,0.00035,1.142127014696598,0.9937568418681622,0.00723973527783528,1.1623641382978531
576,0.00035,1.1266874745488167,0.9857232682406902,0.007517324120271951,1.146777806119644
577,0.00035,1.1423658058047295,0.9926490597426891,0.007615075854118913,1.162599540792289
578,0.00035,1.1302769407629967,1.0006720796227455,0.007490701216738671,1.1506649174162884
579,0.00035,1.1270583719015121,1.005892001092434,0.007659275579499081,1.1475591757023358
580,0.00035,1.1309224665164948,1.0251674428582191,0.007459985208697617,1.151798814634094
581,0.00035,1.146384708583355,1.0269005224108696,0.007526190776843578,1.1672990285704146
582,0.00035,1.1226070746779442,1.00678601115942,0.007478252926375717,1.1431167075474513
583,0.00035,1.1207688599824905,0.9973593652248383,0.007498853432480246,1.1410909899586112
584,0.00035,1.1333967223763466,0.9890742413699627,0.007780038082273677,1.1535672091078595
585,0.00035,1.1328744515776634,0.9812391400337219,0.007400706264888868,1.1528692696915823
586,0.00035,1.130624696612358,0.9850935861468315,0.00775605216040276,1.150714370943315
587,0.00035,1.1254464536905289,0.9918072558939457,0.008028114913031459,1.1456840045540595
588,0.00035,1.1185963526368141,1.012591391801834,0.007743419497273862,1.1392353514477145
589,0.00035,1.136953465640545,1.0061142295598984,0.007638328504981473,1.1574576666569918
590,0.00035,1.1339553371071815,1.0285620465874672,0.007642921700607985,1.1549087241239613
591,0.00035,1.1273198500275612,1.0119887068867683,0.007271087029948831,1.147923178516794
592,0.00035,1.1356115937232971,0.9969827197492123,0.007030808483250439,1.155902788542444
593,0.00035,1.1200015544891357,1.0001926459372044,0.007249899674206972,1.1403679023915902
594,0.00035,1.1326497346162796,0.9911492727696896,0.00695460956194438,1.1528204505497706
595,0.00035,1.1228932440280914,0.9873582907021046,0.007471384044038132,1.1430139790443354
596,0.00035,1.1194729655981064,0.9969188459217548,0.0070224503870122135,1.1397624650358922
597,0.00035,1.1296475604176521,0.9951548837125301,0.007335189351579174,1.1499174175594817
598,0.00035,1.1370174214243889,1.003843940794468,0.007118159934179857,1.1574502082369873
599,0.00035,1.1302100792527199,1.0068200044333935,0.007149293931433931,1.1507039440379594
600,0.00035,1.1369290500879288,0.9985840916633606,0.006980483129154891,1.1572497560776536
601,0.00035,1.1316335201263428,1.009418111294508,0.007141700363717973,1.152178967370419
602,0.00035,1.1248962208628654,1.0142798945307732,0.006938997947145253,1.1455287686508382
603,0.00035,1.1159460991621017,1.008712138980627,0.006925668945768848,1.1364666253890028
604,0.00035,1.1217144429683685,0.9972022697329521,0.006849935918580741,1.1420009851589568
605,0.00035,1.1278936937451363,0.9906462617218494,0.007107209297828376,1.1480619794444646
606,0.00035,1.1257792115211487,0.9888368621468544,0.00700442332890816,1.1459061699305313
607,0.00035,1.1063298657536507,0.990146528929472,0.006913139688549563,1.1264784533166676
608,0.00035,1.1252701357007027,1.0025415644049644,0.007026305625913665,1.1456722822700978
609,0.00035,1.1196815520524979,1.012407161295414,0.006856744497781619,1.1402725325032952
610,0.00035,1.1392258629202843,1.017878070473671,0.0069806649698875844,1.159932457578252
611,0.00035,1.1322498843073845,1.0009996257722378,0.0070631619018968195,1.152623034917924
612,0.00035,1.1211229413747787,0.9951584935188293,0.006929747120011598,1.141372598601156
613,0.00035,1.1207443699240685,0.9904246181249619,0.007061518786940724,1.1409059382259148
614,0.00035,1.120920017361641,0.9922078810632229,0.006881686014821753,1.1411082592836466
615,0.00035,1.1254343762993813,1.0051460191607475,0.006956396013265476,1.1458851164832595
616,0.00035,1.1202988028526306,1.0066278204321861,0.00686749562737532,1.140774734042643
617,0.00035,1.1304713934659958,1.0032783038914204,0.006718410208122805,1.1508728800542303
618,0.00035,1.1348951235413551,1.0076936036348343,0.007082013442413881,1.1554030962861723
619,0.00035,1.1056277751922607,1.0148328468203545,0.0069342811475507915,1.1262711461860455
620,0.00035,1.129517875611782,1.008362103253603,0.007188720133854076,1.1500445536835469
621,0.00035,1.125146970152855,0.9899496771395206,0.0070261234359350055,1.1452972698674422
622,0.00035,1.1260461807250977,0.9901947751641273,0.00674552281270735,1.1461873523690156
623,0.00035,1.1131209209561348,0.9960137791931629,0.0070487653138116,1.1333936348056886
624,0.00035,1.1128312572836876,1.001072559505701,0.006974471907597035,1.1332014320691814
625,0.00035,1.1074342802166939,0.9946867041289806,0.006626891816267744,1.1276593588900867
626,0.00035,1.1194510757923126,0.9993989057838917,0.006898054125485942,1.1397839566142647
627,0.00035,1.1123378276824951,1.0040636882185936,0.006708413740852848,1.1327545221339097
628,0.00035,1.1027434542775154,1.0089453384280205,0.006847215001471341,1.1232647217961496
629,0.00035,1.0992771238088608,1.0038756281137466,0.007210300624137744,1.1197151514023427
630,0.00035,1.1170927286148071,1.0076973177492619,0.007230951974634081,1.137608222568524
631,0.00035,1.121105469763279,1.021499715745449,0.00726538774324581,1.14189873346535
632,0.00035,1.1224821731448174,1.0126881301403046,0.007444037852110341,1.143108137640229
633,0.00035,1.1231616139411926,1.0054255314171314,0.0072760251350700855,1.1436339258262889
634,0.00035,1.1133988127112389,0.9898857846856117,0.007441820431267843,1.1335686194265144
635,0.00035,1.1231400594115257,0.9873465187847614,0.007372240215772763,1.1432556017980096
636,0.00035,1.1171112284064293,0.9838761277496815,0.007289877044968307,1.1371532448136714
637,0.00035,1.1129366680979729,0.9981564469635487,0.007172697951318696,1.1332584319348098
638,0.00035,1.1233703270554543,1.007070381194353,0.007320982695091516,1.1438777838140959
639,0.00035,1.124023549258709,1.0159299299120903,0.007175013015512377,1.1447008985077263
640,0.00035,1.1092952489852905,1.0158650316298008,0.006971075577894226,1.1299611033967814
641,0.00035,1.1146393492817879,1.008770164102316,0.006930963019840419,1.1351613007148262
642,0.00035,1.1156832724809647,1.002598937600851,0.006945469707716256,1.1360825247183675
643,0.00035,1.1016229093074799,0.9877703115344048,0.0072861582157202065,1.121742623448954
644,0.00035,1.1029591262340546,0.9911448620259762,0.006783337303204462,1.1231211903397342
645,0.00035,1.11482672393322,0.9899155460298061,0.007127740740543231,1.1349814218908432
646,0.00035,1.1100672781467438,0.9992752410471439,0.0074544615927152336,1.1304255060473225
647,0.00035,1.116641841828823,1.0093886852264404,0.007050260173855349,1.1371821285420447
648,0.00035,1.1099674329161644,1.0150360874831676,0.007587571511976421,1.1306475332414265
649,0.00035,1.1121449396014214,1.023805946111679,0.007646868500160053,1.133003401948663
650,0.00035,1.1126943081617355,1.0072298757731915,0.0076714082970283926,1.1332224760920508
651,0.00035,1.1186871156096458,0.99570182710886,0.007787133421516046,1.1389905088228989
652,0.00035,1.1133341118693352,0.9833998121321201,0.0075572637433651835,1.133379971299146
653,0.00035,1.1159958466887474,0.9801771081984043,0.0074779565911740065,1.135973286682274
654,0.00035,1.1045590117573738,0.9880831241607666,0.007540343125583604,1.1246976913968683
655,0.00035,1.1103975996375084,0.9980768598616123,0.007120921742171049,1.1307151829218491
656,0.00035,1.1093879491090775,1.0084024220705032,0.007055889640469104,1.1299087920325108
657,0.00035,1.12046517431736,1.0193692296743393,0.006955178949283436,1.1412003178583108
658,0.00035,1.1089110672473907,1.019365780055523,0.006749173713615164,1.129635841534182
659,0.00035,1.118177741765976,1.01007629185915,0.006607953429920599,1.1387096652746551
660,0.00035,1.104753240942955,1.0076180696487427,0.006583998096175492,1.1252348022407386
661,0.00035,1.1060638055205345,0.9971889331936836,0.00659727820311673,1.126337448094564
662,0.00035,1.1119903102517128,0.9932532086968422,0.00671397487167269,1.1321910731692333
663,0.00035,1.0995840579271317,0.9969255775213242,0.006648510316153988,1.1198549949933658
664,0.00035,1.1102875992655754,0.995675403624773,0.007053868263028562,1.1305538007512224
665,0.00035,1.106122262775898,0.9973012022674084,0.007076467503793538,1.1264221101964358
666,0.00035,1.099512740969658,1.0032510086894035,0.00674709101440385,1.119915115694166
667,0.00035,1.1124477088451385,1.0036661215126514,0.007099290989572182,1.1328759958248702
668,0.00035,1.1127227991819382,1.004634104669094,0.006589299300685525,1.1331449462403542
669,0.00035,1.1059218645095825,1.008223257958889,0.006668200425338,1.126419739690027
670,0.00035,1.10240026563406,1.0059166252613068,0.00685926471487619,1.12286156137503
671,0.00035,1.1139120906591415,0.992384310811758,0.006680224469164386,1.1340937880988349
672,0.00035,1.1049379631876945,0.9973017498850822,0.006986501510255039,1.1252333232609089
673,0.00035,1.109996996819973,0.9970864318311214,0.00705079163890332,1.1302912650385406
674,0.00035,1.0927728787064552,0.994574386626482,0.0069062487746123224,1.1130096788777155
675,0.00035,1.103538952767849,0.994553379714489,0.007324282429181039,1.1237962344835979
676,0.00035,1.0996158942580223,1.0130049213767052,0.006886892952024937,1.1202203373331576
677,0.00035,1.1110678315162659,1.0136537998914719,0.0066456095955800265,1.1316731879938742
678,0.00035,1.1110636740922928,1.0192833691835403,0.006985464598983526,1.131798614705913
679,0.00035,1.1097303628921509,1.0003517232835293,0.00685522347339429,1.1300801585314912
680,0.00035,1.1118014752864838,0.9916935078799725,0.00677106948569417,1.131973898918368
681,0.00035,1.0875001400709152,0.9940899163484573,0.006910765718203038,1.1077274766837946
682,0.00035,1.1127865836024284,0.9941478818655014,0.006617777049541473,1.1330004300922156
683,0.00035,1.1036044284701347,0.9982566870748997,0.006753987981937826,1.1239072616107295
684,0.00035,1.1042527928948402,0.9986007809638977,0.0065579061629250646,1.1245527038222645
685,0.00035,1.1018238067626953,1.0053783729672432,0.006299728585872799,1.122246360651334
686,0.00035,1.1000236794352531,1.0153150483965874,0.006361419276800007,1.120648051367025
687,0.00035,1.08690944314003,1.0183066874742508,0.006539788038935512,1.1076025662914617
688,0.00035,1.1016176491975784,1.004856739193201,0.006357749050948769,1.1220326714339899
689,0.00035,1.0964094251394272,1.001367911696434,0.006384026870364323,1.1167559847168742
690,0.00035,1.0987924113869667,0.9962565042078495,0.006327278970275074,1.1190339054196374
691,0.00035,1.1087695211172104,0.9900500029325485,0.0064405559678561985,1.1288925489742543
692,0.00035,1.105214424431324,0.9903164617717266,0.006605759350350127,1.125351041634276
693,0.00035,1.0937060117721558,1.0009005032479763,0.006647905276622623,1.1140564171009466
694,0.00035,1.101079322397709,1.0005579516291618,0.006779733550501987,1.1214294681078174
695,0.00035,1.098333589732647,1.007312647998333,0.0065067760879173875,1.1188051814970095
696,0.00035,1.0912458300590515,1.0043528079986572,0.006379815662512556,1.1116518770021502
697,0.00035,1.09711804240942,1.0061234459280968,0.00668113911524415,1.1175745682837441
698,0.00035,1.0896997675299644,1.0053812228143215,0.006462735909735784,1.1101305287817376
699,0.00035,1.1018178537487984,1.0028956159949303,0.00651760891196318,1.122201646514295
700,0.00035,1.1028808280825615,0.9984812773764133,0.006745459046214819,1.1231877265824006
701,0.00035,1.09731987118721,0.9973674826323986,0.006512871710583568,1.1175928644253872
702,0.00035,1.0879044085741043,0.9966014921665192,0.006604709633393213,1.1081666738991043
703,0.00035,1.1008115634322166,0.9955564700067043,0.006652849348029122,1.1210553352997523
704,0.00035,1.0776942372322083,1.0007606148719788,0.0070206886739470065,1.0980604839633452
705,0.00035,1.0962971448898315,0.9977883994579315,0.0068310472124721855,1.1165944652396138
706,0.00035,1.094886302947998,1.0004453472793102,0.006697722448734567,1.115230096016021
707,0.00035,1.0994690507650375,1.0054621249437332,0.006726235122187063,1.1199146050200215
708,0.00035,1.100596122443676,1.0006983876228333,0.006599887885386124,1.120940084590402
709,0.00035,1.1030963361263275,1.0042845010757446,0.006361696636304259,1.1235001109796576
710,0.00035,1.1039894446730614,1.0060362368822098,0.006091785820899531,1.1244147587017506
711,0.00035,1.1175490245223045,0.9973793253302574,0.006838806380983442,1.137838551347959
712,0.00035,1.0933216661214828,1.0075139552354813,0.006332655844744295,1.1137885780184298
713,0.00035,1.1031846553087234,1.0067474991083145,0.00655060526332818,1.1236471355540563
714,0.00035,1.0923612117767334,0.9987868182361126,0.006472188921179622,1.1126605575875146
715,0.00035,1.0881514996290207,0.9951730817556381,0.006655106117250398,1.108387716569996
716,0.00035,1.081982508301735,0.9988759681582451,0.00649797054938972,1.1022849261923693
717,0.00035,1.0987849086523056,1.0020531341433525,0.0065948867413681,1.1191557156722411
718,0.00035,1.1068541407585144,1.007942870259285,0.0063137585239019245,1.1273286860898952
719,0.00035,1.0983252674341202,1.0065800324082375,0.006934176752110943,1.1188035769198903
720,0.00035,1.098962739109993,1.0000324733555317,0.006652133277384564,1.1192959952409727
721,0.00035,1.0941551700234413,1.005481880158186,0.006794889661250636,1.1146045521096677
722,0.00035,1.0966552421450615,1.0010568015277386,0.006764856749214232,1.117014621013077
723,0.00035,1.088405653834343,0.9945682846009731,0.006705760286422446,1.1086323075406834
724,0.00035,1.0830042362213135,0.9985414370894432,0.006755496113328263,1.1033128397687686
725,0.00035,1.0945826023817062,1.0028072483837605,0.006183866818901151,1.1149479406903267
726,0.00035,1.0962576642632484,1.0079094804823399,0.006550440419232473,1.1167433758938567
727,0.00035,1.0973987877368927,1.0053165629506111,0.006539192138006911,1.1178320786028053
728,0.00035,1.0905368998646736,1.0007182136178017,0.006590094562852755,1.1108807688651723
729,0.00035,1.0903463512659073,0.9999800771474838,0.0066501618712209165,1.110678460902418
730,0.00035,1.0861123129725456,1.0069746226072311,0.0067402394488453865,1.1065888173971323
731,0.00035,1.095178410410881,1.0032613761723042,0.00696539381169714,1.115591907624912
732,0.00035,1.095630832016468,0.9985861331224442,0.006543052411871031,1.1159297072995105
733,0.00035,1.0903426334261894,1.0008671395480633,0.006385577988112345,1.1106792551165563
734,0.00035,1.0911952257156372,1.0099058970808983,0.006446529470849782,1.1117156701307978
735,0.00035,1.0864097848534584,1.004519872367382,0.006424433464417234,1.106821403974027
736,0.00035,1.0866049528121948,1.0109907984733582,0.00637127214577049,1.1071433323889504
737,0.00035,1.0968154296278954,1.006503976881504,0.006343942950479686,1.1172627063130494
738,0.00035,1.0860451236367226,1.0020228549838066,0.006702723505441099,1.1064207169116709
739,0.00035,1.0864996165037155,0.9985312707722187,0.006729886488756165,1.1068067362435976
740,0.00035,1.0917481929063797,0.9896717183291912,0.006574390863534063,1.1118703468161402
741,0.00035,1.1001426130533218,0.9965751245617867,0.006303326605120674,1.1203892818748136
742,0.00035,1.0937049016356468,0.9909897930920124,0.006319970532786101,1.1138406960241263
743,0.00035,1.0986431911587715,1.0054450556635857,0.006698535056784749,1.1190870190248825
744,0.00035,1.0880839675664902,1.0036882124841213,0.00691892861505039,1.108503678246925
745,0.00035,1.0907276570796967,0.9994714930653572,0.006804576143622398,1.1110573157481851
746,0.00035,1.0961296185851097,0.9992899224162102,0.00686303831753321,1.1164585689493107
747,0.00035,1.1117979884147644,1.0015998035669327,0.00718629831681028,1.1321892994019436
748,0.00035,1.0890835747122765,1.0038419663906097,0.006831611826783046,1.1095019946314277
749,0.00035,1.100277528166771,1.0003967992961407,0.006927852577064186,1.120631856781547
750,0.00035,1.0942672938108444,1.0032236278057098,0.00714223031536676,1.1146888778827269
751,0.00035,1.0869199633598328,0.9975236393511295,0.006656216079136357,1.1072032469508122
752,0.00035,1.0767628848552704,1.0050736963748932,0.006857767817564309,1.0972072471736465
753,0.00035,1.0680651366710663,1.0037365406751633,0.006809958576923236,1.0884803654134156
754,0.00035,1.0958082973957062,0.9951426163315773,0.006645587680395693,1.1160434291063575
755,0.00035,1.089585579931736,0.9960707575082779,0.006732422334607691,1.109843616198632
756,0.00035,1.0870778411626816,1.003705222159624,0.00654764607315883,1.107479327909532
757,0.00035,1.0765253528952599,1.0085565634071827,0.0067002853320445865,1.0970314984300058
758,0.00035,1.069153018295765,1.0105931833386421,0.006524914409965277,1.0896911276830359
759,0.00035,1.0807215794920921,0.9967897273600101,0.006532134808367118,1.1009839807797108
760,0.00035,1.0820218548178673,1.0006618462502956,0.006462295918026939,1.1023582065387745
761,0.00035,1.0924627929925919,1.0001966394484043,0.006610518117668107,1.1127972516874434
762,0.00035,1.0849734470248222,0.9976456686854362,0.006611628719838336,1.1052569418345228
763,0.00035,1.0855535194277763,0.9989860504865646,0.006847790180472657,1.105875629946531
764,0.00035,1.087983414530754,1.0049520805478096,0.006734448776114732,1.108419178580516
765,0.00035,1.0751779973506927,1.0081765726208687,0.006506114295916632,1.095666834517906
766,0.00035,1.0872847810387611,0.9964644871652126,0.00660140480613336,1.107544141022372
767,0.00035,1.0943096578121185,0.9916808232665062,0.006577234016731381,1.1144721359782852
768,0.00035,1.0909096971154213,0.9928792715072632,0.006084730644943193,1.1110715190778138
769,0.00035,1.087188482284546,1.0036582574248314,0.006114232382969931,1.107567359052191
770,0.00035,1.090646505355835,1.0138178430497646,0.006260494701564312,1.1112358869519086
771,0.00035,1.0765103623270988,1.0099739953875542,0.005839917779667303,1.0970018381238333
772,0.00035,1.0814924240112305,1.0096236020326614,0.005880122975213453,1.1019789022006443
773,0.00035,1.0853686034679413,1.010202519595623,0.005954350694082677,1.105870371394558
774,0.00035,1.0800814926624298,1.00179785490036,0.00615680668852292,1.100425290094863
775,0.00035,1.1025771126151085,1.0004219226539135,0.006052233278751373,1.1228881627321243
776,0.00035,1.0797904506325722,0.9951253235340118,0.006398585974238813,1.1000128864019643
777,0.00035,1.0910360291600227,0.9965787269175053,0.006156397343147546,1.1112754235655302
778,0.00035,1.0687322318553925,0.9966084621846676,0.006125396554125473,1.0889706709267921
779,0.00035,1.0779462903738022,0.997873567044735,0.006043434026651084,1.0982059334160295
780,0.00035,1.0863466188311577,1.005371816456318,0.006062619300791994,1.1067571861253236
781,0.00035,1.0846927165985107,1.0087318792939186,0.006417466152925044,1.1051882274920355
782,0.00035,1.0870248824357986,1.009738340973854,0.006608759693335742,1.1075500872399424
783,0.00035,1.0964883267879486,0.9995376653969288,0.006510654086014256,1.116804612800188
784,0.00035,1.0739077627658844,0.9929336607456207,0.006618258106755093,1.0940973488861345
785,0.00035,1.0834081396460533,1.001275260001421,0.006641447747824714,1.103765717233473
786,0.00035,1.088621474802494,1.0016619935631752,0.0067895793181378394,1.1089941936396643
787,0.00035,1.0819704979658127,0.9956822879612446,0.006762432545656338,1.1022222653523204
788,0.00035,1.0671522244811058,1.0037046261131763,0.006711625377647579,1.0875618982722517
789,0.00035,1.0765703171491623,1.0110894553363323,0.006543826370034367,1.0971192975743906
790,0.00035,1.0788629055023193,1.0153473317623138,0.006553833634825423,1.0994975438193069
791,0.00035,1.0897675678133965,1.0024532340466976,0.006293377256952226,1.110131301357178
792,0.00035,1.0730529874563217,0.9922080896794796,0.006201660027727485,1.0932072322512978
793,0.00035,1.0723167732357979,0.9941511750221252,0.00611534173367545,1.0925055638229242
794,0.00035,1.0807124748826027,0.994521040469408,0.006387465284205973,1.1009222689562013
795,0.00035,1.0747402235865593,1.0023667961359024,0.006026771094184369,1.0950888980639866
796,0.00035,1.0745553970336914,1.0028769858181477,0.006178684619953856,1.094921870981052
797,0.00035,1.0747710093855858,1.0090438537299633,0.006056310434360057,1.095254701981903
798,0.00035,1.0841453447937965,1.008326344192028,0.0062285096501000226,1.104623297160142
799,0.00035,1.0842249691486359,1.008950024843216,0.006179488118505105,1.1047129440514254
800,0.00035,1.0766638219356537,1.0016452558338642,0.006536820525070652,1.0970235680785845
801,0.00035,1.0736157596111298,1.0011011846363544,0.006428203982068226,1.0939591935029602
802,0.00035,1.0835330560803413,0.9930893406271935,0.006571609614184126,1.1037234233735944
803,0.00035,1.0853853672742844,0.9979218244552612,0.006479490431956947,1.1056677782849875
804,0.00035,1.0747221484780312,0.9940642677247524,0.006413221010006964,1.0949240948830266
805,0.00035,1.0928057134151459,0.993358138948679,0.006268259894568473,1.1129862891888478
806,0.00035,1.0802373215556145,0.9929027259349823,0.006359465507557616,1.1004133493496921
807,0.00035,1.0722671672701836,1.003348845988512,0.006432614987716079,1.0926557749393397
808,0.00035,1.0789371728897095,1.0093069560825825,0.0062967898265924305,1.0994381515026908
809,0.00035,1.0821575000882149,1.0139156728982925,0.006205598474480212,1.1027460934699047
810,0.00035,1.0789240449666977,1.0068996660411358,0.006020736647769809,1.099363075119909
811,0.00035,1.0838155001401901,1.0064296573400497,0.006383493135217577,1.1042632679437518
812,0.00035,1.0673183053731918,0.999763485044241,0.006318538682535291,1.0876295020082034
813,0.00035,1.0729287266731262,1.002315878868103,0.0061294022598303854,1.0932815143634798
814,0.00035,1.0601075366139412,0.9947119876742363,0.006441140634706244,1.0803238333991612
815,0.00035,1.059155248105526,1.0070403590798378,0.006286849413299933,1.0796103977577878
816,0.00035,1.0742099732160568,1.0000162608921528,0.006478532508481294,1.094534225059324
817,0.00035,1.0683648362755775,0.9991919584572315,0.006341084139421582,1.0886657296516933
818,0.00035,1.0698023438453674,1.0022376962006092,0.006609178934013471,1.0901775567160803
819,0.00035,1.0680846348404884,1.00434884801507,0.00643885153112933,1.0884935543773462
820,0.00035,1.0777599960565567,1.0070003643631935,0.0062132443417795,1.0982106655609096
821,0.00035,1.0679365694522858,1.0039767809212208,0.0061840197595302016,1.0883253060586868
822,0.00035,1.0851348489522934,0.99934908375144,0.006010079639963806,1.1054223346093204
823,0.00035,1.0753280892968178,0.9993746727705002,0.005696997657651082,1.0956004326351103
824,0.00035,1.0662416815757751,1.0011405423283577,0.005748648050939664,1.0865519248248894
825,0.00035,1.0784684121608734,1.0013962239027023,0.005825246713357046,1.0987875989745954
826,0.00035,1.0838428661227226,0.9995487257838249,0.005839378340169787,1.1041258095554076
827,0.00035,1.0723181366920471,1.0041383504867554,0.006055560341337696,1.0927036817188491
828,0.00035,1.0645189732313156,1.0033690445125103,0.006135175004601479,1.084893112871796
829,0.00035,1.0708726197481155,1.0039993226528168,0.006016900122631341,1.0912534512073033
830,0.00035,1.0736846178770065,1.0021459385752678,0.005961814633337781,1.094025627380179
831,0.00035,1.0692770406603813,1.003513339906931,0.005913740285905078,1.0896429944728152
832,0.00035,1.0719484388828278,1.0092728734016418,0.005873865535249934,1.0924275896276232
833,0.00035,1.067930094897747,0.9969434179365635,0.005819957674248144,1.0881599611401909
834,0.00035,1.0614144280552864,1.0027345605194569,0.006163991376524791,1.081777318834502
835,0.00035,1.0696345940232277,1.0007110871374607,0.006380001868819818,1.089967815859418
836,0.00035,1.0799556970596313,0.9993112534284592,0.006444950238801539,1.1002641696401405
837,0.00035,1.070848971605301,0.9966948553919792,0.006279593682847917,1.091096848397283
838,0.00035,1.0690957978367805,0.9961726851761341,0.006362882355460897,1.0893373956580763
839,0.00035,1.0678399801254272,1.003358829766512,0.0063761722994968295,1.0882259653357322
840,0.00035,1.0533111989498138,1.0115357339382172,0.006258947105379775,1.0738548609838472
841,0.00035,1.0722041353583336,1.010301910340786,0.0062033576250541955,1.092720341446402
842,0.00035,1.0718166381120682,1.0023335181176662,0.006366072571836412,1.0921816121030135
843,0.00035,1.0682346150279045,0.9962700828909874,0.00639539142139256,1.0884797862567939
844,0.00035,1.0718443393707275,0.9973656088113785,0.006479107163613662,1.0921156069051356
845,0.00035,1.0579336360096931,1.0004257559776306,0.006508025777293369,1.0782675524181105
846,0.00035,1.0769669860601425,0.9995562434196472,0.0063166936743073165,1.097273945612251
847,0.00035,1.0541600547730923,1.0013654083013535,0.006169079948449507,1.074495816936542
848,0.00035,1.0640523210167885,1.0065137818455696,0.006037048791768029,1.0844844490932883
849,0.00035,1.0789476819336414,1.0046907886862755,0.006350672076223418,1.0993590313111783
850,0.00035,1.0598801672458649,1.003747832030058,0.006040880631189793,1.0802571679180255
851,0.00035,1.0642640143632889,1.0025066807866096,0.006051259726518765,1.084616710965347
852,0.00035,1.06562539935112,0.9982763417065144,0.006228116923011839,1.085902332031401
853,0.00035,1.056931920349598,1.0047446303069592,0.006100436410633847,1.0773318347762688
854,0.00035,1.0693349316716194,0.9954657815396786,0.006138591124908999,1.0895511768586585
855,0.00035,1.0659527853131294,0.9960036277770996,0.006383100291714072,1.0861920128832572
856,0.00035,1.064743846654892,1.0040522068738937,0.006475826492533088,1.0851486821169964
857,0.00035,1.0646164789795876,1.0024593994021416,0.006599125306820497,1.0849956232329714
858,0.00035,1.0677553564310074,1.0079258233308792,0.006396281678462401,1.088233686981548
859,0.00035,1.0633588656783104,1.0089815966784954,0.006123525818111375,1.0838446739027858
860,0.00035,1.0611796379089355,0.998224314302206,0.006008954078424722,1.081444571898901
861,0.00035,1.0637578144669533,0.9974689595401287,0.005774061166448519,1.0839958967160783
862,0.00035,1.0670238882303238,0.9968634881079197,0.005780728213721886,1.0872501944031683
863,0.00035,1.0631591007113457,0.9987011477351189,0.00573076304863207,1.0834196618184795
864,0.00035,1.0610741041600704,0.9951128475368023,0.005723916459828615,1.081262556933798
865,0.00035,1.0827329605817795,1.0019310787320137,0.005710214405553415,1.1030570928766974
866,0.00035,1.0690893903374672,1.008741557598114,0.005641093506710604,1.089546276164765
867,0.00035,1.071849249303341,1.0126604586839676,0.005614147026790306,1.0923831658283598
868,0.00035,1.0708494186401367,1.0088582411408424,0.005690924008376896,1.0913111296633724
869,0.00035,1.0571815446019173,1.0041815526783466,0.0056937662593554705,1.077549863968452
870,0.00035,1.0638979449868202,1.0023818872869015,0.005932714557275176,1.084242218460422
871,0.00035,1.0735864862799644,1.003757119178772,0.005944315023953095,1.0939588444147375
872,0.00035,1.0531703159213066,1.0010443925857544,0.005916911002714187,1.0734870493231574
873,0.00035,1.0663219019770622,0.9981522373855114,0.005853087903233245,1.086577601119934
874,0.00035,1.0633208379149437,1.002434115856886,0.006139863224234432,1.083676513393293
875,0.00035,1.0703820288181305,1.0016639828681946,0.006175823218654841,1.0907240996364271
876,0.00035,1.0598221719264984,1.003872275352478,0.006218477268703282,1.0802105412969831
877,0.00035,1.069612704217434,1.0014830455183983,0.005975346342893317,1.0899411324449466
878,0.00035,1.0669998824596405,0.9978497549891472,0.0060724115173798054,1.0872604981352925
879,0.00035,1.0676151663064957,1.0003928393125534,0.006172349734697491,1.0879316405794817
880,0.00035,1.0649197101593018,1.0035762637853622,0.00626485695829615,1.085304478282924
881,0.00035,1.055899053812027,1.0074576810002327,0.006038289808202535,1.0763501219224418
882,0.00035,1.0592171996831894,1.0058332160115242,0.005906148784561083,1.0796291714426478
883,0.00035,1.0575932636857033,1.0061875581741333,0.00635047911782749,1.0780345388050774
884,0.00035,1.06956946849823,1.0051521249115467,0.006319934356724843,1.0899885077142972
885,0.00035,1.0622113645076752,1.0009495951235294,0.00619905034545809,1.0825403089274188
886,0.00035,1.0611560568213463,1.0021641179919243,0.0062666552839800715,1.0815126719453838
887,0.00035,1.0573116317391396,1.0038840286433697,0.006377896759659052,1.0777082071499897
888,0.00035,1.0747367069125175,1.0038987696170807,0.006427993008401245,1.0951360819552793
889,0.00035,1.0679044127464294,1.0014748014509678,0.006369913695380092,1.0882524044602178
890,0.00035,1.0729983821511269,0.9998015537858009,0.006133927294285968,1.0933011095915572
891,0.00035,1.059468138962984,0.9986977577209473,0.006049536197679117,1.079744570927287
892,0.00035,1.067721039056778,0.9976349286735058,0.005969899095362052,1.0879722325850163
893,0.00035,1.0579716861248016,0.9986209236085415,0.0060244721244089305,1.078245328203193
894,0.00035,1.0646060332655907,1.0018786378204823,0.00600651084096171,1.0849439315640486
895,0.00035,1.0551803037524223,1.0040734559297562,0.005714378843549639,1.0755474918131949
896,0.00035,1.0540096089243889,1.015308253467083,0.006003523478284478,1.0746159501676449
897,0.00035,1.0728096589446068,1.002007570117712,0.0060647329955827445,1.09315304699674
898,0.00035,1.0700387880206108,0.9988159239292145,0.005820689315441996,1.0903061409649673
899,0.00035,1.0537112578749657,1.0005501434206963,0.005774604040198028,1.0740109909453894
900,0.00035,1.0511472560465336,0.9909538812935352,0.005988732242258266,1.0712657702845172
901,0.00035,1.0739782825112343,0.9985887706279755,0.005941124691162258,1.0942471141583519
902,0.00035,1.0618106499314308,1.0034572407603264,0.00582413375377655,1.0821710014343262
903,0.00035,1.0558479577302933,1.007250726222992,0.005858541611814871,1.076285899335344
904,0.00035,1.0599974282085896,1.0032185576856136,0.005651759565807879,1.0803443873405922
905,0.00035,1.0503324940800667,1.005027238279581,0.005620519601507112,1.0707140648257336
906,0.00035,1.0705197677016258,0.9997396618127823,0.005657359724864364,1.0907974289241247
907,0.00035,1.0679773315787315,0.9969443008303642,0.005706061027012765,1.0882015206466893
908,0.00035,1.057221882045269,0.9960016645491123,0.005934643530054018,1.077438647512754
909,0.00035,1.0527935549616814,1.0033855475485325,0.005994094943162054,1.07316097065981
910,0.00035,1.04844468832016,1.0043350048363209,0.006065265653887764,1.0688346516995808
911,0.00035,1.0492446646094322,1.003162920475006,0.005887427629204467,1.0696022944003927
912,0.00035,1.0631668902933598,1.0029068477451801,0.0059219421818852425,1.0835211243573575
913,0.00035,1.0588119700551033,1.0040758177638054,0.006181907461723313,1.0792025817834656
914,0.00035,1.064041867852211,1.0063409358263016,0.006094637996284291,1.0844734184685512
915,0.00035,1.0621244013309479,1.008873738348484,0.006231905252207071,1.0826134713605278
916,0.00035,1.057288583368063,1.0039738714694977,0.005816025048261508,1.077658862049866
917,0.00035,1.0506402477622032,0.9995527788996696,0.005925542034674436,1.0709275804419303
918,0.00035,1.0428476110100746,1.0025735571980476,0.005818925012135878,1.0631900284046425
919,0.00035,1.0491483695805073,1.0002966448664665,0.00609658463508822,1.0694591317095912
920,0.00035,1.0460977591574192,0.9985082745552063,0.005807292793178931,1.0663582892881824
921,0.00035,1.054569572210312,1.0086355432868004,0.005489434057381004,1.075016754778917
922,0.00035,1.056378073990345,1.0109963491559029,0.005970872094621882,1.0768965445781942
923,0.00035,1.05302145332098,1.004446942359209,0.0059229175676591694,1.0734065380465472
924,0.00035,1.0552458986639977,0.9985723495483398,0.005573318689130247,1.075496011589421
925,0.00035,1.071472406387329,0.9974947050213814,0.005739137617638335,1.0917092573686387
926,0.00035,1.0473803132772446,0.9984808564186096,0.00584345607785508,1.0676421032095094
927,0.00035,1.05496396869421,1.0017768368124962,0.005715706589398906,1.07528529075993
928,0.00035,1.0554827898740768,1.0051779672503471,0.0058483873144723475,1.0758787685848075
929,0.00035,1.0507006794214249,0.998965673148632,0.005599250929662958,1.0709599554308806
930,0.00035,1.0523503422737122,0.9976813532412052,0.005590671993559226,1.0725835029382143
931,0.00035,1.05877735465765,1.003085896372795,0.0059999469958711416,1.0791390699348993
932,0.00035,1.057544894516468,1.0071017518639565,0.005818173667648807,1.0779778382371297
933,0.00035,1.0423729196190834,1.0082556568086147,0.005816780845634639,1.0628288717975374
934,0.00035,1.0519169121980667,1.0063535124063492,0.005716964515158907,1.0723298306719515
935,0.00035,1.0593994706869125,0.9994954876601696,0.005544279614696279,1.0796665944208508
936,0.00035,1.0561850368976593,0.997464019805193,0.005529878108063713,1.0764108111991664
937,0.00035,1.046331450343132,0.9949657395482063,0.005756573082180694,1.0665185937882051
938,0.00035,1.0546303763985634,0.9987427368760109,0.005703650531359017,1.0748904136626516
939,0.00035,1.0524836406111717,1.0014133267104626,0.005626392463454977,1.0727932267685538
940,0.00035,1.042322315275669,1.0033662877976894,0.005794212105683982,1.062679351636907
941,0.00035,1.041236773133278,1.0127199366688728,0.006093621079344302,1.0617958529206226
942,0.00035,1.0499184876680374,1.0070143789052963,0.006377394660376012,1.070377644979162
943,0.00035,1.049195758998394,1.002531249076128,0.006066799658583477,1.0695497239628458
944,0.00035,1.0440288111567497,1.0002579540014267,0.006314850033959374,1.0643497127384762
945,0.00035,1.0527169182896614,1.0033210888504982,0.006262297392822802,1.0730964549363124
946,0.00035,1.0609403401613235,1.0030980184674263,0.005951409315457568,1.081299870996445
947,0.00035,1.0466494634747505,1.0067188516259193,0.005988316843286157,1.0670832563494332
948,0.00035,1.0427112020552158,1.0026639178395271,0.005851114838151261,1.063057036153914
949,0.00035,1.0481962710618973,0.9969515725970268,0.006050288619007915,1.0684378169447881
950,0.00035,1.0448725670576096,0.9963446483016014,0.005566453997744247,1.065077782723529
951,0.00035,1.0630380138754845,0.9953515864908695,0.0056299924035556614,1.0832265452254797
952,0.00035,1.043858103454113,1.0013314709067345,0.005654981039697304,1.0641674819242324
953,0.00035,1.0613937452435493,1.0045041292905807,0.0056770252995193005,1.081767679094337
954,0.00035,1.057548113167286,1.0035863816738129,0.005730661650886759,1.0779063738833066
955,0.00035,1.0622279644012451,1.005117740482092,0.005742470850236714,1.0826174427533988
956,0.00035,1.0450374409556389,1.014687567949295,0.005998709384584799,1.065631127783854
957,0.00035,1.045336775481701,1.011371448636055,0.005869342130608857,1.0658576715609525
958,0.00035,1.0646647028625011,1.0027091912925243,0.005708361335564405,1.0850043047551299
959,0.00035,1.0444371029734612,0.9942604377865791,0.005572293186560273,1.0646009263885208
960,0.00035,1.0489941909909248,0.9952916465699673,0.005596461385721341,1.06917984699161
961,0.00035,1.0529628247022629,0.9918773807585239,0.005462508066557348,1.0730734977207612
962,0.00035,1.0696090683341026,0.9982595443725586,0.005677049222867936,1.0898581116826973
963,0.00035,1.0580795481801033,1.0021930001676083,0.005896599526749924,1.0784182381597929
964,0.00035,1.0478447265923023,1.0065128169953823,0.00571405710070394,1.0682606857872452
965,0.00035,1.0479535013437271,1.0062508434057236,0.005772803298896179,1.0683671583767864
966,0.00035,1.0675008967518806,1.0109811127185822,0.005800294253276661,1.088010533718916
967,0.00035,1.0404374562203884,1.0123927742242813,0.005889402702450752,1.0609797818399966
968,0.00035,1.0410151854157448,1.0040326565504074,0.005862692429218441,1.0613889731682138
969,0.00035,1.0471805930137634,1.0013363845646381,0.005982538306852803,1.0675064476203988
970,0.00035,1.0371127277612686,0.9979316219687462,0.0057569664204493165,1.057359208521666
971,0.00035,1.0464566946029663,0.9992011785507202,0.005600955133559182,1.0667207659306588
972,0.00035,1.0448438748717308,0.9972374066710472,0.005854922346770763,1.0650813691224903
973,0.00035,1.0422074869275093,0.9959564991295338,0.005673640058375895,1.0624102989130189
974,0.00035,1.0464029982686043,1.0014002844691277,0.005706266849301755,1.066716317300452
975,0.00035,1.0499441474676132,1.002698328346014,0.005494057142641395,1.0702728168916658
976,0.00035,1.0536692962050438,1.0024047456681728,0.00553049604059197,1.0739939159204368
977,0.00035,1.0418840646743774,1.0057678818702698,0.005475752986967564,1.0622732099611312
978,0.00035,1.0341519862413406,1.007157739251852,0.00563764403341338,1.0545770232280482
979,0.00035,1.0442631393671036,1.003457061946392,0.005365752818761393,1.0646005682469695
980,0.00035,1.0494710505008698,0.9998773746192455,0.00535340077476576,1.0697362680319928
981,0.00035,1.0372000187635422,0.9960373677313328,0.005317888251738623,1.0573866605307556
982,0.00035,1.0568995028734207,1.0008520372211933,0.005688623670721427,1.0772009748013807
983,0.00035,1.0574734210968018,1.0072834864258766,0.005474990059155971,1.0778928403282773
984,0.00035,1.0397062450647354,1.0107094198465347,0.005449610995128751,1.0601929140114226
985,0.00035,1.0582144148647785,1.0083562210202217,0.00572799175279215,1.0786679388728226
986,0.00035,1.0462269186973572,1.00492425262928,0.005668928119121119,1.0666088501558988
987,0.00035,1.0430913418531418,1.000022031366825,0.005524038249859586,1.063367984392971
988,0.00035,1.0513729602098465,1.0011509023606777,0.005616257549263537,1.0716767911345233
989,0.00035,1.0344166457653046,0.9961567223072052,0.0056435463193338364,1.0546219575274154
990,0.00035,1.0420380011200905,0.9964505024254322,0.005475809593917802,1.062240801648295
991,0.00035,1.0401140227913857,1.003859005868435,0.005758530052844435,1.0604791294113967
992,0.00035,1.0359808579087257,1.0088157057762146,0.0059411017573438585,1.0564542271121171
993,0.00035,1.0473864153027534,1.0089752525091171,0.005666143697453663,1.0678492275378084
994,0.00035,1.0526259541511536,1.0061800554394722,0.005841323523782194,1.0730416214361322
995,0.00035,1.0447312220931053,1.0015069507062435,0.0057506459997966886,1.06504889340722
996,0.00035,1.0520988330245018,1.0012468360364437,0.005962485651252791,1.0724218940277932
997,0.00035,1.0445092096924782,0.9946553073823452,0.005827572080306709,1.0646936944441403
998,0.00035,1.038506843149662,0.9964510574936867,0.0059946393594145775,1.0587355962675065
999,0.00035,1.0445643588900566,1.0034006014466286,0.005904427351197228,1.0649275922865489
1000,0.00035,1.0434307008981705,1.0012180171906948,0.005926196987275034,1.0637513710913482
1001,0.00035,1.0488367564976215,1.0042495913803577,0.005888515472179279,1.0692161740988377
1002,0.00035,1.0405077040195465,1.0083837285637856,0.005884199956199154,1.0609695885886323
1003,0.00035,1.0345261543989182,1.0105358362197876,0.005385980330174789,1.0550061701398226
1004,0.00035,1.0604225620627403,1.0003001540899277,0.005739408545196056,1.0807155355717988
1005,0.00035,1.0407701879739761,0.9953396990895271,0.005447782576084137,1.0609493710845708
1006,0.00035,1.0441208556294441,1.0018872693181038,0.005685046809958294,1.0644428533563042
1007,0.00035,1.0382465571165085,0.9983183816075325,0.0052809737680945545,1.0584769734370638
1008,0.00035,1.0395602658390999,1.0028579384088516,0.0054699953470844775,1.059890924374631
1009,0.00035,1.044655829668045,1.0080479010939598,0.00558748739422299,1.0650961620596353
1010,0.00035,1.0429206788539886,1.0061341226100922,0.005303229903802276,1.0633085228013806
1011,0.00035,1.0394736155867577,1.0136307775974274,0.0054901972180232406,1.0600207409996074
1012,0.00035,1.052742037922144,0.9995950013399124,0.005536613520234823,1.073010768624954
1013,0.00035,1.0430871397256851,0.995944369584322,0.005388391553424299,1.0632754466950427
1014,0.00035,1.0523242428898811,0.9942306987941265,0.005395045329350978,1.0724786091322314
1015,0.00035,1.0375364534556866,0.9931134954094887,0.005215703102294356,1.057659508518991
1016,0.00035,1.0415700823068619,0.9961254224181175,0.0052182408689986914,1.0617535027986742
1017,0.00035,1.0444560647010803,1.0045564211905003,0.005271549918688834,1.064810770620825
1018,0.00035,1.0395257100462914,1.0071319863200188,0.005099968548165634,1.0599233482001
1019,0.00035,1.0380192957818508,1.0086777731776237,0.005143767222762108,1.0584500396065415
1020,0.00035,1.0397274643182755,1.0121011584997177,0.005231545277638361,1.0602310647521518
1021,0.00035,1.057006623595953,1.0051402412354946,0.005232506518950686,1.0773710537466104
1022,0.00035,1.0373310409486294,1.0017422027885914,0.005124945106217638,1.0576221322597121
1023,0.00035,1.0348103381693363,0.9981834553182125,0.005519608472241089,1.0550499876993127
1024,0.00035,1.0269538760185242,0.9955112636089325,0.005568402266362682,1.0471425214040209
1025,0.00035,1.0298447497189045,0.9952384270727634,0.005769790092017502,1.0500380077649607
1026,0.00035,1.0466905012726784,0.999312698841095,0.005482894892338663,1.066950899994117
1027,0.00035,1.0428552255034447,1.0020464174449444,0.005533261020900682,1.0631728169033887
1028,0.00035,1.0397035516798496,1.0056710317730904,0.005698617402231321,1.060101903185423
1029,0.00035,1.033961370587349,1.0071771405637264,0.005522800056496635,1.0543810534014484
1030,0.00035,1.0496319308876991,1.0065654292702675,0.005731261539040133,1.0700498025500564
1031,0.00035,1.0436307564377785,1.003555417060852,0.005637476511765271,1.0639837386045838
1032,0.00035,1.0424675941467285,1.006102591753006,0.005506156128831208,1.0628649537882302
1033,0.00035,1.031516969203949,1.0019339062273502,0.00573395611718297,1.051842345134355
1034,0.00035,1.0387010611593723,1.0000404939055443,0.005561495112488046,1.0589799457931075
1035,0.00035,1.0402268841862679,1.0019333399832249,0.005528499081265181,1.0605419759399957
1036,0.00035,1.0310123711824417,0.9991376996040344,0.005542959028389305,1.0512722731259418
1037,0.00035,1.045290146023035,1.0052902065217495,0.005823405226692557,1.0656871204148046
1038,0.00035,1.0427627563476562,1.0086964443325996,0.005295358569128439,1.0632014531627647
1039,0.00035,1.0450154915452003,1.0100707784295082,0.005590467568254098,1.0654964304922032
1040,0.00035,1.0330972969532013,1.0059542581439018,0.005363416887121275,1.0534845529604355
1041,0.00035,1.0430210269987583,1.0051291398704052,0.005431163095636293,1.0633951679509484
1042,0.00035,1.036731779575348,1.0006615333259106,0.005602060817182064,1.057025113282725
1043,0.00035,1.0365008153021336,1.00147208198905,0.005670770624419674,1.0568137954731356
1044,0.00035,1.0348320007324219,0.9982169568538666,0.0054844927217345685,1.055070564505586
1045,0.00035,1.0295860692858696,0.9958310313522816,0.005242139450274408,1.049764796885429
1046,0.00035,1.047418437898159,0.9965452030301094,0.005368115700548515,1.0676177477437887
1047,0.00035,1.0259656757116318,0.997814491391182,0.005246472923317924,1.0461842891856212
1048,0.00035,1.0398335605859756,1.0028836503624916,0.005572355177719146,1.0601698513521116
1049,0.00035,1.0443371124565601,1.0054832771420479,0.00550000456860289,1.0647217782278313
1050,0.00035,1.031500406563282,1.015993356704712,0.005302304896758869,1.0520853889422142
1051,0.00035,1.0468913353979588,1.007829923182726,0.005233201722148806,1.0673095939477206
1052,0.00035,1.0464467033743858,1.0091459527611732,0.005290797183988616,1.0668941622888086
1053,0.00035,1.0350231491029263,1.0021057315170765,0.00551818692474626,1.055341173079505
1054,0.00035,1.0353219918906689,1.0021478794515133,0.0056502022780478,1.0556474595936014
1055,0.00035,1.0232275687158108,0.9998125806450844,0.005665039469022304,1.0435070723021636
1056,0.00035,1.0415758341550827,0.9986246339976788,0.005805352353490889,1.061838594452711
1057,0.00035,1.0374820157885551,1.0005797296762466,0.0059236336091998965,1.05778979206254
1058,0.00035,1.0377940088510513,1.0008880943059921,0.005739127664128318,1.0580987271203777
1059,0.00035,1.0372001975774765,1.0083266831934452,0.005606525170151144,1.057647057499853
1060,0.00035,1.0383484810590744,1.000710528343916,0.005434946971945465,1.0586344389745501
1061,0.00035,1.03355136141181,1.0019723773002625,0.005462630884721875,1.0538639405020513
1062,0.00035,1.025868147611618,1.0072365254163742,0.005510514019988477,1.046288403820945
1063,0.00035,1.0399130880832672,1.0073651857674122,0.005638463073410094,1.0603423149522861
1064,0.00035,1.0355739444494247,1.0024522431194782,0.005308638472342864,1.0558884212354314
1065,0.00035,1.0330394841730595,1.0058521330356598,0.00556472924654372,1.0534347632960999
1066,0.00035,1.0411580577492714,1.0009015165269375,0.005148272175574675,1.061433501688589
1067,0.00035,1.0188774950802326,1.0063002705574036,0.005245057662250474,1.0392657533744931
1068,0.00035,1.042147558182478,0.9988651275634766,0.005607983097434044,1.0624052598886191
1069,0.00035,1.029940489679575,0.9948098212480545,0.005345848941942677,1.0501039785516333
1070,0.00035,1.0335875488817692,0.994520079344511,0.005279697943478823,1.0537419353658333
1071,0.00035,1.037957664579153,0.9980388842523098,0.005287450912874192,1.0581828148098429
1072,0.00035,1.0384691916406155,1.0042657554149628,0.005375623586587608,1.0588232879282442
1073,0.00035,1.0287799201905727,1.0064033567905426,0.005471175158163533,1.0491815460842917
1074,0.00035,1.0229169987142086,1.0077580511569977,0.005352377484086901,1.0433397786115528
1075,0.00035,1.0297989696264267,1.001746293157339,0.0053405913058668375,1.0501009250548667
1076,0.00035,1.0437499284744263,1.0077960081398487,0.005536179000046104,1.0641826575872255
1077,0.00035,1.0416352972388268,1.0098424404859543,0.005521521728951484,1.0621082221349933
1078,0.00035,1.0348525419831276,1.007388710975647,0.005516040662769228,1.0552761182357788
1079,0.00035,1.0272475443780422,1.0064611695706844,0.005479495041072369,1.0476507425215096
1080,0.00035,1.0366724617779255,1.0022221505641937,0.005598355259280652,1.0569968225521733
1081,0.00035,1.0256729163229465,0.9993753358721733,0.005524393753148615,1.0459366427280474
1082,0.00035,1.0309276282787323,1.0024006627500057,0.005705067393137142,1.0512608949033893
1083,0.00035,1.0285286009311676,1.0028593763709068,0.005678654561052099,1.0488697211866382
1084,0.00035,1.031326275318861,1.0001342557370663,0.005598592135356739,1.0516088900403702
1085,0.00035,1.0374805629253387,1.0005826950073242,0.005556809453992173,1.0577700572981847
1086,0.00035,1.0356504693627357,1.0014525651931763,0.005752158438554034,1.0559671285885268
1087,0.00035,1.0279446132481098,1.0025867633521557,0.00532249067327939,1.0482624730488168
1088,0.00035,1.0379122234880924,1.004774771630764,0.005254269723081961,1.058270432406862
1089,0.00035,1.0292082019150257,1.0077940076589584,0.005245183390798047,1.0496263412377447
1090,0.00035,1.0405290350317955,1.0045507699251175,0.005487953050760552,1.060894448082836
1091,0.00035,1.0239325314760208,1.0050634108483791,0.005428314674645662,1.0443052154267207
1092,0.00035,1.0372939929366112,1.0041243322193623,0.005469065479701385,1.0576499328549833
1093,0.00035,1.02846934273839,1.0077744908630848,0.00560029357438907,1.0489048472343712
1094,0.00035,1.0327730923891068,1.0047980472445488,0.0056755618716124445,1.0531528314275784
1095,0.00035,1.0410323925316334,1.0036535263061523,0.005349582934286445,1.0613729422044706
1096,0.00035,1.0340253040194511,1.0042656175792217,0.005486866837600246,1.0543849597129156
1097,0.00035,1.0390324518084526,0.9996187090873718,0.005532594892429188,1.0593014557348215
1098,0.00035,1.02669383212924,1.0032794997096062,0.005514947260962799,1.0470351694864803
1099,0.00035,1.0229957289993763,1.0032377168536186,0.005411877733422443,1.04333107722312
1100,0.00035,1.0280085392296314,1.0061715804040432,0.005872926732990891,1.048425617174362
1101,0.00035,1.0335435345768929,1.0038383603096008,0.005695961473975331,1.0539050998567838
1102,0.00035,1.0346624106168747,1.000776119530201,0.0053588764276355505,1.0549458768288604
1103,0.00035,1.0141530595719814,1.002247542142868,0.005499019171111286,1.0344729613733943
1104,0.00035,1.024614181369543,0.9987932480871677,0.0052495602576527745,1.044852524344169
1105,0.00035,1.0416800566017628,0.9998572617769241,0.005299592419760302,1.0619421814582892
1106,0.00035,1.0243670977652073,1.0002440139651299,0.005138533713761717,1.044628904730198
1107,0.00035,1.0244042240083218,1.0037680007517338,0.0052421208820305765,1.044741690067458
1108,0.00035,1.0253880135715008,1.0075036101043224,0.005215717828832567,1.0457988716650288
1109,0.00035,1.0267150439321995,1.0079702660441399,0.004981001460691914,1.047123499326117
1110,0.00035,1.027572363615036,1.0073651894927025,0.00531199827673845,1.047985267318727
1111,0.00035,1.0290880799293518,1.003935620188713,0.005272592272376642,1.049430421946745
1112,0.00035,1.045165080577135,1.0038633048534393,0.005223572457907721,1.0655035252970992
1113,0.00035,1.023086853325367,1.0032507218420506,0.005321282194927335,1.0434179318719543
1114,0.00035,1.0258277654647827,1.0024319291114807,0.005156499828444794,1.0461342290384346
1115,0.00035,1.006354734301567,1.0035501532256603,0.005282206431729719,1.026689847687667
1116,0.00035,1.0240122899413109,1.0012213848531246,0.005261775077087805,1.0442998063922277
1117,0.00035,1.0286926999688148,1.00293879956007,0.00532054019276984,1.0490175029696547
1118,0.00035,1.0215689651668072,1.0026773549616337,0.005320375057635829,1.0418885310189216
1119,0.00035,1.0187387578189373,1.0052375309169292,0.0052944090275559574,1.0391082288886535
1120,0.00035,1.0238970890641212,1.0048473477363586,0.005198789294809103,1.044253975483589
1121,0.00035,1.0377697832882404,1.0052414685487747,0.00513592959032394,1.0581314091387322
1122,0.00035,1.018273651599884,1.0019414946436882,0.0052975651633460075,1.0385773597509251
1123,0.00035,1.0276537910103798,1.000334084033966,0.005390041857026517,1.0479299747839106
1124,0.00035,1.028964839875698,1.000316958874464,0.005552078946493566,1.049248783000512
1125,0.00035,1.015941809862852,1.003000307828188,0.005385309603298083,1.0362710814995806
1126,0.00035,1.021057814359665,1.0038642399013042,0.005371619306970388,1.0414036801230395
1127,0.00035,1.0236935578286648,1.0064804442226887,0.00528367274091579,1.0440873503501644
1128,0.00035,1.0214704498648643,1.0098148584365845,0.005252751550870016,1.0419293846111395
1129,0.00035,1.0158321857452393,1.0063538812100887,0.005082725023385137,1.0362133996206102
1130,0.00035,1.0194007456302643,1.0045921951532364,0.005320598109392449,1.0397586194387984
1131,0.00035,1.0366032756865025,1.0019240081310272,0.005240202066488564,1.0569037659524474
1132,0.00035,1.0222321636974812,1.003187295049429,0.0053583295084536076,1.0425638260738923
1133,0.00035,1.0280397050082684,1.0020185336470604,0.004988975415471941,1.0483295244519832
1134,0.00035,1.007309790700674,1.0004937723279,0.004987744730897248,1.027569053383777
1135,0.00035,1.023343376815319,1.0036227814853191,0.00526014604838565,1.0436788397474446
1136,0.00035,1.026643954217434,1.0019214451313019,0.0050838640599977225,1.0469365763230598
1137,0.00035,1.0170731358230114,1.0055938214063644,0.005226220469921827,1.037446323274635
1138,0.00035,1.0116496458649635,1.0025459602475166,0.005134083272423595,1.031957269233535
1139,0.00035,1.033400408923626,1.0084713324904442,0.005115046398714185,1.0538255878933707
1140,0.00035,1.0113734975457191,1.0036202631890774,0.005258001445326954,1.031708802881767
1141,0.00035,1.0196385458111763,1.0060104690492153,0.005241765466053039,1.0400208434654632
1142,0.00035,1.028001919388771,1.0043103322386742,0.005316628376021981,1.0483539574523457
1143,0.00035,1.0281874351203442,1.0000218339264393,0.005107590463012457,1.0484432513220234
1144,0.00035,1.0165240876376629,0.9968872405588627,0.00529853071202524,1.0367267589844413
1145,0.00035,1.0277942568063736,1.0027710422873497,0.00539136485895142,1.0481192458950683
1146,0.00035,1.0301072411239147,1.0061254501342773,0.00523490842897445,1.0504914955480489
1147,0.00035,1.0278683602809906,1.0033912137150764,0.005397053144406527,1.0482060372125124
1148,0.00035,1.032883182168007,1.001832276582718,0.005481014290126041,1.0531938784141675
1149,0.00035,1.014692161232233,1.0093731507658958,0.005432148551335558,1.0351512316751177
1150,0.00035,1.028273344039917,1.0105677619576454,0.005503990600118414,1.0487598988090758
1151,0.00035,1.0201742053031921,1.0136416479945183,0.005314265930792317,1.0407127515596222
1152,0.00035,1.0311150141060352,1.0106012001633644,0.005201707273954526,1.0515871234730003
1153,0.00035,1.0078083500266075,1.008221760392189,0.005432373785879463,1.0282444039237453
1154,0.00035,1.0250279307365417,1.0020373314619064,0.005105159129016101,1.0453239353222306
1155,0.00035,1.0273424685001373,1.0023323819041252,0.005214180477196351,1.0476498251620796
1156,0.00035,1.0239664353430271,1.0012232959270477,0.00535210277303122,1.0442585064002197
1157,0.00035,1.0201015062630177,0.9965393505990505,0.005304356600390747,1.0402975111050181
1158,0.00035,1.0367983616888523,1.0023526214063168,0.0053293907549232244,1.0571118836547249
1159,0.00035,0.9992112517356873,1.0040751583874226,0.005120735266245902,1.0195487916667478
1160,0.00035,1.0193724893033504,1.004150602966547,0.0053120617812965065,1.0397211044517463
1161,0.00035,1.0223161950707436,1.0039266236126423,0.004845915871555917,1.042637023336574
1162,0.00035,1.0294539108872414,1.0080424025654793,0.004947442299453542,1.0498621310535237
1163,0.00035,1.0242724530398846,1.002547975629568,0.004852781421504915,1.044566051623551
1164,0.00035,1.0191659517586231,1.006112065166235,0.004878446401562542,1.0395321153820258
1165,0.00035,1.013380989432335,1.0052804537117481,0.0047840949264355,1.0337258032528915
1166,0.00035,1.005374800413847,1.0076391771435738,0.0048950704804155976,1.0257723374807393
1167,0.00035,1.0192690305411816,1.0049817264080048,0.0049482737958896905,1.0396160787591362
1168,0.00035,1.017887257039547,1.0051169879734516,0.0048438415105920285,1.0382317888745456
1169,0.00035,1.0168804191052914,1.002781469374895,0.005139915272593498,1.0371930442564188
1170,0.00035,1.0321817807853222,1.0027064234018326,0.005419826426077634,1.0525069005746628
1171,0.00035,1.0228632986545563,1.004610262811184,0.005151806224603206,1.04321309422201
1172,0.00035,1.025612197816372,1.0039233453571796,0.005260974285192788,1.0459537134377752
1173,0.00035,1.0246714428067207,1.0079393349587917,0.005632128973957151,1.0451118359545946
1174,0.00035,1.0206276699900627,1.006552055478096,0.005305138707626611,1.041023968035006
1175,0.00035,1.0238741673529148,1.0050232335925102,0.005411511083366349,1.0442452075789332
1176,0.00035,1.0229866281151772,1.0060864314436913,0.005212751537328586,1.0433689943209172
1177,0.00035,1.015462964773178,1.0081417486071587,0.005345436482457444,1.035893071569444
1178,0.00035,1.0227700099349022,1.0121189057826996,0.00538151481305249,1.043281463791209
1179,0.00035,1.0152730755507946,1.0052357465028763,0.005204471439355984,1.0356380140528199
1180,0.00035,1.0236164778470993,0.9967603385448456,0.004976521915523335,1.0438005107137724
1181,0.00035,1.0136955752968788,1.0041653029620647,0.005397704226197675,1.03404876656743
1182,0.00035,1.0228255912661552,1.0073647573590279,0.00491664677974768,1.0432187187523232
1183,0.00035,1.0336511619389057,1.0053579472005367,0.005104039388243109,1.0540135228523286
1184,0.00035,1.017792209982872,1.0025827400386333,0.005108334764372557,1.0380992815218635
1185,0.00035,1.0132999382913113,1.005724411457777,0.005064975091954693,1.0336676752750644
1186,0.00035,1.0204178988933563,1.0021496266126633,0.005013167305151001,1.040711549790867
1187,0.00035,1.0121208727359772,1.0048543475568295,0.004920016450341791,1.0324639605096309
1188,0.00035,1.0185313634574413,1.0034768916666508,0.004869354685069993,1.038844369025028
1189,0.00035,1.0250226967036724,1.003597754985094,0.004932398238452151,1.045341271715297
1190,0.00035,1.0193417593836784,1.0022387206554413,0.005068815953563899,1.0396399745944656
1191,0.00035,1.0348921455442905,1.0007798075675964,0.004794688837137073,1.0551474761374993
1192,0.00035,1.014888547360897,0.999696284532547,0.004993318463675678,1.0351321389747319
1193,0.00035,1.0141213908791542,1.0060544684529305,0.005030215805163607,1.034493991038471
1194,0.00035,1.0210078358650208,1.0044395364820957,0.004819766239961609,1.0413376149066607
1195,0.00035,1.0176936611533165,1.0071997679769993,0.0049073339614551514,1.0380830232109293
1196,0.00035,1.0370726697146893,1.0051822699606419,0.0050776889838743955,1.057430199563096
1197,0.00035,1.0126669183373451,1.0038681030273438,0.004900174826616421,1.0329892891392227
1198,0.00035,1.0130459927022457,1.0055124647915363,0.004884739289991558,1.033400478962576
1199,0.00035,1.0217663794755936,1.0008490681648254,0.004541745380265638,1.0420104481079033
1200,0.00035,1.0015427805483341,1.0042472891509533,0.004633316159015521,1.021859392139304
1201,0.00035,1.0129950977861881,1.0064473524689674,0.004627204150892794,1.033355405043112
1202,0.00035,1.0113317891955376,1.0014054514467716,0.004743234763736837,1.0315970599626598
1203,0.00035,1.0091346204280853,1.0080717764794827,0.00492479681270197,1.02954229579831
1204,0.00035,1.0268134325742722,1.0045745484530926,0.004929140530293807,1.0471513805698487
1205,0.00035,1.0212428644299507,1.0015490278601646,0.004965686093783006,1.041522129291843
1206,0.00035,1.0140228904783726,1.0001139678061008,0.004862557980231941,1.0342682977335063
1207,0.00035,1.0138874799013138,1.0030718073248863,0.0051103849546052516,1.0342044352955417
1208,0.00035,0.9980052635073662,1.0010802894830704,0.004874683247180656,1.0182706034593867
1209,0.00035,1.0178780853748322,1.0026665665209293,0.005106751748826355,1.038186754292692
1210,0.00035,1.0110029354691505,1.0060123056173325,0.0049198121996596456,1.0313691721914802
1211,0.00035,1.0193891748785973,1.0101942345499992,0.005166797753190622,1.0398513994572567
1212,0.00035,1.0089312382042408,1.0084849260747433,0.005127426615217701,1.0293573080564966
1213,0.00035,1.013500478118658,1.0100572928786278,0.005093539337394759,1.0339563009431003
1214,0.00035,1.0307489484548569,1.0043038502335548,0.005124969728058204,1.0510912739459308
1215,0.00035,1.0200051702558994,1.0025130659341812,0.004918417980661616,1.0403013524736162
1216,0.00035,0.9966245926916599,1.0065322369337082,0.004865279566729441,1.0169985014086707
1217,0.00035,1.0063328072428703,1.0018998682498932,0.004956107295583934,1.0266186099726473
1218,0.00035,1.0103756003081799,1.0052035264670849,0.004863447538809851,1.030722843214462
1219,0.00035,1.0179189592599869,1.0078907757997513,0.005040834046667442,1.038328816478315
1220,0.00035,1.0231528840959072,1.0039371512830257,0.004700721183326095,1.043466663180734
1221,0.00035,1.0120497085154057,1.000661376863718,0.004933207543217577,1.032309596429841
1222,0.00035,0.9934157133102417,1.0019498839974403,0.00451311978395097,1.0136803669793881
1223,0.00035,1.010467290878296,0.9978169985115528,0.004366154986200854,1.0306419385978371
1224,0.00035,1.0089309811592102,1.0016695261001587,0.004428425250807777,1.0291857929437538
1225,0.00035,1.0133012682199478,1.0062370300292969,0.00462845092988573,1.0336574313670281
1226,0.00035,1.0137253180146217,1.0098056122660637,0.004567920303088613,1.0341498262750974
1227,0.00035,1.0228479839861393,1.011191189289093,0.004488039645366371,1.0432962097541896
1228,0.00035,1.0042113661766052,1.0087969154119492,0.004552961196168326,1.0246149525446526
1229,0.00035,1.0171834342181683,1.0128419250249863,0.004901130072539672,1.037685329222295
1230,0.00035,1.0046145655214787,1.0064393877983093,0.004636093595763668,1.024975157957233
1231,0.00035,1.0084556266665459,1.0028493739664555,0.004773958004079759,1.028751312046079
1232,0.00035,1.013940867036581,1.0011397935450077,0.00482294597895816,1.034204810206429
1233,0.00035,1.0210767537355423,0.9979598186910152,0.004818029323359951,1.0412768515755306
1234,0.00035,1.0119176171720028,1.0015860125422478,0.004831207217648625,1.0321908977837302
1235,0.00035,0.9969177581369877,1.004977360367775,0.005152924539288506,1.0172749515713075
1236,0.00035,1.007947489619255,1.0013197287917137,0.005157186940778047,1.0282317435421282
1237,0.00035,1.007085882127285,1.005579512566328,0.005071380379376933,1.0274510413975804
1238,0.00035,1.007685124874115,1.0082565322518349,0.005059057642938569,1.0281032084012987
1239,0.00035,1.019422508776188,1.0084969401359558,0.005060314753791317,1.0398454633165968
1240,0.00035,1.0126800127327442,1.0077265724539757,0.004932438168907538,1.033081166090269
1241,0.00035,1.0061654187738895,1.0038870237767696,0.004833113198401406,1.026484814909345
1242,0.00035,1.0046411864459515,1.0034616068005562,0.004842162044951692,1.0249525266842103
1243,0.00035,1.0117813646793365,0.9981051944196224,0.004808087949641049,1.0319838729652109
1244,0.00035,1.0029453784227371,1.003414984792471,0.005016506387619302,1.0232645034379675
1245,0.00035,1.010530311614275,1.0041127130389214,0.00505808214074932,1.0308654699820907
1246,0.00035,0.9930599592626095,1.0058514401316643,0.004722132522147149,1.0134130946913502
1247,0.00035,1.0137288309633732,1.0043469183146954,0.004594734404236078,1.0340455060498788
1248,0.00035,1.0111982598900795,1.0021730326116085,0.0047784576017875224,1.031480643422401
1249,0.00035,1.004597194492817,1.0066164135932922,0.004535119223874062,1.0249562787258766
1250,0.00035,1.0035047456622124,1.0115947350859642,0.004622911656042561,1.0239677859467338
1251,0.00035,1.0097475871443748,1.0096175447106361,0.004734985297545791,1.030176687303465
1252,0.00035,0.9987403862178326,1.0086337514221668,0.004835539992200211,1.019154838245886
1253,0.00035,1.0110513307154179,1.0079832077026367,0.004606405971571803,1.031441315168049
1254,0.00035,1.012931551784277,1.00196136161685,0.004619364466634579,1.0332017472399457
1255,0.00035,1.0101338475942612,1.0008744932711124,0.004720484168501571,1.0303873616681085
1256,0.00035,1.0041886493563652,1.0034748688340187,0.00488672309438698,1.024502482887765
1257,0.00035,1.0074766501784325,1.002450954169035,0.0046018295106478035,1.0277557607373455
1258,0.00035,1.0033550597727299,1.0003740601241589,0.004622441076207906,1.0235936630290234
1259,0.00035,0.9969996698200703,1.0005079470574856,0.004571457335259765,1.017238401627983
1260,0.00035,1.014256738126278,1.008223257958889,0.004640186118194833,1.0346532125913654
1261,0.00035,1.0133261866867542,1.0090893916785717,0.004740038770250976,1.0337449764588382
1262,0.00035,1.0131692737340927,1.0077080801129341,0.004654585762182251,1.0335561646244604
1263,0.00035,1.0078813284635544,1.006488423794508,0.004886075388640165,1.0282554007088764
1264,0.00035,1.0030906721949577,1.0006971061229706,0.004546718511846848,1.0233319502430096
1265,0.00035,1.0203066319227219,1.001755129545927,0.004696548741776496,1.0405765619507292
1266,0.00035,1.0094016157090664,1.0015873722732067,0.00461191387148574,1.0296639588481047
1267,0.00035,1.00589282438159,1.0012340657413006,0.004622047039447352,1.0261486080483881
1268,0.00035,1.012284629046917,1.0002357251942158,0.0045113567321095616,1.0325149113874068
1269,0.00035,0.9961259923875332,1.0045630037784576,0.00455608288757503,1.0164450566074812
1270,0.00035,1.0125812478363514,1.003652609884739,0.004478942515561357,1.0328782471598243
1271,0.00035,1.010320670902729,1.0067526400089264,0.004457358591025695,1.0306785916324588
1272,0.00035,1.0149414129555225,1.0067029520869255,0.004582534893415868,1.0353045987419318
1273,0.00035,1.0049525909125805,1.0115327462553978,0.0045602706231875345,1.0254112593688478
1274,0.00035,1.0155354291200638,1.0039443150162697,0.00437225287896581,1.0358329280643375
1275,0.00035,1.0036331452429295,1.003046091645956,0.004459097472135909,1.0239170219494553
1276,0.00035,1.0081581138074398,1.005502749234438,0.0045342352532316,1.02849488055479
1277,0.00035,1.004013929516077,1.0058438293635845,0.004533819374046288,1.024357497072051
1278,0.00035,1.0016156919300556,1.0047956220805645,0.004559001390589401,1.0219395544411964
1279,0.00035,1.0059521682560444,1.0077838115394115,0.004654872318496928,1.0263405881027574
1280,0.00035,1.0023761056363583,1.0085420161485672,0.004608430404914543,1.0227773674795755
1281,0.00035,1.0076212584972382,1.0043681412935257,0.0045801730011589825,1.0279376299731666
1282,0.00035,1.0181409902870655,1.002320557832718,0.004527510958723724,1.038413776991656
1283,0.00035,1.002786312252283,1.001391064375639,0.00482114966143854,1.0230551910228678
1284,0.00035,1.0127828232944012,0.996357973664999,0.004543323724647053,1.0329371489539334
1285,0.00035,1.0074173621833324,0.9997020214796066,0.004525774158537388,1.0276376913208516
1286,0.00035,1.0071518532931805,1.0030952878296375,0.004380935613880865,1.0274328058304671
1287,0.00035,0.9848968125879765,1.0014590322971344,0.0045275455340743065,1.005152370510623
1288,0.00035,0.9953566715121269,1.0019818134605885,0.004561697773169726,1.015624392669997
1289,0.00035,1.0143952891230583,1.0047069415450096,0.004427002553711645,1.034710778081644
1290,0.00035,0.9876114018261433,1.0095510855317116,0.004786131612490863,1.008041730117402
1291,0.00035,1.0056612230837345,1.009936846792698,0.004594510741299018,1.0260896855566535
1292,0.00035,0.9922710321843624,1.0104861110448837,0.004735902868560515,1.0127175495486882
1293,0.00035,1.0082515068352222,1.0071301013231277,0.004591385804815218,1.0286236781519256
1294,0.00030539716210730274,0.9980858936905861,1.0085344538092613,0.0045347706181928515,1.018483321297681
1295,0.0002742354395634218,0.990634847432375,1.0097566694021225,0.00469552117283456,1.011064756879059
1296,0.00025088699058892666,1.0067644976079464,1.009255774319172,0.004677570424973965,1.0271834916155786
1297,0.00023255200333628347,0.9984022416174412,1.0071251168847084,0.0047357969742733985,1.018781533803849
1298,0.00021765995878678958,1.0005404241383076,1.0044817067682743,0.0048293633153662086,1.0208715264394415
1299,0.00020525272593139036,0.9904182441532612,1.0037794299423695,0.004641048173652962,1.0107258851607912
1300,0.00019470821261334968,0.9922919869422913,1.0037787109613419,0.004755111149279401,1.0126053167189821
1301,0.00018560259025309427,0.9853605888783932,1.00536285713315,0.004616419144440442,1.0056986669782781
1302,0.00017763581180799384,0.9910806007683277,1.0062993951141834,0.004734130227006972,1.0114432951819619
1303,0.00017058870111175803,0.9975437372922897,1.0091163590550423,0.004856889267102815,1.0179689089367456
1304,0.0001642969265979639,0.990457322448492,1.0051223523914814,0.004579001775709912,1.0107887195851073
1305,0.00015863453072555375,0.9883915074169636,1.0050988495349884,0.004707406274974346,1.0087288547214122
1306,0.00015350312762374806,0.9840164557099342,1.005287304520607,0.004552616126602516,1.0043498326066764
1307,0.0001488245990603894,0.9876204244792461,1.0025745071470737,0.004560945963021368,1.0078999619203386
1308,0.00014453602411390536,0.9910616688430309,1.0024036280810833,0.004336798592703417,1.0113265813342878
1309,0.0001405860776782102,0.989640224725008,1.0039148069918156,0.004372023700852878,1.009937122049887
1310,0.00013693242003867212,0.9881114587187767,1.0042712576687336,0.004460146461497061,1.0084198911952262
1311,0.00013353977053562604,0.9823864437639713,1.0050295107066631,0.004345756635302678,1.00270432180987
1312,0.0001303784630670676,0.9861688651144505,1.0049889907240868,0.0044839095789939165,1.006492840407882
1313,0.0001274233471789404,0.984640322625637,1.0072505846619606,0.004314472229452804,1.0050010579303488
1314,0.00012465294109697132,0.999696534126997,1.0047782883048058,0.004377896635560319,1.0200109947248712
1315,0.00012204877116392075,0.9883693158626556,1.0037443451583385,0.00424775606370531,1.0086565905690077
1316,0.00011959485106061806,0.9819886088371277,1.0049355402588844,0.0042798586073331535,1.002301312572672
1317,0.00011727726714576918,0.9987568706274033,1.0032927356660366,0.0042637755832402036,1.0190359141198861
1318,0.00011508384527086602,0.9831655882298946,1.0061605349183083,0.004128377506276593,1.0034952178035748
1319,0.00011300388080244148,0.9777004942297935,1.0062777176499367,0.0041225139575544745,0.99803217428067
1320,0.00011102791815253678,0.9830460920929909,1.004275768995285,0.004097019424079917,1.0033364584441007
1321,0.00010914756943368384,0.9841880202293396,1.0055498741567135,0.0041195556987077,1.0045049954974092
1322,0.00010735536428915044,0.9687572456896305,1.0031519159674644,0.0040860273147700354,0.9890245853747183
1323,0.00010564462475637369,0.9877879619598389,1.0027992129325867,0.004081951075932011,1.0080480437722872
1324,0.00010400936037674408,0.988858237862587,1.0055772811174393,0.004228452424285933,1.00918120610615
1325,0.00010244417979091414,0.9818261079490185,1.0053124576807022,0.004139108204981312,1.0021393125128817
1326,0.00010094421584249508,0.9939128085970879,1.0075460709631443,0.004305115697206929,1.014278985801211
1327,9.950506181661319e-05,0.9852030649781227,1.0037872307002544,0.00408917193999514,1.0054832681891277
1328,9.812271690835265e-05,0.9958158768713474,1.0037574134767056,0.004071420014952309,1.016094596141629
1329,9.67935393825246e-05,0.9851033687591553,1.002586092799902,0.004117133925319649,1.0053609473114193
1330,9.551420617473449e-05,0.9770951271057129,1.0067504309117794,0.00409543611749541,0.9974349075298232
1331,9.4281677912422e-05,0.9763918109238148,1.0050716511905193,0.004229530764860101,0.9967047204858682
1332,9.309316851695775e-05,0.9805094450712204,1.0065139718353748,0.004066943540237844,1.00084307168494
1333,9.194611869422494e-05,0.9817763343453407,1.0046207159757614,0.004095945711014792,1.0020735459504067
1334,9.083817273918339e-05,0.9903459548950195,1.0033881664276123,0.004028555165859871,1.0106151459818646
1335,8.976715817567652e-05,0.9764242544770241,1.003947127610445,0.0042280889610992745,0.996714601477288
1336,8.873106783080774e-05,0.9837454594671726,1.0036110877990723,0.00422706529207062,1.0040290344877576
1337,8.772804400715684e-05,0.9748204573988914,1.001540508121252,0.004021431057481095,0.9950523391141906
1338,8.675636446872753e-05,0.9852613061666489,1.0016706213355064,0.004135090246563777,1.005501473105687
1339,8.58144300000083e-05,0.970891110599041,1.006333839148283,0.004125698251300491,0.9912240722945717
1340,8.490075333362422e-05,0.9824105091392994,1.0044571943581104,0.004061563435243443,1.0027027311982237
1341,8.401394927213831e-05,0.9784663021564484,1.0017124153673649,0.004134054863243364,0.9987072532069579
1342,8.315272585472182e-05,0.9914882779121399,1.0020753405988216,0.0040281312831211835,1.0117311912882723
1343,8.231587644054088e-05,0.9712522551417351,1.0066608637571335,0.004145231418078765,0.9915927339877817
1344,8.15022725985059e-05,0.9689710326492786,1.006122913211584,0.004194735229248181,0.9893032276749727
1345,8.07108577080804e-05,0.9686066173017025,1.0055607445538044,0.004177717259153724,0.9889267180557362
1346,7.994064118861086e-05,0.9747491143643856,1.006060216575861,0.00409780019253958,0.9950752087055298
1347,7.919069328549968e-05,0.9722709432244301,1.0069722272455692,0.004218374495394528,0.9926213064941112
1348,7.84601403508129e-05,0.9757928922772408,1.0047145187854767,0.004163013814832084,0.9960953333436919
1349,7.774816056384861e-05,0.9732075072824955,1.0080391764640808,0.004152313704253174,0.9935759064969898
1350,7.705398004400084e-05,0.9984221048653126,1.002476952970028,0.004016458377009258,1.0186724668435636
1351,7.637686931411535e-05,0.9728490449488163,1.0081112757325172,0.004222721661790274,0.9932224065465561
1352,7.571614007759012e-05,0.9815267585217953,1.0064174756407738,0.004112074399017729,1.0018607117545617
1353,7.507114227684917e-05,0.9845261164009571,1.0059593729674816,0.003944191048503853,1.004842513412732
1354,7.444126140461101e-05,0.990496564656496,1.002126295119524,0.0039858475647633895,1.0107383829371246
1355,7.38259160426718e-05,0.9847638010978699,1.0039053298532963,0.004032256998470984,1.0050435205448593
1356,7.322455560579518e-05,0.9819362014532089,1.0025906935334206,0.0039477961690863594,1.0021854051323318
1357,7.263665827080992e-05,0.9644080884754658,1.004684254527092,0.003893957211403176,0.9846964714265778
1358,7.206172907321116e-05,0.968412484973669,1.0043420791625977,0.00400756491580978,0.9886997048027114
1359,7.149929815548503e-05,0.9785168878734112,1.005568042397499,0.0042084122251253575,0.9988386693326174
1360,7.09489191530681e-05,0.9684181399643421,1.0025984346866608,0.0041022385557880625,0.9886752205858648
1361,7.041016770534058e-05,0.9779631793498993,1.0038715153932571,0.004075250806636177,0.9982443721980963
1362,6.988264008036526e-05,0.9637507051229477,1.0049526989459991,0.0038860502099851146,0.9840440616123669
1363,6.936595190324393e-05,0.9677463695406914,1.0056412257254124,0.003909844628651626,0.9880546862866322
1364,6.885973697898957e-05,0.9874546341598034,1.0016865581274033,0.004097268814803101,1.0076932287630915
1365,6.836364620172247e-05,0.9665649756789207,1.0030218288302422,0.003973488579504192,0.9868240866845008
1366,6.787734654280755e-05,0.985320046544075,1.0036662705242634,0.004022867506137118,1.005594515329867
1367,6.74005201112684e-05,0.9741192311048508,1.0072196759283543,0.004114879760891199,0.9944693686114624
1368,6.693286328045526e-05,0.9859011545777321,1.0045949816703796,0.003878004485159181,1.0061869544353976
1369,6.647408587551537e-05,0.9664519876241684,1.0074056424200535,0.004033616685774177,0.9868017813068582
1370,6.602391041672537e-05,0.9818780422210693,1.005135364830494,0.003877661089063622,1.0021746325721324
1371,6.558207141420292e-05,0.9752470105886459,1.0054068565368652,0.003838868346065283,0.9955470911366865
1372,6.514831470992488e-05,0.979167066514492,1.0070823431015015,0.004026271140901372,0.9995100269335672
1373,6.472239686334706e-05,0.9710700362920761,1.00440863519907,0.003908609345671721,0.9913536394633411
1374,6.430408457725168e-05,0.9772594682872295,1.0058152079582214,0.0038683446909999475,0.997569189680944
1375,6.389315416074617e-05,0.971686813980341,1.0053402110934258,0.003958046669140458,0.9919915205356665
1376,6.348939102660536e-05,0.9798432402312756,1.004656545817852,0.0038555820065084845,1.000129150247958
1377,6.309258922039119e-05,0.9880305789411068,1.003105752170086,0.00395993486745283,1.0082906907278812
1378,6.27025509790026e-05,0.9817797988653183,1.0049705058336258,0.004005452588899061,1.0020794816114358
1379,6.231908631650632e-05,0.9739543199539185,1.0068157278001308,0.003921952200471424,0.9942867321199447
1380,6.194201263527806e-05,0.9750134199857712,1.0056174136698246,0.004119875200558454,0.9953317620191956
1381,6.157115436064632e-05,0.9815827086567879,1.005271341651678,0.004033509423607029,1.001889810961002
1382,6.120634259737833e-05,0.9649977050721645,1.006987415254116,0.003955770589527674,0.9853352419067233
1383,6.084741480648138e-05,0.9874337501823902,1.0039615370333195,0.003880911026499234,1.0077070264743815
1384,6.0494214500914806e-05,0.9737159460783005,1.005908653140068,0.0038645150925731286,0.9940273448957305
1385,6.014659095891881e-05,0.9785340093076229,1.0068408995866776,0.00401131140824873,0.9988713928697689
1386,5.980439895376702e-05,0.9703665748238564,1.0035103373229504,0.003763144981348887,0.9906249388193827
1387,5.9467498498842653e-05,0.9814812652766705,1.003831285983324,0.004094062402145937,1.0017625941164443
1388,5.9135754607021545e-05,0.9789718054234982,1.002559032291174,0.004055845638504252,0.9992257783512468
1389,5.8809037063422764e-05,0.9839531295001507,1.0024481900036335,0.003748949704458937,1.0041895407854464
1390,5.848722021065812e-05,0.9764828160405159,1.003265891224146,0.00399508471309673,0.9967478881006537
1391,5.8170182745776005e-05,0.9690259881317616,1.0048306696116924,0.0038781015464337543,0.9893165066013171
1392,5.7857807528154193e-05,0.9744677618145943,1.0041930377483368,0.003830068322713487,0.9947431259856967
1393,5.7549981397651094e-05,0.9804311171174049,1.0063815526664257,0.004088696354301646,1.0007631829884485
1394,5.724659500237375e-05,0.9779759533703327,1.0040407814085484,0.00392798034590669,0.998253168015799
1395,5.6947542635467696e-05,0.9704789146780968,1.005025964230299,0.003974417471908964,0.9907781548362982
1396,5.665272208037524e-05,0.9708101451396942,1.0051070638000965,0.003895780275342986,0.9911070754294633
1397,5.636203446404769e-05,0.9811144731938839,1.0041432194411755,0.0038740909367334098,1.0013910421295442
1398,5.6075384117632945e-05,0.9784368313848972,1.0047954320907593,0.003960698420996778,0.9987307749477623
1399,5.579267844419268e-05,0.9781943596899509,1.0040860399603844,0.0038991548790363595,0.9984710382331105
1400,5.5513827793033497e-05,0.9714456871151924,1.0064175948500633,0.003832037720712833,0.9917656408982293
1401,5.52387453402651e-05,0.9755927473306656,1.0067674964666367,0.0038073245232226327,0.9959184634861594
1402,5.49673469752238e-05,0.9825882911682129,1.0063010677695274,0.003973601356847212,1.002912992591446
1403,5.469955119242401e-05,0.9725218042731285,1.0027059502899647,0.003776202764129266,0.9927647334171343
1404,5.443527898872292e-05,0.9729977026581764,1.006514586508274,0.0037824911123607308,0.9933171189439599
1405,5.417445376540291e-05,0.98970727622509,1.0020956471562386,0.003878244780935347,1.0099431014072617
1406,5.391700123489697e-05,0.9642897099256516,1.005456104874611,0.003747486902284436,0.984586206368258
1407,5.366284933189872e-05,0.9672080241143703,1.0063619017601013,0.0038439467607531697,0.98752745948761
1408,5.341192812861549e-05,0.9821159504354,1.003601599484682,0.004024019101052545,1.0023891833801464
1409,5.31641697539384e-05,0.9811962097883224,1.0042910724878311,0.0038848807744216174,1.0014762752768
1410,5.291950831631708e-05,0.9700137004256248,1.0064702704548836,0.003942569601349533,0.99034023431479
1411,5.267787983014008e-05,0.9673698619008064,1.0022817514836788,0.0040100057813106105,0.9876159972195455
1412,5.243922214543424e-05,0.9760008417069912,1.0017693303525448,0.003887680606567301,0.9962306123443704
1413,5.220347488070743e-05,0.9630050025880337,1.004206832498312,0.003871540873660706,0.983282716281683
1414,5.1970579358770274e-05,0.9708934240043163,1.0052752196788788,0.0039873723580967635,0.9911982970157988
1415,5.1740478545381465e-05,0.9724401757121086,1.0046435818076134,0.003831971131148748,0.9927246459048183
1416,5.1513116990571425e-05,0.9741080105304718,1.0040466412901878,0.0036868326424155384,0.9943732849883964
1417,5.128844077250693e-05,0.9622691422700882,1.0057410262525082,0.003887400176608935,0.9825783328039689
1418,5.1066397443767955e-05,0.9741519652307034,1.004199218004942,0.0037815444375155494,0.994425026812678
1419,5.0846935979914865e-05,0.9735444895923138,1.0059005841612816,0.003876859205774963,0.9938563442358281
1420,5.063000673023169e-05,0.9577552676200867,1.00681022554636,0.00391318385663908,0.9780871313238458
1421,5.0415561370537455e-05,0.9689727649092674,1.0063075199723244,0.003938050882425159,0.9892958178528353
1422,5.020355285796361e-05,0.9807245768606663,1.0072593539953232,0.0041587180603528395,1.0010776998435904
1423,4.999393538760163e-05,0.9750580713152885,1.007624264806509,0.0038058378268033266,0.9954008485027589
1424,4.9786664350929955e-05,0.9798692762851715,1.0043344758450985,0.0038881858199601993,1.0001503750930714
1425,4.9581696295934686e-05,0.9839483462274075,1.0065161138772964,0.00401699090434704,1.0042795180501707
1426,4.9378988888843e-05,0.9567461386322975,1.005457989871502,0.004065053930389695,0.977058551126247
1427,4.917850087739282e-05,0.9749706350266933,1.0033386908471584,0.003936318869818933,0.9952342247871275
1428,4.898019205556639e-05,0.9628392271697521,1.0051475539803505,0.0038528963923454285,0.9831348230689764
1429,4.878402322971925e-05,0.9717523977160454,1.0040257722139359,0.0038878946215845644,0.9920273078914033
1430,4.858995618603987e-05,0.9771350808441639,1.0016097016632557,0.003783287393162027,0.9973564392470871
1431,4.839795365927857e-05,0.9735000878572464,1.0028692409396172,0.003928210659069009,0.9937538832089923
1432,4.82079793026877e-05,0.9827574081718922,1.0020669847726822,0.0039426889416063204,1.0029958823144263
1433,4.8019997659117796e-05,0.9647168591618538,1.0031902268528938,0.0038439013151219115,0.9849728587646678
1434,4.783397413321795e-05,0.9680684730410576,1.002290241420269,0.0037910101673332974,0.9883038283778296
1435,4.764987496469045e-05,0.9756788164377213,1.006734810769558,0.003960260626627132,0.9960115256844438
1436,4.746766720255294e-05,0.9784302711486816,1.0034592598676682,0.003989134595030919,0.9986989130757865
1437,4.728731868036372e-05,0.9726391434669495,1.004289299249649,0.004003812602604739,0.9929251200820727
1438,4.710879799236755e-05,0.974244263023138,1.0042553283274174,0.003924256583559327,0.9945255824188644
1439,4.6932074470522106e-05,0.9753387197852135,1.0042850263416767,0.0038415656017605215,0.9956164985921351
1440,4.675711816236669e-05,0.9740670137107372,1.0031607635319233,0.0038042296073399484,0.9943204404617427
1441,4.6583899809697074e-05,0.9677779898047447,1.003021851181984,0.0039244973013410345,0.9880346516934515
1442,4.641239082801207e-05,0.9584914520382881,1.0054384618997574,0.003922170915757306,0.9787963298220711
1443,4.62425632866988e-05,0.9699166491627693,1.0054920390248299,0.003765426605241373,0.990214761273528
1444,4.607438988992569e-05,0.9591585583984852,1.004251703619957,0.0038082977407611907,0.9794340073579224
1445,4.590784395821349e-05,0.9693213514983654,1.0046676509082317,0.00399177276995033,0.9896142931550276
1446,4.574289941065597e-05,0.9711309187114239,1.0043623894453049,0.003961729351431131,0.9914162529679016
1447,4.557953074776352e-05,0.9852136969566345,1.0051639936864376,0.003911619482096285,1.0055125578044681
1448,4.5417713034903896e-05,0.9575545862317085,1.0027774758636951,0.0039434150530723855,0.977807306501636
1449,4.525742188631582e-05,0.9548098780214787,1.0059069283306599,0.00391640406451188,0.9751238367913174
1450,4.509863344967203e-05,0.9611424207687378,1.006642784923315,0.003998010419309139,0.9814751769881696
1451,4.4941324391169805e-05,0.9676229506731033,1.0064197555184364,0.003870374654070474,0.9879448645161756
1452,4.478547188112759e-05,0.9882911741733551,1.0023176968097687,0.004018274921691045,1.0085384418556351
1453,4.463105358006758e-05,0.9721403494477272,1.0064311884343624,0.004054344055475667,0.9924716904191883
1454,4.447804762526519e-05,0.9702606499195099,1.005111813545227,0.003911438077921048,0.9905584580943105
1455,4.432643261774668e-05,0.9749122895300388,1.0056463330984116,0.004011460347101092,0.9952257892093621
1456,4.4176187609717744e-05,0.9666545130312443,1.0059267096221447,0.004021492844913155,0.9869741218659328
1457,4.4027292092406066e-05,0.962395440787077,1.0046361684799194,0.003969597499235533,0.9826866440316372
1458,4.387972598430184e-05,0.9619218856096268,1.0067187398672104,0.003923085343558341,0.9822524146741489
1459,4.37334696197811e-05,0.9640594571828842,1.0028919354081154,0.0037796479155076668,0.9843062782868219
1460,4.3588503738096954e-05,0.9690766148269176,1.004029881209135,0.003901549178408459,0.9893522899100208
1461,4.344480947272511e-05,0.9751394987106323,1.0053226612508297,0.0039402762486133724,0.9954429657480796
1462,4.330236834104992e-05,0.9733402244746685,1.0057218968868256,0.004069513888680376,0.993658138106839
1463,4.316116223437837e-05,0.9717745967209339,1.0073464624583721,0.003873258814564906,0.9921151889108295
1464,4.302117340826978e-05,0.9776311442255974,1.0035748109221458,0.003822030485025607,0.9978937419682916
1465,4.2882384473169326e-05,0.9778755642473698,1.000021182000637,0.0038418074836954474,0.9980680782615673
1466,4.2744778385334415e-05,0.9678237177431583,1.0033146142959595,0.0037171371513977647,0.9880758668866474
1467,4.2608338438042764e-05,0.9785510823130608,1.004355277866125,0.004016412669443525,0.9988390085038554
1468,4.24730482530724e-05,0.9821753315627575,1.0066678151488304,0.003976219784817658,1.002507498854975
1469,4.2338891772443284e-05,0.9679445251822472,1.0053877234458923,0.003721240922459401,0.988238341697288
1470,4.220585325041131e-05,0.9790848232805729,1.0054861903190613,0.0038471662846859545,0.9993869054011884
1471,4.207391724570562e-05,0.9649801030755043,1.0071964859962463,0.0038773329579271376,0.9853178994433256
1472,4.194306861400044e-05,0.9670120812952518,1.0065135471522808,0.0038495599146699533,0.987334830234031
1473,4.181329250061321e-05,0.9655739329755306,1.007292415946722,0.003897378468536772,0.9859146502178918
1474,4.168457433342093e-05,0.9652985371649265,1.0073822811245918,0.0038343310297932476,0.985637899338908
1475,4.1556899815987264e-05,0.963457677513361,1.0059058330953121,0.0039168593066278845,0.9837716371405986
1476,4.143025492089258e-05,0.9640242904424667,1.0038898065686226,0.003818373312242329,0.9842930052394514
1477,4.130462588326044e-05,0.9667124077677727,1.0064458176493645,0.003846509789582342,0.9870336496102391
1478,4.117999919447333e-05,0.9747970402240753,1.0021375976502895,0.0038392456917790696,0.99503175446167
1479,4.1056361596071304e-05,0.9778936989605427,1.0051086209714413,0.0040272293699672446,0.9981972328484698
1480,4.0933700073827226e-05,0.9730889871716499,1.0041222497820854,0.0038166496669873595,0.993362264650641
1481,4.081200185199269e-05,0.9787707291543484,1.0048090182244778,0.004024308844236657,0.9990681249610498
1482,4.069125438770859e-05,0.978162869811058,1.0059609189629555,0.003882145829265937,0.9984761954817805
1483,4.057144536557526e-05,0.9754460640251637,1.0054000206291676,0.004079754566191696,0.9957580521660565
1484,4.045256269237625e-05,0.9744550287723541,1.0043953210115433,0.003914737782906741,0.9947386720817303
1485,4.033459449195113e-05,0.9640830270946026,1.0042610242962837,0.003869443156872876,0.9843617197383718
1486,4.021752910021206e-05,0.9669266976416111,1.0031760931015015,0.003877109513268806,0.9871840749793045
1487,4.010135506029957e-05,0.9599672853946686,1.0033565573394299,0.0037365386815508828,0.9802212434755347
1488,3.998606111787281e-05,0.9710880294442177,1.0049732066690922,0.0038125286519061774,0.9913781200101948
1489,3.987163621653001e-05,0.9535703212022781,1.0058323740959167,0.0038575019716518,0.973879843782779
1490,3.975806949335494e-05,0.972965732216835,1.0067194029688835,0.0039575760456500575,0.9932979990784951
1491,3.9645350274585125e-05,0.9713438712060452,1.0036034286022186,0.0038393404975067824,0.9916079068029648
1492,3.9533468071398056e-05,0.9664517380297184,1.0040824003517628,0.0038389588735299185,0.9867253339804302
1493,3.942241257581158e-05,0.9748882092535496,1.0067764185369015,0.003881217446178198,0.9952177984965965
1494,3.931217365669478e-05,0.9657792113721371,1.005385722965002,0.003878061441355385,0.9860808289035049
1495,3.920274135588595e-05,0.9666643142700195,1.0045194253325462,0.003972667283960618,0.9869533361408684
1496,3.909410588441407e-05,0.960978489369154,1.0028029829263687,0.0038393991417251527,0.9812265189847676
1497,3.8986257618820904e-05,0.9616299122571945,1.004588358104229,0.003981880130595528,0.9819207734258089
1498,3.8879187097580096e-05,0.9749141111969948,1.0040765479207039,0.00386083334160503,0.995188683822489
1499,3.877288501761071e-05,0.970373447984457,1.0066514611244202,0.003886465259711258,0.9907008004699309
1500,3.866734223088193e-05,0.9640166088938713,1.003977034240961,0.0037658949731849134,0.9842844443273497
1501,3.856254974110638e-05,0.9776547290384769,1.0046907104551792,0.003953294159146026,0.9979462079555379
1502,3.8458498700519137e-05,0.9671171866357327,1.0050126649439335,0.00372452633746434,0.9874036662514846
1503,3.835518040673998e-05,0.9594271183013916,1.0057625509798527,0.0039000454708002508,0.9797373715945287
1504,3.8252586299716214e-05,0.9664242267608643,1.0070868507027626,0.003944894371670671,0.9867632084935031
1505,3.8150707958743826e-05,0.9685700833797455,1.004016574472189,0.003920021059457213,0.9888464159221622
1506,3.8049537099564315e-05,0.9711249060928822,1.0039640739560127,0.003762071253731847,0.9913922911346891
1507,3.7949065571535234e-05,0.9680205434560776,1.0040941201150417,0.0038700503209838644,0.9882959283744276
1508,3.7849285354872106e-05,0.9701868109405041,1.0062845349311829,0.003800311664235778,0.9905025172223395
1509,3.77501885579595e-05,0.9713983535766602,1.0067001953721046,0.004047561233164743,0.9917347355457605
1510,3.765176741472954e-05,0.9697439968585968,1.003264643251896,0.003961567213991657,0.9900073680843343
1511,3.7554014282105365e-05,0.9714311808347702,1.0053124278783798,0.003826708416454494,0.9917287648131605
1512,3.745692163750822e-05,0.9721718169748783,1.003892470151186,0.003782818021136336,0.9924388072789588
1513,3.736048207642583e-05,0.9614091515541077,1.0045064091682434,0.0038186832825886086,0.9816902139016019
1514,3.726468831004052e-05,0.963694017380476,1.0054070875048637,0.003955507025239058,0.9839999344818352
1515,3.7169533162915445e-05,0.9695090278983116,1.0036234855651855,0.003872131841490045,0.9897751042016898
1516,3.707500957073687e-05,0.9717994853854179,1.003249529749155,0.00380525914079044,0.9920547389374406
1517,3.698111057811144e-05,0.9684660732746124,1.0061909444630146,0.0038960497622611,0.9887846946519858
1518,3.688782933641638e-05,0.9695199429988861,1.0062929019331932,0.0039819343510316685,0.9898448977551015
1519,3.6795159101701414e-05,0.9676627926528454,1.0049069449305534,0.003732518380274996,0.9879475574704703
1520,3.6703093232640816e-05,0.9667951911687851,1.0042762719094753,0.0037783994775963947,0.9870696365808544
1521,3.6611625188534296e-05,0.9561602026224136,1.0091650784015656,0.0038539107044925913,0.9765361997256695
1522,3.6520748527355166e-05,0.9613185152411461,1.005652442574501,0.003727770352270454,0.9816179526102496
1523,3.643045690384469e-05,0.9473090954124928,1.0061113014817238,0.0037348349287640303,0.9676180631885654
1524,3.634074406765114e-05,0.9736345894634724,1.006432443857193,0.003819165925960988,0.9939541966369142
1525,3.6251603861512445e-05,0.9679222591221333,1.0033553093671799,0.0038582380657317117,0.9881822772127635
1526,3.61630302194812e-05,0.9727252833545208,1.0051310919225216,0.003886137215886265,0.9930222120537656
1527,3.6075017165190855e-05,0.9711090289056301,1.001972634345293,0.003952287559513934,0.9913460959705117
1528,3.598755881016196e-05,0.9540781378746033,1.0043764412403107,0.004039201623527333,0.9743676267805859
1529,3.590064935214738e-05,0.9703772440552711,1.0025627724826336,0.0038916304329177365,0.9906230810265697
1530,3.581428307351553e-05,0.9780464060604572,1.0039380379021168,0.0037144348898436874,0.9983108885629918
1531,3.57284543396703e-05,0.9639833867549896,1.0067315325140953,0.0038249658391578123,0.9843092656972294
1532,3.564315759750711e-05,0.9622350931167603,1.0054960139095783,0.003795619835727848,0.9825347943867382
1533,3.55583873739038e-05,0.9738621823489666,1.004460234194994,0.003815449425019324,0.9941421595041174
1534,3.547413827424557e-05,0.9735558032989502,1.0047577470541,0.003954685744247399,0.9938486925272446
1535,3.539040498098294e-05,0.9725398048758507,1.0051318891346455,0.004041084772325121,0.9928444968971599
1536,3.5307182252222116e-05,0.9809985682368279,1.0014988370239735,0.003865959239192307,1.001221842939267
1537,3.5224464920346606e-05,0.9725804440677166,1.0040004812180996,0.00375480591901578,0.9928481939880294
1538,3.514224789066948e-05,0.9716685861349106,1.0040517151355743,0.003884822770487517,0.9919438615761464
1539,3.5060526140115396e-05,0.9678260609507561,1.006211381405592,0.003966786040109582,0.9881486278808734
1540,3.497929471593149e-05,0.989160317927599,1.0076820850372314,0.003945634118281305,1.0095112413342577
1541,3.489854873442677e-05,0.9673209823668003,1.0045790672302246,0.003929165177396499,0.9876090219702747
1542,3.481828337973879e-05,0.9708357751369476,1.003815583884716,0.003840853809379041,0.9911041295051108
1543,3.4738493902627217e-05,0.9633305966854095,1.0063291564583778,0.003916342684533447,0.9836529969488038
1544,3.465917561929358e-05,0.9749705940485001,1.0044653341174126,0.00393649646139238,0.9952567255539179
1545,3.458032391022637e-05,0.9666417092084885,1.0055732727050781,0.0038785295182606205,0.986947101138503
1546,3.450193421907101e-05,0.972182497382164,1.006896462291479,0.0037672490143449977,0.9925087890787109
1547,3.4424002051524045e-05,0.9692567102611065,1.0047085955739021,0.0037468165101017803,0.9895382229980896
1548,3.434652297425079e-05,0.9604743793606758,1.003907524049282,0.003918380840332247,0.9807484488836781
1549,3.426949261382611e-05,0.9636272266507149,1.0048306211829185,0.003920893359463662,0.9839198837423464
1550,3.419290665569745e-05,0.9553174711763859,1.003884732723236,0.003811535847489722,0.9755857426232251
1551,3.411676084316989e-05,0.9726008772850037,1.0054052211344242,0.0038776162109570578,0.99290286251824
1552,3.404105097641232e-05,0.947316586971283,1.0049119591712952,0.0037487182271433994,0.967602262066066
1553,3.396577291148457e-05,0.9679014645516872,1.0036544017493725,0.003763985208934173,0.9881627518471213
1554,3.3890922559384656e-05,0.9624377340078354,1.006529562175274,0.003803223924478516,0.9827584864475648
1555,3.381649588511596e-05,0.9697910323739052,1.0064388513565063,0.003880366013618186,0.9901138277017162
1556,3.37424889067735e-05,0.9664836041629314,1.0051721706986427,0.0038076354685472324,0.9867774293503316
1557,3.366889769464925e-05,0.9669587388634682,1.007856160402298,0.003939358430216089,0.9873128299930249
1558,3.359571837035562e-05,0.9676535613834858,1.0045512691140175,0.0036900047271046788,0.9879290870021213
1559,3.3522947105967e-05,0.9656873866915703,1.0021581910550594,0.0037407005729619414,0.9859175855413196
1560,3.3450580123178655e-05,0.9632451497018337,1.0073335021734238,0.0038360657781595364,0.9835836230342102
1561,3.3378613692482836e-05,0.9699174277484417,1.0041501559317112,0.003863942256430164,0.9901936279798974
1562,3.330704413236148e-05,0.9640908613801003,1.0061311200261116,0.003809420988545753,0.9844039548300497
1563,3.323586780849514e-05,0.9691918157041073,1.0038027986884117,0.0037612185114994645,0.9894559326034505
1564,3.3165081132987845e-05,0.9554416686296463,1.0050240494310856,0.0037475275166798383,0.975729525994102
1565,3.309468056360744e-05,0.9757523089647293,1.005989659577608,0.0037884604244027287,0.9960615251775017
1566,3.30246626030411e-05,0.9709810204803944,1.0053292028605938,0.003909416249371134,0.9912830753500748
1567,3.295502379816557e-05,0.9684401154518127,1.0042161755263805,0.0038914592150831595,0.9887190119230945
1568,3.288576073933189e-05,0.9614652395248413,1.0037624463438988,0.0038945991691434756,0.9817352184101764
1569,3.281687005966417e-05,0.9743881300091743,1.0047896653413773,0.00406635639956221,0.99468724113598
1570,3.2748348434372215e-05,0.9559707716107368,1.0039194412529469,0.0037450374220497906,0.9762364123068983
1571,3.2680192580077494e-05,0.9655805490911007,1.0063106268644333,0.003955871536163613,0.9859045552051975
1572,3.26123992541524e-05,0.9659974724054337,1.0037507712841034,0.0038689397770212963,0.9862659348199667
1573,3.2544965254072234e-05,0.9617638550698757,1.0048020631074905,0.003995288905571215,0.9820596607773041
1574,3.247788741677973e-05,0.9679883979260921,1.0046168863773346,0.003839095588773489,0.9882726904330775
1575,3.241116261806197e-05,0.958557978272438,1.0037120953202248,0.0036283856607042253,0.9788136394618777
1576,3.234478777193915e-05,0.9655330516397953,1.002633910626173,0.003811727146967314,0.9857763162096671
1577,3.227875983006512e-05,0.9698647372424603,1.004305426031351,0.003960771908168681,0.9901488843584957
1578,3.221307578113935e-05,0.9870383553206921,1.0055036433041096,0.0038762617332395166,1.007342241273436
1579,3.2147732650330136e-05,0.9804742895066738,1.0045034401118755,0.0038140198739711195,1.0007550593026098
1580,3.208272749870866e-05,0.9806218184530735,1.0059166662395,0.003941143528209068,1.000937208954274
1581,3.2018057422693835e-05,0.9593449346721172,1.0072716623544693,0.0038915367622394115,0.9796849447573186
1582,3.195371955350755e-05,0.9759736880660057,1.0035443790256977,0.0039077591500245035,0.9962399636040209
1583,3.188971105664013e-05,0.9526939652860165,1.0030629113316536,0.003779195176321082,0.9729441832714656
1584,3.182602913132587e-05,0.9656387716531754,1.0051255784928799,0.003914868881111033,0.9859370266670886
1585,3.176267101002825e-05,0.9702558852732182,1.0046023428440094,0.003953932857257314,0.9905456287729612
1586,3.169963395793483e-05,0.9622532464563847,1.0053144916892052,0.003853545058518648,0.9825522135430947
1587,3.1636915272461364e-05,0.9665941372513771,1.0042647682130337,0.0037974933948135003,0.9868693072853784
1588,3.157451228276518e-05,0.9690718650817871,1.0051319003105164,0.00379021221306175,0.9893640136986506
1589,3.1512422349267436e-05,0.9765143319964409,1.0038834102451801,0.0038422656944021583,0.9967841134860647
1590,3.14506428631842e-05,0.9665040634572506,1.005661815404892,0.0038076663913670927,0.9868076830849167
1591,3.1389171246066054e-05,0.9719196893274784,1.003033634275198,0.0037825460894964635,0.9921694893174572
1592,3.132800494934604e-05,0.959941852837801,1.007986031472683,0.003859047734295018,0.9802945258539695
1593,3.126714145389595e-05,0.9609945565462112,1.0059000924229622,0.0037552612484432757,0.9813003214570927
1594,3.12065782695905e-05,0.9751874394714832,1.0019126012921333,0.003934756794478744,0.9954224293370498
1595,3.114631293487943e-05,0.9772984310984612,1.0070253238081932,0.003922372256056406,0.9976350561874278
1596,3.108634301636731e-05,0.957746047526598,1.006040707230568,0.0038591681950492784,0.9780598200809617
1597,3.102666610840081e-05,0.9579456709325314,1.006991870701313,0.003834091388853267,0.9782772129160002
1598,3.0967279832663406e-05,0.971560150384903,1.0036109164357185,0.0038808426761534065,0.9918264108474251
1599,3.090818183777727e-05,0.9697221256792545,1.0057565197348595,0.003970536985434592,0.9900357829232234
1600,3.0849369798912225e-05,0.9774245731532574,1.002957921475172,0.003851365967420861,0.9976762998811318
1601,3.0790841417401616e-05,0.9661751911044121,1.0061723999679089,0.004015340891783126,0.9864994061483594
1602,3.073259442036495e-05,0.9642236866056919,1.003807619214058,0.003946858007111587,0.9844971818903286
1603,3.067462656033717e-05,0.9701522886753082,1.0054886676371098,0.0038180789415491745,0.9904529659751279
1604,3.0616935614904446e-05,0.9519286304712296,1.0062290169298649,0.0040050347888609394,0.9722534625492699
1605,3.055951938634626e-05,0.9728877432644367,1.006991844624281,0.0037636772030964494,0.9932157640170772
1606,3.0502375701283815e-05,0.9779526367783546,1.0067361295223236,0.003938721929444,0.9982842954652733
1607,3.0445502410334436e-05,0.96945720911026,1.0045616775751114,0.003918225789675489,0.989744353951246
1608,3.0388897387772044e-05,0.9611100666224957,1.0054204016923904,0.004027239483548328,0.9814198366305209
1609,3.033255853119343e-05,0.9650580547749996,1.004623543471098,0.0038406045350711793,0.9853425558711751
1610,3.0276483761190275e-05,0.9664966724812984,1.0046326108276844,0.003784408705541864,0.9867785451331292
1611,3.0220671021026835e-05,0.9665275700390339,1.0041848979890347,0.003853976435493678,0.9868039668205892
1612,3.0165118276322994e-05,0.9700551144778728,1.0043042860925198,0.004016967519419268,0.9903420485756943
1613,3.0109823514742922e-05,0.9736507572233677,1.0048876255750656,0.004038721046526916,0.9939504457871954
1614,3.005478474568882e-05,0.9903070032596588,1.0021816492080688,0.004034815588966012,1.0105523770232685
