step,learning_rate,ce_loss,ratio_loss,byte_boundary_loss,total_loss
1,2.1739130434782607e-06,5.559050351381302,1.2298728823661804,0.47939660027623177,5.588441775031388
2,4.347826086956521e-06,5.532586753368378,1.232019692659378,0.47969392128288746,5.562024086434394
3,6.521739130434782e-06,5.448847591876984,1.2304802313446999,0.4796299785375595,5.478253496289254
4,8.695652173913043e-06,5.279311090707779,1.2298445776104927,0.48048969358205795,5.308712879195809
5,1.0869565217391305e-05,5.073767334222794,1.22906444221735,0.48047618195414543,5.103153384886682
6,1.3043478260869564e-05,4.841754585504532,1.2126495614647865,0.4802767261862755,4.87081034399569
7,1.5217391304347825e-05,4.681894689798355,1.1953900456428528,0.4803146533668041,4.71060563724488
8,1.7391304347826085e-05,4.602903634309769,1.1273547112941742,0.4800736326724291,4.6302514648623765
9,1.956521739130435e-05,4.6037962436676025,1.0462507829070091,0.4791536759585142,4.6295127960853275
10,2.173913043478261e-05,4.489982396364212,1.013000838458538,0.4779334235936403,4.515021747369319
11,2.391304347826087e-05,4.415794670581818,0.9836950972676277,0.475461196154356,4.440223184488714
12,2.6086956521739128e-05,4.334111720323563,0.9531901068985462,0.472457068040967,4.357900093141944
13,2.8260869565217392e-05,4.271653831005096,0.9351175539195538,0.46834225952625275,4.295039604678751
14,3.043478260869565e-05,4.208901345729828,0.9122119098901749,0.4641997776925564,4.231787581704557
15,3.260869565217392e-05,4.162934422492981,0.8822275884449482,0.46035892702639103,4.185182563532144
16,3.478260869565217e-05,4.0904181599617,0.8623492941260338,0.45662550814449787,4.112231400925666
17,3.695652173913043e-05,4.066659227013588,0.8572708629071712,0.45404728315770626,4.088345117103309
18,3.91304347826087e-05,4.002905249595642,0.8642145246267319,0.4513851385563612,4.024703391473741
19,4.130434782608695e-05,3.978532537817955,0.8860250823199749,0.4500754214823246,4.000753793679178
20,4.347826086956522e-05,3.941397115588188,0.9433248080313206,0.4498109892010689,3.964761721640825
21,4.5652173913043474e-05,3.85997311770916,0.9984852708876133,0.45074149779975414,3.8844502381049097
22,4.782608695652174e-05,3.860087811946869,0.9846524111926556,0.4531006310135126,3.884311866480857
23,5e-05,3.796968087553978,0.9990103580057621,0.4545433185994625,3.8214937279000876
24,5.2173913043478256e-05,3.696137249469757,1.0027806982398033,0.45583014376461506,3.7207511648721994
25,5.434782608695652e-05,3.6263578981161118,0.9859950058162212,0.4569376837462187,3.6506471750698983
26,5.6521739130434784e-05,3.562141314148903,0.9782320708036423,0.45665919594466686,3.586272547524423
27,5.8695652173913045e-05,3.5068851858377457,0.974265031516552,0.4563126880675554,3.530933613348752
28,6.08695652173913e-05,3.4094676077365875,0.9605859182775021,0.455402422696352,3.4332333503291013
29,6.304347826086956e-05,3.376231998205185,0.9569549337029457,0.4529650900512934,3.3999007477797565
30,6.521739130434783e-05,3.3310100734233856,0.9619584381580353,0.44881086610257626,3.354737350847572
31,6.73913043478261e-05,3.3038073778152466,1.0082764104008675,0.4445162881165743,3.32841806890443
32,6.956521739130434e-05,3.267017975449562,1.023752324283123,0.4418593682348728,3.2919116156175736
33,7.17391304347826e-05,3.2378446459770203,1.018728844821453,0.44006153754889965,3.2626198382489386
34,7.391304347826086e-05,3.1590114682912827,1.0190730690956116,0.4398382119834423,3.1837913117930294
35,7.608695652173914e-05,3.097645804286003,1.015467032790184,0.4420001860707998,3.122375146802515
36,7.82608695652174e-05,3.0602182149887085,0.9114466160535812,0.44507694244384766,3.0828979167342188
37,8.043478260869565e-05,3.070650637149811,0.9434766136109829,0.4466202910989523,3.09398637233302
38,8.26086956521739e-05,2.9765557646751404,1.1572996601462364,0.4484754856675863,3.004186512734741
39,8.478260869565218e-05,2.9583016484975815,1.2190324664115906,0.4491549823433161,2.9871738476492466
40,8.695652173913044e-05,2.891778439283371,1.0045687220990658,0.44754182547330856,2.9163452319800856
41,8.91304347826087e-05,2.8875699788331985,0.9792387932538986,0.44447883032262325,2.9115995430015027
42,9.130434782608695e-05,2.8671093434095383,0.9786415100097656,0.44436358474195004,2.891125809457153
43,9.347826086956521e-05,2.836600109934807,0.9790812246501446,0.4450597520917654,2.860632331948727
44,9.565217391304348e-05,2.742320239543915,0.9714743383228779,0.44334002770483494,2.766183126587421
45,9.782608695652174e-05,2.745619848370552,0.9538239426910877,0.44064233638346195,2.769102750588208
46,0.0001,2.6975658535957336,0.9456401690840721,0.4406467489898205,2.7208851244673133
47,0.00010217391304347825,2.664935752749443,0.9419385939836502,0.4400014914572239,2.6881745395436885
48,0.00010434782608695651,2.6601526737213135,0.9402188584208488,0.4397905971854925,2.683354956861585
49,0.00010652173913043477,2.618773192167282,0.9420028254389763,0.43751966767013073,2.6419884453527627
50,0.00010869565217391303,2.5969322621822357,0.9389538243412971,0.43491023406386375,2.6200604410097004
51,0.00011086956521739131,2.539218708872795,0.9388198480010033,0.43235231190919876,2.562318628951907
52,0.00011304347826086957,2.5161178708076477,0.9438007585704327,0.4279564172029495,2.539273450151086
53,0.00011521739130434783,2.51673024892807,0.9502257145941257,0.42439711280167103,2.5399787343479696
54,0.00011739130434782609,2.480704292654991,0.9537620209157467,0.42026372253894806,2.5039821702986957
55,0.00011956521739130435,2.4704161286354065,0.9596115984022617,0.4165279474109411,2.493773640077561
56,0.0001217391304347826,2.4432975500822067,0.9633752107620239,0.4154124744236469,2.4667191790416836
57,0.00012391304347826086,2.4349042624235153,0.9628913477063179,0.4129491299390793,2.4582915806770322
58,0.00012608695652173912,2.4006867855787277,0.9669324345886707,0.413110526278615,2.4241565395332874
59,0.00012826086956521738,2.3894432336091995,0.9722726382315159,0.41249454766511917,2.413013631850481
60,0.00013043478260869567,2.382899284362793,0.9751712493598461,0.4145925212651491,2.4065486345626415
61,0.00013260869565217393,2.3622115403413773,0.9791286773979664,0.4171171560883522,2.38596528545022
62,0.0001347826086956522,2.344694882631302,0.9870419278740883,0.4181749727576971,2.3686174709163605
63,0.00013695652173913042,2.3325333446264267,0.9908960200846195,0.420434782281518,2.356555612850934
64,0.00013913043478260868,2.317511737346649,0.9976003281772137,0.42316492833197117,2.3416953931935134
65,0.00014130434782608694,2.305222913622856,0.996574267745018,0.4238559640944004,2.3293929586187008
66,0.0001434782608695652,2.26513609290123,1.001390028744936,0.42451193183660507,2.2894090127944944
67,0.00014565217391304347,2.2707785964012146,1.002218496054411,0.42863097228109837,2.295109276045114
68,0.00014782608695652173,2.2589305639266968,0.9973477497696877,0.42805676721036434,2.2831580865941943
69,0.00015000000000000001,2.2394826263189316,0.9962986819446087,0.42566851899027824,2.263665285147727
70,0.00015217391304347827,2.199429228901863,0.9983990304172039,0.4252663552761078,2.223649873062968
71,0.00015434782608695654,2.187817707657814,1.000365011394024,0.42396154440939426,2.2120646233297885
72,0.0001565217391304348,2.189392611384392,1.0060234516859055,0.4262653421610594,2.2137757338397206
73,0.00015869565217391303,2.129697784781456,1.022775661200285,0.42988262325525284,2.154452124238014
74,0.0001608695652173913,2.122365728020668,1.0190842226147652,0.4272899590432644,2.147020312063396
75,0.00016304347826086955,2.1251702159643173,1.0185911431908607,0.4309953860938549,2.1498519926890727
76,0.0001652173913043478,2.102402701973915,1.0188100300729275,0.42792739532887936,2.1270581765286627
77,0.00016739130434782607,2.1235038340091705,1.011992484331131,0.4304204396903515,2.1480478880926968
78,0.00016956521739130436,2.0747809261083603,1.0229180380702019,0.42897327058017254,2.099529019575566
79,0.00017173913043478262,2.052111804485321,1.0380451455712318,0.43392564356327057,2.0772119638323785
80,0.00017391304347826088,2.0556076020002365,1.0249812975525856,0.42868472635746,2.080394075214863
81,0.00017608695652173914,2.0365088433027267,1.0318996384739876,0.4306156001985073,2.0614529920741917
82,0.0001782608695652174,2.0115919932723045,1.0234945267438889,0.4217850510030985,2.036279734317213
83,0.00018043478260869564,2.003592923283577,1.0241052694618702,0.4222515597939491,2.0282975442707536
84,0.0001826086956521739,2.0076626613736153,1.0129243843257427,0.42317722365260124,2.0321529212966563
85,0.00018478260869565216,2.0022881254553795,0.9885049611330032,0.41825915314257145,2.0262408162094654
86,0.00018695652173913042,1.9795877262949944,0.9851838983595371,0.41669568605720997,2.003458361122757
87,0.0001891304347826087,1.954135186970234,0.9644644744694233,0.4133648965507746,1.9775581254251302
88,0.00019130434782608697,1.9506372064352036,0.9613273069262505,0.41104639507830143,1.9739742165245115
89,0.00019347826086956523,1.942491002380848,0.9658759161829948,0.41221877932548523,1.9659307084977626
90,0.0001956521739130435,1.9383415803313255,0.972611527889967,0.4106917381286621,1.9619007282704115
91,0.00019782608695652172,1.918288215994835,0.9862486012279987,0.4105891976505518,1.9421190799959005
92,0.0002,1.9158298894762993,0.9910301081836224,0.406117495149374,1.9397116665914655
93,0.00020217391304347827,1.8969338536262512,1.0064712688326836,0.40702989511191845,1.9211335779540242
94,0.0002043478260869565,1.9115547463297844,1.01182022690773,0.4071157816797495,1.9358623086847366
95,0.0002065217391304348,1.8795009776949883,1.021749533712864,0.40601684153079987,1.9039961367845537
96,0.00020869565217391303,1.890810303390026,1.0371262580156326,0.4057637210935354,1.915610465761274
97,0.0002108695652173913,1.8701137006282806,1.0324597507715225,0.40126373060047626,1.8947755329497158
98,0.00021304347826086955,1.8639166355133057,1.0268981978297234,0.4049228299409151,1.8885038277693094
99,0.00021521739130434783,1.8595913872122765,1.0034231320023537,0.4003642871975899,1.8836634927242994
100,0.00021739130434782607,1.8518050983548164,1.0112614557147026,0.4018677417188883,1.8760490048862994
101,0.00021956521739130436,1.8469889461994171,0.9890957660973072,0.397400364279747,1.8707448651641607
102,0.00022173913043478262,1.8237095028162003,0.9868359193205833,0.3984421528875828,1.8474306427314877
103,0.00022391304347826085,1.8282903730869293,0.977116584777832,0.3963111564517021,1.8517958163470032
104,0.00022608695652173914,1.8104772716760635,0.9705686941742897,0.39540980011224747,1.833842743560672
105,0.00022826086956521737,1.8033959791064262,0.9731884263455868,0.3966252710670233,1.8268260003440082
106,0.00023043478260869566,1.8093037381768227,0.9729266613721848,0.39132543839514256,1.832675525788218
107,0.0002326086956521739,1.762832723557949,0.9868402034044266,0.3924423325806856,1.7864939509518445
108,0.00023478260869565218,1.7882092371582985,0.9932757467031479,0.3939096760004759,1.8120138488523663
109,0.00023695652173913041,1.7757676467299461,1.0032491907477379,0.39159419387578964,1.7997485724836588
110,0.0002391304347826087,1.7581356018781662,1.0064801946282387,0.39082313887774944,1.7821734371595084
111,0.00024130434782608696,1.773933544754982,1.0310650765895844,0.3938729949295521,1.7984935762360692
112,0.0002434782608695652,1.7615419551730156,1.0269044116139412,0.39149976149201393,1.7859950410202146
113,0.0002456521739130435,1.7782670482993126,1.0064571909606457,0.38835600204765797,1.802279752139002
114,0.0002478260869565217,1.7673140168190002,1.0114407017827034,0.3875650744885206,1.7914184815995395
115,0.00025,1.7270910069346428,1.0100184306502342,0.3864017128944397,1.751155392676592
116,0.00025217391304347824,1.7286830618977547,1.0049259141087532,0.3930397294461727,1.7527119774743916
117,0.0002543478260869565,1.731957271695137,1.0054007843136787,0.3939820136874914,1.7560051075182856
118,0.00025652173913043476,1.7332975268363953,0.9816436991095543,0.38667319156229496,1.7567971327342093
119,0.00025869565217391305,1.7424631267786026,0.9792272374033928,0.3895992375910282,1.7659436639025807
120,0.00026086956521739134,1.704061083495617,0.9797089025378227,0.38707710430026054,1.727526032589376
121,0.00026304347826086957,1.7118062749505043,0.9933897517621517,0.39104594849050045,1.7355845294706524
122,0.00026521739130434786,1.6964426040649414,0.9912723079323769,0.38887370750308037,1.7201567872986199
123,0.0002673913043478261,1.7213559448719025,0.9903643950819969,0.39149829372763634,1.745078215710819
124,0.0002695652173913044,1.6880630031228065,0.9929979704320431,0.3864194341003895,1.7117871568724512
125,0.0002717391304347826,1.6657201126217842,1.0030661225318909,0.38696817494928837,1.689651116821915
126,0.00027391304347826085,1.686625860631466,1.0161937773227692,0.3896804191172123,1.7108465403690936
127,0.00027608695652173913,1.6623066812753677,1.0111687630414963,0.3888001572340727,1.6864180581085384
128,0.00027826086956521737,1.6738914176821709,1.0149886831641197,0.3900760505348444,1.6980919518508018
129,0.00028043478260869565,1.6557652056217194,0.9949390590190887,0.3886301349848509,1.6795502881519495
130,0.0002826086956521739,1.6538241505622864,1.0041044726967812,0.3892687764018774,1.6777989277802408
131,0.0002847826086956522,1.6478084921836853,1.010442890226841,0.387465912848711,1.671892009116709
132,0.0002869565217391304,1.6318006962537766,1.0028943680226803,0.38725959695875645,1.6557311795838177
133,0.0002891304347826087,1.6437688171863556,0.9983183927834034,0.3866176474839449,1.6676013615168632
134,0.00029130434782608693,1.6353583484888077,0.9809303097426891,0.38389704935252666,1.6588159251771868
135,0.0002934782608695652,1.623599261045456,0.9817442074418068,0.3851169142872095,1.6470853143371642
136,0.00029565217391304345,1.6224315613508224,0.9744149260222912,0.38107945770025253,1.6457306544482708
137,0.00029782608695652174,1.6009468138217926,0.9786767922341824,0.3808836508542299,1.6243291861750184
138,0.00030000000000000003,1.6024238988757133,0.9968067817389965,0.38083212822675705,1.6261683557927609
139,0.00030217391304347826,1.5921977758407593,1.0170081555843353,0.3774098362773657,1.6163120373152196
140,0.00030434782608695655,1.6070741564035416,1.024655245244503,0.37582789175212383,1.6313255402259528
141,0.0003065217391304348,1.5839502066373825,1.0201629251241684,0.3755454979836941,1.6081089201197027
142,0.00030869565217391307,1.5913744047284126,1.0047813430428505,0.37520993687212467,1.6152221309579908
143,0.0003108695652173913,1.57606939971447,0.989498671144247,0.37138696387410164,1.599573242776096
144,0.0003130434782608696,1.587978519499302,0.9806738905608654,0.372989684343338,1.6113218941539527
145,0.0003152173913043478,1.5634959489107132,0.9840438030660152,0.369745472446084,1.5868742796964943
146,0.00031739130434782606,1.563210479915142,0.9921438172459602,0.3706986904144287,1.5867603431642057
147,0.00031956521739130435,1.5805023163557053,0.9804499857127666,0.3695475813001394,1.603806791882962
148,0.0003217391304347826,1.5818298757076263,1.0070303082466125,0.36927032098174095,1.6056631850823762
149,0.00032391304347826087,1.541272409260273,1.0084491819143295,0.36707859486341476,1.5651121788471938
150,0.0003260869565217391,1.5357017889618874,1.0034766867756844,0.3633990380913019,1.559405313078314
151,0.0003282608695652174,1.531914308667183,0.9949783198535442,0.36104789935052395,1.555424354057759
152,0.0003304347826086956,1.5241880118846893,0.9942842647433281,0.36397322081029415,1.5477134293876589
153,0.0003326086956521739,1.5242246240377426,0.9891504794359207,0.3567934185266495,1.5475755678117276
154,0.00033478260869565214,1.5272183790802956,0.9916378445923328,0.360691973939538,1.5506580557115375
155,0.00033695652173913043,1.5166722983121872,0.9816670082509518,0.3565749544650316,1.5398713880218566
156,0.0003391304347826087,1.5040013417601585,0.9965678006410599,0.3536731731146574,1.5274694295041262
157,0.00034130434782608695,1.5210946947336197,0.9970161393284798,0.3573763109743595,1.544608780629933
158,0.00034347826086956524,1.5093466714024544,0.9950996935367584,0.3536312412470579,1.5327849776856601
159,0.0003456521739130435,1.5048290863633156,1.0081765428185463,0.35244561173021793,1.5285170733369888
160,0.00034782608695652176,1.490803986787796,1.0098670534789562,0.3506241999566555,1.5145075698569417
161,0.00035,1.5126916989684105,1.0037468895316124,0.34718120843172073,1.5362384488433598
162,0.00035,1.4863883778452873,0.9876796752214432,0.349151523783803,1.5096334865875543
163,0.00035,1.4802983701229095,0.9868528917431831,0.3517580144107342,1.5035530081018806
164,0.00035,1.4927189201116562,0.9995632544159889,0.3465587105602026,1.516175772305578
165,0.00035,1.4825037345290184,0.991718016564846,0.34478799998760223,1.5057859748601914
166,0.00035,1.4753870517015457,0.9950416721403599,0.3455071300268173,1.498742956444621
167,0.00035,1.4965615198016167,1.0063045993447304,0.34836925752460957,1.5201713043637575
168,0.00035,1.4787099957466125,1.0168242119252682,0.3481789845973253,1.5025282698310913
169,0.00035,1.4741641953587532,0.9914984181523323,0.34704194962978363,1.4974645832180977
170,0.00035,1.47762680798769,0.9954966306686401,0.34488007985055447,1.5009855413995683
171,0.00035,1.4637083932757378,0.9831872880458832,0.340208500623703,1.4867742240428925
172,0.00035,1.465091958642006,0.9947454109787941,0.3447655998170376,1.4884345228597522
173,0.00035,1.4534083381295204,0.9948065988719463,0.34336837753653526,1.4767381538823248
174,0.00035,1.4718153923749924,1.0188933983445168,0.34783073887228966,1.4956715677306054
175,0.00035,1.4434198886156082,1.0003276765346527,0.3427262734621763,1.466853704880923
176,0.00035,1.455340914428234,0.9859205335378647,0.34107893519103527,1.4784701144509018
177,0.00035,1.434611864387989,0.9835559129714966,0.3392266593873501,1.4576752492412925
178,0.00035,1.4499489068984985,1.0004769526422024,0.3383783996105194,1.473342229947448
179,0.00035,1.4599348306655884,1.0007860958576202,0.3398780319839716,1.4833493329025804
180,0.00035,1.4341588765382767,0.9962011873722076,0.33697943948209286,1.4574526946805417
181,0.00035,1.4403824731707573,0.9916378036141396,0.33695020340383053,1.4635847312770784
182,0.00035,1.4431378096342087,1.0095803923904896,0.33252643048763275,1.4666546817868946
183,0.00035,1.4172994866967201,0.9952364265918732,0.3318439684808254,1.4405226549133658
184,0.00035,1.4235620126128197,0.991900023072958,0.33337398432195187,1.4467337529174984
185,0.00035,1.4346386715769768,0.9742673747241497,0.3318410571664572,1.4574424296431243
186,0.00035,1.424274004995823,0.9945518039166927,0.33296181447803974,1.447494659218937
187,0.00035,1.4010943472385406,0.9976519532501698,0.3293338604271412,1.4243407249078155
188,0.00035,1.4104011803865433,1.0071101114153862,0.33188677951693535,1.4338622504100205
189,0.00035,1.4092494919896126,1.013759933412075,0.3280444350093603,1.4328051350079476
190,0.00035,1.4032844752073288,1.000880427658558,0.32393909618258476,1.4265414747223257
191,0.00035,1.3964786678552628,0.9926332458853722,0.3232098650187254,1.4195634314231576
192,0.00035,1.3781579434871674,0.980814129114151,0.32359907776117325,1.4010102168470622
193,0.00035,1.3914099633693695,0.9771171808242798,0.31812761165201664,1.4141335831023754
194,0.00035,1.3937194868922234,0.987658254802227,0.3185998257249594,1.4166586502455174
195,0.00035,1.3952616304159164,1.008373074233532,0.32029781490564346,1.4186320700496435
196,0.00035,1.4004329293966293,1.0082906894385815,0.31881664507091045,1.4237869096361102
197,0.00035,1.3820122629404068,1.0090462900698185,0.3142457436770201,1.4053356461785733
198,0.00035,1.403460681438446,1.0039239935576916,0.3161097262054682,1.4267002585716544
199,0.00035,1.3664820492267609,0.9787953197956085,0.3124713059514761,1.3891826686821878
200,0.00035,1.3851967751979828,0.9760224930942059,0.3066539354622364,1.4077837644144893
201,0.00035,1.3819762393832207,0.9756774231791496,0.3103567585349083,1.4045933554321526
202,0.00035,1.367453709244728,0.9989349879324436,0.3098188675940037,1.390530597679317
203,0.00035,1.3924437761306763,1.0205172002315521,0.3134551290422678,1.41598867142573
204,0.00035,1.3825825303792953,1.0112646743655205,0.3095012418925762,1.4059028362855315
205,0.00035,1.364155113697052,0.9993125051259995,0.3087062407284975,1.387228426206857
206,0.00035,1.3643257468938828,0.9925994724035263,0.30649273842573166,1.3872426637262105
207,0.00035,1.381293185055256,0.9915492944419384,0.31180706806480885,1.4042422416247429
208,0.00035,1.369679756462574,0.9875355400145054,0.3088190369307995,1.3925186576321722
209,0.00035,1.36551483720541,0.9793192744255066,0.3077113442122936,1.3881783361360431
210,0.00035,1.3877897709608078,0.9899953976273537,0.30713761784136295,1.4106610550917684
211,0.00035,1.362177535891533,0.9998101443052292,0.30658094212412834,1.3852395481988786
212,0.00035,1.35641660541296,1.0042723827064037,0.3073954414576292,1.3795760074816645
213,0.00035,1.3661648109555244,0.9996293038129807,0.3071484547108412,1.3892288815788925
214,0.00035,1.3662116304039955,1.0074338056147099,0.3015096038579941,1.3893754025548697
215,0.00035,1.371659979224205,0.9931511171162128,0.3038969747722149,1.3945619713142514
216,0.00035,1.34835434705019,0.9945283234119415,0.302078565582633,1.3712656991742551
217,0.00035,1.343383438885212,0.984883513301611,0.3034434784203768,1.366115543935448
218,0.00035,1.3516085743904114,0.9965792000293732,0.30667503364384174,1.374606908727437
219,0.00035,1.3587322607636452,0.9916717037558556,0.3043298926204443,1.3816089937649667
220,0.00035,1.3548062145709991,0.9941356405615807,0.30381789058446884,1.3777271062880754
221,0.00035,1.3428587466478348,0.9972591772675514,0.3022971637547016,1.3658269018307327
222,0.00035,1.3569169789552689,0.9954362846910954,0.30358136631548405,1.3798615183122456
223,0.00035,1.3475105836987495,1.0095743536949158,0.30504387244582176,1.3707525094971063
224,0.00035,1.3439269363880157,1.0138762518763542,0.3018093276768923,1.3672225547023118
225,0.00035,1.3354422450065613,0.9967097006738186,0.3036885466426611,1.3584133244864642
226,0.00035,1.3149713352322578,0.9874220415949821,0.3047336284071207,1.3377671123482289
227,0.00035,1.3245620131492615,0.9888135120272636,0.30155615508556366,1.3473538449406623
228,0.00035,1.3333674147725105,0.9850480034947395,0.2998009901493788,1.356066384743899
229,0.00035,1.3480106890201569,0.9908879175782204,0.30223103053867817,1.370850757677108
230,0.00035,1.3216183558106422,0.9967746399343014,0.29445318318903446,1.3444983804412187
231,0.00035,1.323436550796032,1.0068381428718567,0.2902726996690035,1.3464760406501592
232,0.00035,1.3397771269083023,1.0066191889345646,0.29321582429111004,1.3628416689299048
233,0.00035,1.316765733063221,1.0014570206403732,0.28955819830298424,1.3396904554590583
234,0.00035,1.3343879580497742,0.9981882944703102,0.29066555947065353,1.357258379533887
235,0.00035,1.3167183548212051,0.9954739734530449,0.2898825481534004,1.3395266597718
236,0.00035,1.3195243179798126,0.9907833188772202,0.2837739586830139,1.3421777239441872
237,0.00035,1.3368264809250832,0.9949345327913761,0.2896948903799057,1.3596221204847099
238,0.00035,1.3030077517032623,0.9867918901145458,0.28358402103185654,1.3255794297158718
239,0.00035,1.3328387886285782,0.997795820236206,0.2851792797446251,1.3556464978307485
240,0.00035,1.3166473805904388,1.0001564510166645,0.28271273896098137,1.339477637000382
241,0.00035,1.3186609968543053,1.0040360167622566,0.2826680839061737,1.3415683980286122
242,0.00035,1.304752565920353,1.0021656341850758,0.2798154428601265,1.3275940330326557
243,0.00035,1.2982838153839111,0.999074898660183,0.2801115494221449,1.321066428851336
244,0.00035,1.3027929440140724,0.9981061555445194,0.28147853910923004,1.325569852516055
245,0.00035,1.3173732608556747,0.9936543740332127,0.28338420391082764,1.3400801903754473
246,0.00035,1.2859243676066399,0.995828203856945,0.27694438956677914,1.3086103755794465
247,0.00035,1.297986462712288,0.9987064227461815,0.2782582901418209,1.3207431740686297
248,0.00035,1.301432080566883,0.9994041621685028,0.27625251561403275,1.3241826889663935
249,0.00035,1.321792021393776,0.9945888929069042,0.2814661506563425,1.3444984607584773
250,0.00035,1.3194438442587852,0.9981698729097843,0.27674574963748455,1.3421746992133556
251,0.00035,1.2981189712882042,0.9947960115969181,0.27783082984387875,1.3207931998185813
252,0.00035,1.3300076127052307,0.9945633672177792,0.2827394735068083,1.3527262747846545
253,0.00035,1.3044137060642242,0.9982701241970062,0.2764709107577801,1.3271438176557422
254,0.00035,1.3015229627490044,0.995037492364645,0.2759254779666662,1.324182967375964
255,0.00035,1.30390015989542,1.0052051953971386,0.2716853469610214,1.3267211172729731
256,0.00035,1.3087144941091537,1.0067119896411896,0.27979101426899433,1.3316466440446675
257,0.00035,1.3078410029411316,0.9948035217821598,0.27651210874319077,1.3305021944642068
258,0.00035,1.2910386696457863,0.9903267249464989,0.27574822679162025,1.3136026864126324
259,0.00035,1.295633189380169,0.9871579520404339,0.27343789860606194,1.318110727407038
260,0.00035,1.3086987659335136,0.992470670491457,0.2717750798910856,1.3312659301422536
261,0.00035,1.277370624244213,0.9957639463245869,0.2739424966275692,1.3000253281369807
262,0.00035,1.274875208735466,1.0008526854217052,0.27291681058704853,1.2976214305497706
263,0.00035,1.2789829522371292,1.0030555799603462,0.27300059236586094,1.3017740697599947
264,0.00035,1.293298527598381,0.9966812655329704,0.2728662434965372,1.3159608153440059
265,0.00035,1.2895652577280998,0.9966201931238174,0.268327621743083,1.3121809378080072
266,0.00035,1.2822895646095276,0.9977123290300369,0.2659776285290718,1.304903587475419
267,0.00035,1.2907030954957008,1.004286389797926,0.26608193665742874,1.3134496426582336
268,0.00035,1.2766023501753807,0.9977637194097042,0.26055499725043774,1.2991631745360792
269,0.00035,1.2835403755307198,0.99334666877985,0.26326986961066723,1.3060400076024234
270,0.00035,1.30121049284935,0.9952907040715218,0.26211741752922535,1.3237374811060725
271,0.00035,1.2911017760634422,0.985992856323719,0.2627314403653145,1.3134489475935696
272,0.00035,1.2913096845149994,0.9828890897333622,0.256062813103199,1.3135280944406986
273,0.00035,1.2816278040409088,1.0010078884661198,0.2636514715850353,1.3042844765260815
274,0.00035,1.2784389406442642,1.0065642893314362,0.2643157783895731,1.3012133842147886
275,0.00035,1.279935173690319,1.0099389590322971,0.2649338226765394,1.3027832910977304
276,0.00035,1.2567326873540878,0.9990181513130665,0.26567360013723373,1.2793697863817215
277,0.00035,1.2809155210852623,0.9925688281655312,0.26500988006591797,1.3034169964492321
278,0.00035,1.2726764529943466,0.9910064823925495,0.26564961671829224,1.2951530788093806
279,0.00035,1.2650748863816261,0.9846420288085938,0.26496803760528564,1.287417407333851
280,0.00035,1.2657658979296684,0.9929776228964329,0.2618294842541218,1.2882437452301383
281,0.00035,1.256769873201847,1.0051357299089432,0.2627424169331789,1.2795000119693578
282,0.00035,1.2726017832756042,1.0029504112899303,0.26429285667836666,1.2953037200681865
283,0.00035,1.279681771993637,1.0017662197351456,0.25564347486943007,1.3022735311370344
284,0.00035,1.260516881942749,0.996084176003933,0.2569218808785081,1.2830077842716128
285,0.00035,1.2798313796520233,0.9949061870574951,0.2565437313169241,1.3022949407063424
286,0.00035,1.2582697421312332,0.988144040107727,0.2552309688180685,1.2805849326215686
287,0.00035,1.2745850086212158,0.991688434034586,0.2524723382666707,1.2969435006845742
288,0.00035,1.261638417840004,0.9922578260302544,0.24896046705543995,1.2839731790311635
289,0.00035,1.2493945881724358,0.986492183059454,0.25244724098592997,1.271648904243484
290,0.00035,1.263359747827053,0.9959046766161919,0.24818458780646324,1.2857596872374415
291,0.00035,1.270025111734867,1.0007394924759865,0.2523126695305109,1.292563028279692
292,0.00035,1.2679945603013039,1.0127808600664139,0.2515914347022772,1.2907660918496549
293,0.00035,1.2667846828699112,1.0122548267245293,0.2472425065934658,1.2895022044703366
294,0.00035,1.2636549919843674,0.9986620768904686,0.24916002992540598,1.2861198338214308
295,0.00035,1.2551693767309189,0.9938420727849007,0.244621972553432,1.2774924379121513
296,0.00035,1.2359557524323463,0.9868687354028225,0.24334232788532972,1.258126550419256
297,0.00035,1.2544143944978714,0.9907667376101017,0.2440009405836463,1.27666973865591
298,0.00035,1.2502167001366615,0.9868051595985889,0.2392491651698947,1.2723452949803322
299,0.00035,1.2470350787043571,0.9931706413626671,0.23834737576544285,1.2692819652892648
300,0.00035,1.250993050634861,0.9979383535683155,0.24247524794191122,1.2733765701856465
301,0.00035,1.2609277740120888,1.0082255750894547,0.24250202160328627,1.2835173057299107
302,0.00035,1.2597811073064804,1.0009769387543201,0.2463095374405384,1.282263741455972
303,0.00035,1.2583806440234184,0.998678132891655,0.23840930871665478,1.280738299768418
304,0.00035,1.2504864484071732,0.9983254373073578,0.24677104968577623,1.272920667650178
305,0.00035,1.2505318745970726,0.9903578646481037,0.24670365080237389,1.2728060683980584
306,0.00035,1.260744109749794,0.9866239167749882,0.24707261752337217,1.2829473142605274
307,0.00035,1.2507144659757614,0.9884628020226955,0.2473035240545869,1.272956757256761
308,0.00035,1.2523552477359772,0.9957508593797684,0.25158929359167814,1.2747861578594895
309,0.00035,1.2486656308174133,0.9957778379321098,0.24819454178214073,1.2710631329938769
310,0.00035,1.2382125332951546,0.99956014752388,0.25009682681411505,1.2607047045137734
311,0.00035,1.2372881174087524,0.9994826093316078,0.2445264970883727,1.2597230345662682
312,0.00035,1.2436133921146393,0.9983742460608482,0.2444424256682396,1.2660253012925387
313,0.00035,1.256157010793686,0.9991183020174503,0.24230015836656094,1.2785623784177007
314,0.00035,1.2424670904874802,0.9906957447528839,0.236312803812325,1.264644133420661
315,0.00035,1.243952363729477,0.9949591308832169,0.23278787173330784,1.2661794250644745
316,0.00035,1.233722023665905,0.9980561211705208,0.23445320408791304,1.2560276781301944
317,0.00035,1.2251898273825645,1.0008926838636398,0.23246374167501926,1.2475323184765876
318,0.00035,1.2412295415997505,1.0072939917445183,0.2348472559824586,1.2637238939944655
319,0.00035,1.2450002059340477,1.0125804506242275,0.2306239139288664,1.267558054085821
320,0.00035,1.2301363125443459,1.0037735514342785,0.22684458643198013,1.2524802294373514
321,0.00035,1.224958874285221,0.9946742653846741,0.2271815398707986,1.2471241749916226
322,0.00035,1.2539777904748917,0.9937086068093777,0.2281912975013256,1.2761338755860925
323,0.00035,1.2281628176569939,0.9838588498532772,0.22823255602270365,1.2501223202142866
324,0.00035,1.240794725716114,0.9802924655377865,0.2260424019768834,1.2626609990466386
325,0.00035,1.2457245290279388,0.9811253882944584,0.22905792854726315,1.2676376160793006
326,0.00035,1.240647591650486,0.9926307164132595,0.22245363984256983,1.2627247423771768
327,0.00035,1.2487016171216965,1.005721054971218,0.22646478842943907,1.2710806861054154
328,0.00035,1.2314070612192154,1.0101201757788658,0.23014205787330866,1.2539108853135257
329,0.00035,1.2183135077357292,1.0059108138084412,0.22271104622632265,1.2406588344741614
330,0.00035,1.2322227209806442,1.0048584342002869,0.23050008155405521,1.2546248904801904
331,0.00035,1.228649266064167,1.0011190325021744,0.22768721263855696,1.250948518840596
332,0.00035,1.2291258126497269,0.9939196929335594,0.22899600584059954,1.2512941665668043
333,0.00035,1.227810449898243,0.9843058623373508,0.22983496729284525,1.2497949168179185
334,0.00035,1.2360023483633995,0.9876963682472706,0.22702199034392834,1.2580264956317841
335,0.00035,1.2278482168912888,0.9846846871078014,0.2289507109671831,1.2498314177431167
336,0.00035,1.2331233024597168,0.9908146224915981,0.2275384096428752,1.2552149790059774
337,0.00035,1.221796303987503,0.9978092834353447,0.22460928186774254,1.2439985824748874
338,0.00035,1.2244106531143188,1.0072148591279984,0.22361729107797146,1.2467911232076587
339,0.00035,1.2247663289308548,1.0092115998268127,0.2250297423452139,1.2472008583508432
340,0.00035,1.226648136973381,1.0022036470472813,0.22515676636248827,1.2489437775779515
341,0.00035,1.2224757373332977,0.9949219487607479,0.22382798790931702,1.244612456187606
342,0.00035,1.222231462597847,0.9970257319509983,0.2215623827651143,1.244387601064518
343,0.00035,1.2308206036686897,0.9909686297178268,0.22441899962723255,1.2528841662593186
344,0.00035,1.197593830525875,0.9929907619953156,0.21928007248789072,1.2196464464906602
345,0.00035,1.2259373515844345,0.9890660010278225,0.22287880443036556,1.2479474596492948
346,0.00035,1.2126165479421616,0.9990692883729935,0.2170811928808689,1.23476874563843
347,0.00035,1.2078608870506287,0.9967074543237686,0.2201137412339449,1.2299961735494434
348,0.00035,1.2136813327670097,1.0021920092403889,0.22248438373208046,1.2359500167891384
349,0.00035,1.222741886973381,1.0013820007443428,0.22091535292565823,1.2449786805175245
350,0.00035,1.2079894542694092,0.9917684383690357,0.2178225964307785,1.2300030490010976
351,0.00035,1.2296426817774773,0.9919013120234013,0.2168639786541462,1.2516493478044868
352,0.00035,1.233862929046154,0.9936676844954491,0.21692761406302452,1.2559055588766932
353,0.00035,1.209868498146534,0.9991067908704281,0.21759266033768654,1.2320265605673195
354,0.00035,1.2145182564854622,0.9982625916600227,0.21960882749408484,1.2366795965936035
355,0.00035,1.2039850428700447,1.0047427341341972,0.2172076841816306,1.226251974394545
356,0.00035,1.199713908135891,0.9950029030442238,0.21740633063018322,1.2217880295030774
357,0.00035,1.2067087963223457,0.9928074888885021,0.2150770965963602,1.2287157170660794
358,0.00035,1.205285556614399,0.9950204938650131,0.21432723198086023,1.227329238811508
359,0.00035,1.1913975700736046,0.9932646304368973,0.21441849414259195,1.2134070476237684
360,0.00035,1.2202758118510246,1.0000934600830078,0.20983853098005056,1.2423760663624852
361,0.00035,1.2253617271780968,1.0023328699171543,0.21515810396522284,1.247559965616092
362,0.00035,1.207817256450653,0.9984660483896732,0.21085685957223177,1.2298951460141687
363,0.00035,1.2096620425581932,0.9981918707489967,0.20841138251125813,1.2317099937982858
364,0.00035,1.2075988724827766,0.9980390705168247,0.21104729268699884,1.229670126819983
365,0.00035,1.2180693373084068,0.9908853881061077,0.21206847950816154,1.2400077298656107
366,0.00035,1.207489788532257,0.988749336451292,0.21359884273260832,1.2294007636886088
367,0.00035,1.210597388446331,0.9935439899563789,0.21544712409377098,1.2326227394863964
368,0.00035,1.18766438215971,0.9946168847382069,0.21227222681045532,1.2096794421225787
369,0.00035,1.2108526527881622,0.9976713731884956,0.21164890378713608,1.2329225692898034
370,0.00035,1.2140162885189056,1.0044832155108452,0.21096185501664877,1.236215571379289
371,0.00035,1.1961525902152061,1.0026994198560715,0.2109010387212038,1.2183155889995396
372,0.00035,1.1965753063559532,0.9961763434112072,0.20892872847616673,1.218588120508939
373,0.00035,1.2073437571525574,0.9989169351756573,0.21006008051335812,1.229422696661204
374,0.00035,1.2091036438941956,0.9914885647594929,0.2119935266673565,1.231053350456059
375,0.00035,1.2088418826460838,0.997031208127737,0.20617535151541233,1.2308442603237928
376,0.00035,1.2063626796007156,0.9888992086052895,0.2083211475983262,1.2282238752488046
377,0.00035,1.208498790860176,1.000320553779602,0.2062999466434121,1.2305682014022021
378,0.00035,1.2134411484003067,0.9951699376106262,0.20839268062263727,1.2354284739587456
379,0.00035,1.1995656341314316,0.9991438463330269,0.20812181662768126,1.221629729224369
380,0.00035,1.2052663713693619,1.0029992684721947,0.20350847486406565,1.2273614414874463
381,0.00035,1.183726817369461,0.9936956837773323,0.20611792895942926,1.205661910334602
382,0.00035,1.1953292042016983,0.9939055144786835,0.20398311503231525,1.2172471456415952
383,0.00035,1.1995315849781036,0.9917544908821583,0.2034488720819354,1.2214011635165662
384,0.00035,1.1971049010753632,0.9939719215035439,0.204634303227067,1.2190306825377046
385,0.00035,1.1991462707519531,0.9916493929922581,0.20721207838505507,1.2210513793956488
386,0.00035,1.2022970989346504,1.0053665786981583,0.20545852091163397,1.22445901571773
387,0.00035,1.2180342078208923,1.0067343339323997,0.20661270059645176,1.240235021505505
388,0.00035,1.1928155049681664,0.999202087521553,0.20229111704975367,1.214822457889095
389,0.00035,1.1937413960695267,0.9898546859622002,0.20510846935212612,1.215589574482292
390,0.00035,1.21172633767128,0.9896332584321499,0.20574358012527227,1.2335764386411756
391,0.00035,1.1939954236149788,0.9910924285650253,0.20118793845176697,1.2158291515707969
392,0.00035,1.1972066089510918,1.0004284605383873,0.20371278747916222,1.2192523060366511
393,0.00035,1.200487531721592,1.0075897350907326,0.197502376511693,1.2226143501885234
394,0.00035,1.1943835690617561,0.9999115355312824,0.1989792063832283,1.2163715918362141
395,0.00035,1.1873003393411636,0.9949351996183395,0.19507550075650215,1.2091497983410955
396,0.00035,1.1884778887033463,0.9993743412196636,0.1953247468918562,1.210418622996658
397,0.00035,1.1985712945461273,0.9988276585936546,0.19696304202079773,1.2205174781382084
398,0.00035,1.211566522717476,1.0003638491034508,0.19638724345713854,1.2335376721341162
399,0.00035,1.1818198561668396,0.9965828880667686,0.19684571959078312,1.2037199711240827
400,0.00035,1.1788442358374596,0.9949566721916199,0.19654785841703415,1.2007088478654622
401,0.00035,1.1905684024095535,0.9971661977469921,0.19473485928028822,1.2124590749572963
402,0.00035,1.1832571849226952,0.9929022565484047,0.1941107977181673,1.2050563380308448
403,0.00035,1.19312933832407,0.9984748996794224,0.19815175514668226,1.2150803538691253
404,0.00035,1.1806955635547638,0.9930321238934994,0.19784174114465714,1.2025346234440804
405,0.00035,1.184192918241024,1.0042325109243393,0.19089798908680677,1.2061865483503789
406,0.00035,1.174182802438736,0.9947302304208279,0.20021549705415964,1.196079562017694
407,0.00035,1.191305160522461,1.0030847676098347,0.19305690471082926,1.2132974249217658
408,0.00035,1.1867853477597237,0.9923787117004395,0.19817720260471106,1.2086146940197795
409,0.00035,1.1924865543842316,0.9895798191428185,0.19504172634333372,1.2142285680305211
410,0.00035,1.1909908205270767,0.9924043864011765,0.1955216582864523,1.2127941248379648
411,0.00035,1.1881171017885208,0.994218647480011,0.19180822651833296,1.2099195570033046
412,0.00035,1.1719649881124496,0.9910255670547485,0.19770407769829035,1.1937625402305274
413,0.00035,1.1889093071222305,0.9964407682418823,0.19685714319348335,1.210806693919003
414,0.00035,1.1822057887911797,0.9954416900873184,0.19291403610259295,1.204043762953952
415,0.00035,1.1867590248584747,0.9959816187620163,0.19211815297603607,1.2085998387634755
416,0.00035,1.1578009575605392,1.0046799257397652,0.18896277155727148,1.179784183790907
417,0.00035,1.180565632879734,1.006979912519455,0.1907849870622158,1.2026130810007454
418,0.00035,1.1757663935422897,0.9973324313759804,0.19420301914215088,1.197655072361231
419,0.00035,1.1904207542538643,0.9965362884104252,0.19373977929353714,1.212288877815008
420,0.00035,1.1869739070534706,0.9970455504953861,0.18948586843907833,1.2088096767477692
421,0.00035,1.1855981051921844,0.9958763234317303,0.19037062674760818,1.2074193379282951
422,0.00035,1.1682690903544426,0.9962507635354996,0.18709755968302488,1.1900650812219828
423,0.00035,1.1880911812186241,0.9927785582840443,0.18979014363139868,1.2098446538206191
424,0.00035,1.169385127723217,0.9986957460641861,0.18229190912097692,1.1911819617357104
425,0.00035,1.185399904847145,1.0051378421485424,0.18690714333206415,1.2073717331234366
426,0.00035,1.1814635917544365,0.9934269562363625,0.18754699733108282,1.2032076008524746
427,0.00035,1.1743240281939507,1.0030529871582985,0.183945095166564,1.1962245388887824
428,0.00035,1.189801961183548,0.9967806041240692,0.18971003778278828,1.2116346736438572
429,0.00035,1.1728772893548012,0.9842589162290096,0.19560504984110594,1.1945185181777924
430,0.00035,1.1986362785100937,0.9911840222775936,0.19252075999975204,1.220385166555643
431,0.00035,1.1770896166563034,0.9922289587557316,0.18735858146101236,1.1988077816460283
432,0.00035,1.1770534291863441,0.9996579885482788,0.19069733563810587,1.1989535623136907
433,0.00035,1.1783143356442451,1.0034241676330566,0.18814735487103462,1.2002642925456166
434,0.00035,1.1725077852606773,1.0045275390148163,0.18874426279217005,1.1944857786688954
435,0.00035,1.1672018989920616,0.9976615905761719,0.18640027940273285,1.1890191335976124
436,0.00035,1.1517010927200317,0.9929511286318302,0.18435029406100512,1.1734036182332783
437,0.00035,1.1642003878951073,0.9943432845175266,0.18614744301885366,1.1859487280156464
438,0.00035,1.1604251861572266,0.9917191602289677,0.18453522119671106,1.182104921573773
439,0.00035,1.1628202050924301,0.9936342500150204,0.1845135660842061,1.1845380257535725
440,0.00035,1.1641859635710716,0.9985418617725372,0.185406974516809,1.1860108705516905
441,0.00035,1.1587176844477654,0.9972401149570942,0.18510571401566267,1.180513543887064
442,0.00035,1.1654673665761948,1.0020586550235748,0.18321420345455408,1.1873406817112118
443,0.00035,1.1564477682113647,1.0047313496470451,0.1830827845260501,1.1783732230495663
444,0.00035,1.1732896342873573,0.999810129404068,0.1796644115820527,1.1950824809912592
445,0.00035,1.1787915900349617,0.9969818480312824,0.17685518320649862,1.2004997788276524
446,0.00035,1.1781171709299088,0.9888312593102455,0.17757267504930496,1.1996695228666066
447,0.00035,1.1831903830170631,0.9893521815538406,0.1799205131828785,1.2047766317799686
448,0.00035,1.1645358428359032,0.993041142821312,0.17824958637356758,1.186179161556065
449,0.00035,1.1632785648107529,0.9885905720293522,0.17579536605626345,1.1848083299119025
450,0.00035,1.1689682453870773,0.991222370415926,0.1764281028881669,1.1905569738242774
451,0.00035,1.1651418134570122,0.9965889528393745,0.17999577708542347,1.186873550284654
452,0.00035,1.1597700789570808,1.0110929533839226,0.18157654255628586,1.181807703450322
453,0.00035,1.167461983859539,1.008235014975071,0.18221155181527138,1.1894487996771932
454,0.00035,1.175905667245388,1.0065321922302246,0.18170283734798431,1.1978533394634723
455,0.00035,1.167039915919304,0.9978746362030506,0.18233230244368315,1.1888207316678019
456,0.00035,1.1736979559063911,0.993837483227253,0.1824458185583353,1.1953991637565196
457,0.00035,1.1828609704971313,0.9923155345022678,0.18499047867953777,1.204557185973972
458,0.00035,1.165366530418396,0.9823421165347099,0.17651839088648558,1.186778556657955
459,0.00035,1.1570925116539001,0.9903667494654655,0.17852558009326458,1.178685102444142
460,0.00035,1.1519657671451569,0.9975328110158443,0.1781477238982916,1.1736979006044566
461,0.00035,1.161056987941265,1.0018799304962158,0.1814011000096798,1.1829085975512863
462,0.00035,1.1553910076618195,1.0149206519126892,0.17780613619834185,1.1774674820620565
463,0.00035,1.1686533689498901,1.0007202699780464,0.1839799927547574,1.1905075742769988
464,0.00035,1.1532176211476326,1.0017480440437794,0.18011329881846905,1.1750537150166929
465,0.00035,1.155638501048088,0.9969671852886677,0.18168791569769382,1.1773947239108384
466,0.00035,1.1731380373239517,0.9877748899161816,0.1873792950063944,1.1947673280723392
467,0.00035,1.16244475543499,0.9885325543582439,0.18372971192002296,1.184052703641355
468,0.00035,1.169510304927826,0.9855009652674198,0.1836660336703062,1.1910569845698773
469,0.00035,1.160858154296875,0.9925014972686768,0.1836028415709734,1.1825442126579582
470,0.00035,1.1482011079788208,0.9997520819306374,0.18460584618151188,1.1700422080792487
471,0.00035,1.1460102945566177,1.0058800429105759,0.18080287612974644,1.1679359241761267
472,0.00035,1.1503318697214127,1.0121844038367271,0.17976942379027605,1.17237325203605
473,0.00035,1.1662002578377724,1.0093579590320587,0.1811881922185421,1.188199298940599
474,0.00035,1.1622852236032486,1.0051350444555283,0.1783317644149065,1.1841712421365083
475,0.00035,1.158931627869606,0.9975538924336433,0.17650870233774185,1.1806477927416563
476,0.00035,1.1512676402926445,0.9950526989996433,0.17494532372802496,1.1729181475099175
477,0.00035,1.1519738659262657,0.9950384572148323,0.17484325636178255,1.1736230676341803
478,0.00035,1.1562435626983643,0.9888321943581104,0.17736457474529743,1.1777938523329794
479,0.00035,1.1523861065506935,0.9890288785099983,0.1769320722669363,1.173936004843563
480,0.00035,1.148071527481079,0.9877262376248837,0.17400560714304447,1.1695661083050073
481,0.00035,1.160670593380928,0.9888788387179375,0.1762376120314002,1.1822105462756007
482,0.00035,1.155283361673355,0.9969458691775799,0.17662994470447302,1.1769885785039513
483,0.00035,1.1638773903250694,1.0023976936936378,0.176615490578115,1.1856914991047234
484,0.00035,1.152005285024643,1.0095421597361565,0.17561572045087814,1.1739522854238749
485,0.00035,1.1546882390975952,1.0146296322345734,0.17567555233836174,1.1767375872656705
486,0.00035,1.1605382561683655,1.0065230578184128,0.1740500833839178,1.1824092181585728
487,0.00035,1.1523324474692345,1.0005431920289993,0.17451793514192104,1.1740884906612337
488,0.00035,1.1377997696399689,0.9899513907730579,0.16902472078800201,1.15928904466331
489,0.00035,1.1523012444376945,0.988102875649929,0.17240670509636402,1.173787369001657
490,0.00035,1.1540178209543228,0.9927711002528667,0.16981049627065659,1.1755713479220866
491,0.00035,1.152885228395462,0.9928996041417122,0.17101325746625662,1.1744533530529588
492,0.00035,1.1465134918689728,0.9968038834631443,0.1662915637716651,1.1681124851759523
493,0.00035,1.1481636092066765,1.0049701407551765,0.17245398182421923,1.1699875518400222
494,0.00035,1.1477411389350891,1.001517754048109,0.17093113996088505,1.1694808054156602
495,0.00035,1.1335943192243576,0.9952209033071995,0.17182896193116903,1.1552170269098134
496,0.00035,1.1484974026679993,0.9984007216989994,0.1734672961756587,1.170200090063736
497,0.00035,1.1555238291621208,0.9977329932153225,0.17694726027548313,1.1772479616291822
498,0.00035,1.1524044871330261,0.994994942098856,0.1752009717747569,1.1740563956927508
499,0.00035,1.1498689129948616,0.9966706782579422,0.17154254205524921,1.1715177519805728
500,0.00035,1.143981710076332,1.0007893927395344,0.17267365008592606,1.165724234431982
501,0.00035,1.1435824632644653,1.0013819634914398,0.17172899097204208,1.1653273924440146
502,0.00035,1.1333799436688423,0.995210200548172,0.17653083987534046,1.1550494560785591
503,0.00035,1.1552276760339737,1.0001622922718525,0.1757468869909644,1.1769883907493204
504,0.00035,1.1488193571567535,0.9972777999937534,0.1740725813433528,1.170505638970062
505,0.00035,1.1407096683979034,0.9942530952394009,0.1737438589334488,1.162332168892026
506,0.00035,1.1543012857437134,0.9948570057749748,0.1725411843508482,1.1759238377027212
507,0.00035,1.1507003456354141,0.9906925745308399,0.16907008923590183,1.17220489801839
508,0.00035,1.1460208669304848,0.9913625419139862,0.16943000536412,1.1675424178224056
509,0.00035,1.1465612202882767,0.9960443116724491,0.1709312330931425,1.1681914188526572
510,0.00035,1.1454447954893112,1.0000006258487701,0.17073736060410738,1.1671521816123278
511,0.00035,1.1495024412870407,1.0092192515730858,0.16947174444794655,1.171381543762982
512,0.00035,1.1466176435351372,1.007868692278862,0.17095683328807354,1.168484585713595
513,0.00035,1.1373433470726013,1.0062228478491306,0.17124815750867128,1.1591802856046705
514,0.00035,1.1371641904115677,0.9987930357456207,0.17254491616040468,1.158865500288084
515,0.00035,1.1422762647271156,0.9903843812644482,0.17130520194768906,1.1637970043718815
516,0.00035,1.143669918179512,0.9850948117673397,0.17028424516320229,1.165074656866491
517,0.00035,1.1348810493946075,0.98531199619174,0.1683339225128293,1.1562706285435707
518,0.00035,1.143164947628975,0.9926462136209011,0.1715043419972062,1.1647329153213648
519,0.00035,1.1499584391713142,0.9951881617307663,0.16831529047340155,1.1715453553106636
520,0.00035,1.1322077587246895,1.000154972076416,0.17044268362224102,1.1539152850024403
521,0.00035,1.1442273184657097,0.9982721097767353,0.1692929519340396,1.1658856901805847
522,0.00035,1.14717548340559,1.0025731697678566,0.16873947530984879,1.1689143415540457
523,0.00035,1.1465864107012749,1.0012930259108543,0.16852150112390518,1.168297486230731
524,0.00035,1.1362804472446442,1.0043179020285606,0.16977316047996283,1.158064536890015
525,0.00035,1.1442005783319473,1.002103541046381,0.16713540069758892,1.165914003159851
526,0.00035,1.1308066248893738,0.9965410865843296,0.16667879186570644,1.1524042345397176
527,0.00035,1.141226939857006,1.0038410127162933,0.1666807420551777,1.1629705675318835
528,0.00035,1.1354077532887459,1.0007726103067398,0.16512500029057264,1.1570744554977865
529,0.00035,1.1452389657497406,0.9993490613996983,0.16553358733654022,1.1668812828511
530,0.00035,1.1330440565943718,0.9957390651106834,0.16459614504128695,1.1546047993469983
531,0.00035,1.1349084824323654,0.9948003403842449,0.1636733440682292,1.1564412226807328
532,0.00035,1.1343752145767212,0.9926940351724625,0.16456117760390043,1.1558747070562094
533,0.00035,1.135608822107315,0.9894160963594913,0.1645947126671672,1.1570430911611767
534,0.00035,1.1347823739051819,0.9904698431491852,0.16650901548564434,1.1562568609230222
535,0.00035,1.1322679221630096,0.9938522912561893,0.16657073702663183,1.1538106753583999
536,0.00035,1.1327806562185287,1.0031545087695122,0.16768652852624655,1.1545206116791815
537,0.00035,1.124810978770256,1.004962544888258,0.1673503564670682,1.1465837332326918
538,0.00035,1.1264383494853973,1.0119093134999275,0.16690458171069622,1.1483455815725028
539,0.00035,1.138120710849762,1.0035577788949013,0.17035665828734636,1.1598954330105335
540,0.00035,1.1288322806358337,0.9946660213172436,0.1686793202534318,1.150412394264713
541,0.00035,1.1350084468722343,0.9927514381706715,0.17164422292262316,1.156579917864874
542,0.00035,1.126486323773861,0.9878314398229122,0.1718896422535181,1.1479618489928545
543,0.00035,1.1363311260938644,0.9898712933063507,0.1695555169135332,1.1578241071291269
544,0.00035,1.1242094486951828,0.9923619292676449,0.1689152978360653,1.1457458402588965
545,0.00035,1.1470578163862228,1.0022300109267235,0.16808646265417337,1.168783281231299
546,0.00035,1.1352252438664436,0.9974373579025269,0.16230485029518604,1.156797039527446
547,0.00035,1.1349999234080315,1.0059391520917416,0.16543923877179623,1.1567730988375842
548,0.00035,1.1226281225681305,1.005577277392149,0.16617143247276545,1.144401382440701
549,0.00035,1.1372292786836624,1.000384733080864,0.164737768471241,1.158884351029992
550,0.00035,1.136105865240097,1.0003332421183586,0.16814489476382732,1.1577939790301024
551,0.00035,1.149181455373764,1.0009256340563297,0.166413732804358,1.170864105382934
552,0.00035,1.1264051422476768,0.9961001016199589,0.1686066035181284,1.1480132103152572
553,0.00035,1.1346105113625526,0.997073832899332,0.16957698110491037,1.1562477578315884
554,0.00035,1.1449147537350655,0.9972717240452766,0.16913419496268034,1.1665515301655978
555,0.00035,1.139004871249199,0.9992755092680454,0.17203443590551615,1.1607107257936151
556,0.00035,1.126056656241417,0.998669445514679,0.16921274084597826,1.1477221725601703
557,0.00035,1.1260021775960922,0.9958901554346085,0.17082218173891306,1.1476282025221736
558,0.00035,1.1235686838626862,0.996449202299118,0.1697683809325099,1.1451953517179936
559,0.00035,1.131194368004799,0.9967908151447773,0.1648735348135233,1.1527789196558296
560,0.00035,1.13210429251194,0.9941240027546883,0.1654106993228197,1.153640879560262
561,0.00035,1.1333523243665695,1.0015919394791126,0.16561214160174131,1.155040284572169
562,0.00035,1.1365401223301888,1.010926067829132,0.1656799716874957,1.1584154434036464
563,0.00035,1.1376632153987885,1.0070588067173958,0.1670223120599985,1.1594746146537365
564,0.00035,1.12053994089365,0.9994624182581902,0.1623763106763363,1.1421529523655771
565,0.00035,1.1297582611441612,0.9984369054436684,0.16325344797223806,1.151359533732757
566,0.00035,1.1280366703867912,0.9931871220469475,0.1627078540623188,1.1495274913683533
567,0.00035,1.1301142647862434,0.9913072176277637,0.16333397757261992,1.151573748914525
568,0.00035,1.1288631409406662,0.9915207251906395,0.1644585793837905,1.150338141238317
569,0.00035,1.1180851683020592,0.9995884113013744,0.16169111896306276,1.1396938477177174
570,0.00035,1.1357298120856285,1.0024145916104317,0.16502543166279793,1.157428358234465
571,0.00035,1.1301921904087067,1.005763716995716,0.163716783747077,1.1519446325860916
572,0.00035,1.1205268129706383,1.009681086987257,0.15946474391967058,1.1423150821495802
573,0.00035,1.1204035803675652,1.0064662620425224,0.1650111498311162,1.1421830171067269
574,0.00035,1.1280832067131996,1.006469540297985,0.1617418546229601,1.149830016065389
575,0.00035,1.1323265731334686,0.9981427118182182,0.1631546737626195,1.1539209741074592
576,0.00035,1.1194264963269234,0.9931854382157326,0.1653674952685833,1.140943880043924
577,0.00035,1.1333455294370651,0.9889632426202297,0.16436910908669233,1.1547684853803366
578,0.00035,1.1220903620123863,0.987336914986372,0.1638463381677866,1.1434755636937917
579,0.00035,1.1192465648055077,0.9887777976691723,0.16373280435800552,1.140659448802471
580,0.00035,1.1225174739956856,0.9982199817895889,0.16252651810646057,1.1441071388125421
581,0.00035,1.137023888528347,1.0077410638332367,0.1628270074725151,1.158806979879737
582,0.00035,1.1122060418128967,1.0094114542007446,0.1634755451232195,1.1340290263481438
583,0.00035,1.111581228673458,1.006491493433714,0.1633287314325571,1.133344345856458
584,0.00035,1.123780868947506,1.002905160188675,0.16456333082169294,1.1454846054594963
585,0.00035,1.1242922320961952,0.9938691109418869,0.1639538388699293,1.1458091527037324
586,0.00035,1.1246037036180496,0.9965929500758648,0.16377400513738394,1.1461733026709409
587,0.00035,1.1184866279363632,0.9928921274840832,0.1665249476209283,1.140009719962254
588,0.00035,1.1117118522524834,0.9944062605500221,0.1626676833257079,1.1332266542967409
589,0.00035,1.1307261511683464,0.9888045750558376,0.16478283889591694,1.1521500710584223
590,0.00035,1.1245408803224564,1.0013995356857777,0.165519742295146,1.1462240684591234
591,0.00035,1.119030900299549,1.0009466670453548,0.16378598101437092,1.1406876934505998
592,0.00035,1.127490684390068,1.0060436502099037,0.16326714400202036,1.1492442288342863
593,0.00035,1.113247849047184,1.0035746209323406,0.16101938299834728,1.1349295352958144
594,0.00035,1.1287168860435486,1.0030124187469482,0.15904826670885086,1.150367617085576
595,0.00035,1.1191146224737167,0.9994275644421577,0.1632694350555539,1.1407358681131154
596,0.00035,1.1125153005123138,0.9969853796064854,0.16052750032395124,1.1340602831076831
597,0.00035,1.122998170554638,0.9989111162722111,0.16098318062722683,1.1445862246863545
598,0.00035,1.1298190504312515,0.9997808039188385,0.16568857431411743,1.1514715522527694
599,0.00035,1.121520422399044,0.9947862103581429,0.16798933688551188,1.143096039975062
600,0.00035,1.1299792379140854,0.9978135749697685,0.16643855068832636,1.1515998949203639
601,0.00035,1.1242896243929863,0.9981524609029293,0.1680664960294962,1.14593333857134
602,0.00035,1.117916777729988,0.999693289399147,0.1686509670689702,1.1395971531886608
603,0.00035,1.108795627951622,0.9972161091864109,0.16565708443522453,1.1303965209797027
604,0.00035,1.1131338253617287,0.9967900663614273,0.16245208401232958,1.1346941475290806
605,0.00035,1.121213637292385,0.9985343664884567,0.16182750649750233,1.1428025996871292
606,0.00035,1.1179617270827293,1.0008662715554237,0.16084184031933546,1.139587470917031
607,0.00035,1.0989710837602615,1.0008303485810757,0.15978277288377285,1.1205855184607207
608,0.00035,1.1179812550544739,1.0055022165179253,0.15906913671642542,1.1396819907519966
609,0.00035,1.1127250641584396,1.0004641376435757,0.15818845201283693,1.1343162314314394
610,0.00035,1.1308067664504051,0.9969738572835922,0.1578948674723506,1.1523251922708004
611,0.00035,1.124252900481224,0.9947409182786942,0.158979969099164,1.1457375185377896
612,0.00035,1.1136506125330925,0.9948171228170395,0.15771248936653137,1.1351240798830986
613,0.00035,1.1127599477767944,0.9969567060470581,0.15466045588254929,1.134245686456561
614,0.00035,1.112431176006794,0.9987889789044857,0.1570262722671032,1.1339772183075547
615,0.00035,1.1172819659113884,1.000923678278923,0.1582709075883031,1.1388831485528499
616,0.00035,1.1142269968986511,1.0041893497109413,0.15861428063362837,1.135896926699206
617,0.00035,1.1226940602064133,1.005290612578392,0.15906245447695255,1.1443904970027505
618,0.00035,1.1285347566008568,1.0086883679032326,0.16124196909368038,1.1503209436498583
619,0.00035,1.0994215160608292,1.0059102810919285,0.1561731593683362,1.121101453276351
620,0.00035,1.120960034430027,1.004274483770132,0.16294053755700588,1.1426749294809997
621,0.00035,1.11708552390337,0.9950995594263077,0.15968605782836676,1.1385843756701797
622,0.00035,1.118045836687088,0.9947284832596779,0.15720867738127708,1.1395124931260943
623,0.00035,1.1072655022144318,0.9888081140816212,0.1568444324657321,1.1286101088207214
624,0.00035,1.106944479048252,0.9880463890731335,0.1572035402059555,1.1282774422317745
625,0.00035,1.1014943569898605,0.9942615367472172,0.15472030360251665,1.12292679076083
626,0.00035,1.1116226464509964,0.9969185255467892,0.15618388820439577,1.133122855843976
627,0.00035,1.102963276207447,1.006761021912098,0.1561033083125949,1.1246595297288149
628,0.00035,1.0953751355409622,1.0116654187440872,0.15644003823399544,1.1171728442981839
629,0.00035,1.091176226735115,1.0109493434429169,0.15884114429354668,1.1129836250469087
630,0.00035,1.1095558479428291,1.010198026895523,0.15855315886437893,1.1313453400693834
631,0.00035,1.1129966378211975,1.0102101005613804,0.15962657146155834,1.1347971055470407
632,0.00035,1.1145224571228027,1.0039667896926403,0.16007460374385118,1.1362025389540942
633,0.00035,1.115204393863678,0.9941800385713577,0.16084408294409513,1.1366964354645461
634,0.00035,1.1074069440364838,0.99171282351017,0.15530683286488056,1.128794268835336
635,0.00035,1.1164855062961578,0.991714745759964,0.15595640800893307,1.1378793652914465
636,0.00035,1.1077963933348656,0.9915940724313259,0.15727939549833536,1.1292010687384755
637,0.00035,1.1049763336777687,0.991669412702322,0.15515871159732342,1.1263613090477884
638,0.00035,1.1161235198378563,0.997182309627533,0.15564196556806564,1.1376235856860877
639,0.00035,1.1159286350011826,1.0028137862682343,0.1554389651864767,1.137539300378412
640,0.00035,1.101587601006031,1.01046072691679,0.15659860987216234,1.1233628016430885
641,0.00035,1.108869545161724,1.0105108097195625,0.15785314049571753,1.1306582927610727
642,0.00035,1.1086721792817116,1.0084756016731262,0.1565423719584942,1.1304071150347592
643,0.00035,1.0940524712204933,1.0022125616669655,0.15854135807603598,1.115682136034593
644,0.00035,1.0947629287838936,1.0008146204054356,0.15580204967409372,1.1163372416887432
645,0.00035,1.1084400117397308,0.9961265102028847,0.1562762688845396,1.129925304632634
646,0.00035,1.1025808453559875,0.9934112913906574,0.1608238909393549,1.1240573100931943
647,0.00035,1.1077990978956223,0.9944375716149807,0.1555241420865059,1.129243090748787
648,0.00035,1.099724918603897,0.9928922764956951,0.15896965377032757,1.1211724606715143
649,0.00035,1.102322943508625,0.9968030788004398,0.15735919680446386,1.1238325970526784
650,0.00035,1.1031841784715652,1.0053753815591335,0.15907128807157278,1.1248823989834638
651,0.00035,1.1074343547224998,1.0048134550452232,0.1600582804530859,1.1291312066279353
652,0.00035,1.1052329689264297,1.0010501369833946,0.15934518910944462,1.1268474235571921
653,0.00035,1.1080197393894196,1.007474347949028,0.15822481736540794,1.1297514745220543
654,0.00035,1.0988731607794762,1.0107018649578094,0.15883502829819918,1.1206755483616144
655,0.00035,1.1030518859624863,1.0025398917496204,0.15839797630906105,1.1246866635605692
656,0.00035,1.1026641204953194,0.9999774657189846,0.1593565857037902,1.1242572356667369
657,0.00035,1.11335738748312,0.996113408356905,0.15712372213602066,1.134850892871618
658,0.00035,1.1004045233130455,1.0019680000841618,0.15640148241072893,1.1220078981388362
659,0.00035,1.110146924853325,0.9997532553970814,0.1563020832836628,1.1317050107941031
660,0.00035,1.0991429090499878,0.9925776422023773,0.1556492280215025,1.1205509541742502
661,0.00035,1.0986933782696724,1.001153327524662,0.15775648970156908,1.1202940097171814
662,0.00035,1.1050922870635986,1.0018824972212315,0.15494020003825426,1.1266793390084058
663,0.00035,1.0928701311349869,0.999822199344635,0.155292977578938,1.114419504897669
664,0.00035,1.1033884957432747,1.0033993571996689,0.155583624728024,1.1250123191345482
665,0.00035,1.097955361008644,0.9985466822981834,0.1559460060670972,1.1194857547152788
666,0.00035,1.092357411980629,0.9963950291275978,0.15452846977859735,1.1138305972609668
667,0.00035,1.1067328974604607,1.0007333979010582,0.15371665824204683,1.1282847320009022
668,0.00035,1.1053942739963531,1.0010474249720573,0.1525396415963769,1.1269406189117581
669,0.00035,1.0983993411064148,1.0021880753338337,0.15325714368373156,1.1199756740499287
670,0.00035,1.0950467064976692,0.9982930719852448,0.15377867594361305,1.1165503546968103
671,0.00035,1.1063233688473701,1.0017325952649117,0.1540725016966462,1.127898745769635
672,0.00035,1.098071925342083,1.0034342929720879,0.15230818279087543,1.1196636930294335
673,0.00035,1.1008592620491982,1.0036000087857246,0.1557315932586789,1.1224885781574994
674,0.00035,1.0862180069088936,0.9993775263428688,0.1528747258707881,1.1077343046944588
675,0.00035,1.0944321155548096,1.0031921081244946,0.15424926672130823,1.1160384503845127
676,0.00035,1.0938962176442146,0.9976051114499569,0.15197462495416403,1.1153680661227554
677,0.00035,1.1041188538074493,1.0006747543811798,0.1521331686526537,1.1256536805815995
678,0.00035,1.1042651385068893,1.0057390183210373,0.1544494740664959,1.125924413613975
679,0.00035,1.104042686522007,1.0051825158298016,0.1543713677674532,1.1256900505162777
680,0.00035,1.106206052005291,0.9991834089159966,0.15150210075080395,1.127704741191119
681,0.00035,1.0800956264138222,1.0030438117682934,0.15232959855347872,1.1016797986347227
682,0.00035,1.1046798825263977,1.0016777999699116,0.15371382888406515,1.1262505768146367
683,0.00035,1.09551140666008,0.9999323263764381,0.15521217416971922,1.117062174929306
684,0.00035,1.0968601629137993,1.0015310794115067,0.15666213538497686,1.1184574058558792
685,0.00035,1.0952146500349045,1.0018923953175545,0.15422338154166937,1.1167947317566722
686,0.00035,1.0932417511940002,0.998987901955843,0.1534531069919467,1.1147560403030365
687,0.00035,1.0813672989606857,0.9999680295586586,0.1541539877653122,1.102908199429512
688,0.00035,1.0939209908246994,0.9996024407446384,0.15498216170817614,1.115462861256674
689,0.00035,1.0884444862604141,0.996202614158392,0.1551068490371108,1.109919607033953
690,0.00035,1.0917043313384056,0.9992859177291393,0.15573400631546974,1.1132473897561432
691,0.00035,1.1030950099229813,1.0092011541128159,0.15453782118856907,1.1248244112171233
692,0.00035,1.098974846303463,1.0057649984955788,0.1557889636605978,1.1206480359099806
693,0.00035,1.0868336707353592,1.000310204923153,0.15485109761357307,1.108388385809958
694,0.00035,1.0943550392985344,1.001632235944271,0.1577040357515216,1.115964724374935
695,0.00035,1.0918222591280937,0.9991930909454823,0.1534760445356369,1.1133408813923598
696,0.00035,1.084769532084465,0.9998187646269798,0.14941114839166403,1.1062600188609213
697,0.00035,1.0904889404773712,1.0001346319913864,0.15088016632944345,1.1120004347804935
698,0.00035,1.0832050815224648,0.9985021166503429,0.14815261028707027,1.1046566499583423
699,0.00035,1.0943305268883705,1.000542338937521,0.15038611833006144,1.1158452348504215
700,0.00035,1.095868080854416,1.00113595277071,0.15187137015163898,1.1174095136113467
701,0.00035,1.093157321214676,0.9975622668862343,0.1500129634514451,1.114608696186915
702,0.00035,1.0805834084749222,0.9935708567500114,0.1511178072541952,1.1019660036824643
703,0.00035,1.0941187366843224,1.0027416422963142,0.14952507987618446,1.1156688203290104
704,0.00035,1.0711470246315002,1.0052647404372692,0.1481587067246437,1.0927339065074921
705,0.00035,1.0901772230863571,1.0018723495304585,0.15172045771032572,1.1117318746540696
706,0.00035,1.08668864518404,1.0062201023101807,0.15001962799578905,1.1083132435102017
707,0.00035,1.0923262536525726,1.0084586143493652,0.15006038825958967,1.1139960298221558
708,0.00035,1.0910508781671524,1.0036565661430359,0.15208034683018923,1.112644812958315
709,0.00035,1.0965327247977257,0.9977361187338829,0.1503763748332858,1.1179912109207362
710,0.00035,1.0990912541747093,1.0009212121367455,0.15415928233414888,1.1206512712407857
711,0.00035,1.1108158826828003,1.0001857094466686,0.1549108289182186,1.1323687051609157
712,0.00035,1.0886995643377304,0.9955267459154129,0.15362277161329985,1.1101463269721716
713,0.00035,1.09581358730793,1.0016849413514137,0.15424841921776533,1.1173897703271358
714,0.00035,1.0871505215764046,1.0000425428152084,0.15445097349584103,1.1086958821676671
715,0.00035,1.0817059352993965,1.0022735074162483,0.15402516163885593,1.10329165706411
716,0.00035,1.0774192288517952,1.0043481029570103,0.1580499242991209,1.0990866901539267
717,0.00035,1.0898906216025352,1.0034409686923027,0.15644313022494316,1.1115238722786307
718,0.00035,1.0972151085734367,1.0087806023657322,0.15672286693006754,1.118957949290052
719,0.00035,1.086155816912651,1.0039500817656517,0.1583953546360135,1.1078187720943242
720,0.00035,1.0910410061478615,0.9981373436748981,0.1568153379485011,1.1125719064008444
721,0.00035,1.0834905803203583,1.0014729127287865,0.1589525593444705,1.1051095641683786
722,0.00035,1.088104024529457,1.0041492767632008,0.15856169629842043,1.1097726270277053
723,0.00035,1.0797285661101341,1.0026404559612274,0.15830670949071646,1.1013644423242657
724,0.00035,1.0737219005823135,0.9974983967840672,0.15618452243506908,1.0952337137423456
725,0.00035,1.0858130902051926,1.0022403076291084,0.1583938179537654,1.1074418345373125
726,0.00035,1.0891388431191444,0.999665129929781,0.15598227083683014,1.1106919684261085
727,0.00035,1.0893318429589272,1.0001304559409618,0.1567537011578679,1.110901989089325
728,0.00035,1.0832782089710236,0.99483697488904,0.15466820262372494,1.1047216304950416
729,0.00035,1.0814975425601006,0.9970030933618546,0.15304345171898603,1.1029680389445276
730,0.00035,1.0774768814444542,1.0013045482337475,0.15397654846310616,1.0990427378937602
731,0.00035,1.0859001725912094,1.0060697346925735,0.15325657185167074,1.1075541330035776
732,0.00035,1.0902218744158745,1.0070591270923615,0.14978596847504377,1.111860916642472
733,0.00035,1.082389622926712,1.0082513317465782,0.14849322475492954,1.1040395818091928
734,0.00035,1.0845633819699287,1.0067692287266254,0.1487767891958356,1.1061865344364195
735,0.00035,1.0793018266558647,1.000147383660078,0.1490832893177867,1.1007956072222442
736,0.00035,1.079265035688877,0.9979430735111237,0.14858608227223158,1.100709757981822
737,0.00035,1.0915102809667587,1.0003047734498978,0.146269666031003,1.1129790730960667
738,0.00035,1.079109363257885,0.9989478662610054,0.14664114266633987,1.1005547320097684
739,0.00035,1.0815277472138405,0.999826192855835,0.14807337056845427,1.1030050047766418
740,0.00035,1.0853123888373375,0.996813464909792,0.14843112602829933,1.1067329693958163
741,0.00035,1.0905741825699806,0.9987344183027744,0.14755923207849264,1.112024463256821
742,0.00035,1.0857747122645378,1.0014560744166374,0.14801204483956099,1.1072839542012662
743,0.00035,1.0901800245046616,1.0031320750713348,0.15238449536263943,1.1117665109597146
744,0.00035,1.0796525850892067,1.0010042078793049,0.15204655099660158,1.101193134756759
745,0.00035,1.084697313606739,1.0045365057885647,0.15361182764172554,1.1063241619989277
746,0.00035,1.0890669375658035,0.9990748502314091,0.151327901519835,1.11056171358563
747,0.00035,1.1024392023682594,1.0087108872830868,0.15198263805359602,1.1241332464944571
748,0.00035,1.0815163627266884,1.0049191564321518,0.15319456439465284,1.1031466914992778
749,0.00035,1.0898594856262207,1.0085627660155296,0.15243179630488157,1.1115550589095802
750,0.00035,1.086244359612465,1.002233862876892,0.14834494702517986,1.1077724863402545
751,0.00035,1.0785140842199326,1.005788967013359,0.1493646278977394,1.100123509839177
752,0.00035,1.0708079934120178,1.0024672411382198,0.15285047329962254,1.0923858429677784
753,0.00035,1.0605837479233742,0.9939972870051861,0.1523947585374117,1.081987641248852
754,0.00035,1.0903404280543327,0.9975598007440567,0.152910309843719,1.111820727167651
755,0.00035,1.082947313785553,0.9970373660326004,0.15505815763026476,1.1044386426825077
756,0.00035,1.0803226605057716,0.9979774877429008,0.15086909290403128,1.1017909011896698
757,0.00035,1.0710089579224586,1.0018912702798843,0.15288082975894213,1.0925755916256459
758,0.00035,1.0620610862970352,1.0008193254470825,0.15233989618718624,1.0836008717678487
759,0.00035,1.073486641049385,1.0056510381400585,0.15132422372698784,1.095112904049456
760,0.00035,1.074892319738865,1.0072150230407715,0.1497802995145321,1.0965344231948257
761,0.00035,1.0849912390112877,1.0071242153644562,0.1515947924926877,1.1066496712435037
762,0.00035,1.0777895748615265,1.0031945183873177,0.15100082848221064,1.099363473514095
763,0.00035,1.0783781632781029,1.0060757882893085,0.15108603425323963,1.1000105393864215
764,0.00035,1.0795889869332314,1.0018546842038631,0.1506792325526476,1.1011328729428351
765,0.00035,1.0671056061983109,0.9956095181405544,0.15118147153407335,1.0885296112764626
766,0.00035,1.08058400452137,0.9987045712769032,0.15239171497523785,1.1020820130966602
767,0.00035,1.087790384888649,0.9964288361370564,0.15041431970894337,1.1092231048084795
768,0.00035,1.0846948847174644,0.9946049973368645,0.15115665830671787,1.106098551247269
769,0.00035,1.079332210123539,0.9998846389353275,0.152393052354455,1.10085383342579
770,0.00035,1.0831417739391327,0.9989282675087452,0.1533574815839529,1.1046539141051472
771,0.00035,1.0696131065487862,1.0000969171524048,0.15330096520483494,1.0911480545438825
772,0.00035,1.0743266865611076,1.0092985481023788,0.15063974261283875,1.0960190549492836
773,0.00035,1.0767138823866844,1.0147436633706093,0.15434390306472778,1.0985521946847439
774,0.00035,1.070014975965023,1.0133054479956627,0.15194634720683098,1.0918005483970046
775,0.00035,1.0936437770724297,1.012746661901474,0.1546697597950697,1.11544540790841
776,0.00035,1.0709076523780823,1.0047887153923512,0.15488185919821262,1.0925522452779113
777,0.00035,1.0826241299510002,0.9989618211984634,0.15472906827926636,1.1041506570577622
778,0.00035,1.061271458864212,0.9963368140161037,0.15300906170159578,1.0827282857615501
779,0.00035,1.0711007118225098,0.9968634322285652,0.15433120634406805,1.0925812925305218
780,0.00035,1.079534389078617,0.9951559565961361,0.15291167423129082,1.1009666249528527
781,0.00035,1.0759873017668724,0.9989542327821255,0.1531318323686719,1.0974977047462016
782,0.00035,1.0798170864582062,1.0037774629890919,0.15523551404476166,1.1014449908584358
783,0.00035,1.0890532210469246,1.0065415389835835,0.15105254761874676,1.1106945773027839
784,0.00035,1.0655952170491219,1.0039568692445755,0.15105221141129732,1.0871848765481262
785,0.00035,1.074244163930416,1.0107419341802597,0.15309968870133162,1.0959899995010347
786,0.00035,1.0798755139112473,1.0094578191637993,0.15134048275649548,1.101578075122088
787,0.00035,1.0747964531183243,1.0052045285701752,0.1503347298130393,1.0964038909878582
788,0.00035,1.060629054903984,1.006301749497652,0.15010965894907713,1.082256186483428
789,0.00035,1.0708451122045517,1.0019172728061676,0.15097601059824228,1.0923932177666573
790,0.00035,1.0727122724056244,1.001037735491991,0.15002743992954493,1.0942333015147596
791,0.00035,1.0835755318403244,1.000864677131176,0.14946201536804438,1.1050874455366284
792,0.00035,1.067131906747818,0.9980772696435452,0.14597791619598866,1.088553231302649
793,0.00035,1.0656082928180695,0.9953878670930862,0.14772707875818014,1.086993320947513
794,0.00035,1.072602242231369,0.9981277659535408,0.14733217097818851,1.0940381192602218
795,0.00035,1.0683150961995125,0.9978686422109604,0.1469773892313242,1.089742242936045
796,0.00035,1.0671675875782967,1.0010749399662018,0.14712047670036554,1.0886602911446244
797,0.00035,1.066312812268734,1.0039508529007435,0.14814169891178608,1.087873246315867
798,0.00035,1.075762264430523,1.0084130093455315,0.14924939163029194,1.0974230185337366
799,0.00035,1.073621716350317,1.0136446356773376,0.14880020916461945,1.0953826111555098
800,0.00035,1.067935734987259,1.0094454288482666,0.149807951413095,1.0896227230783553
801,0.00035,1.0642779096961021,1.0061158575117588,0.15099520329385996,1.085910178879276
802,0.00035,1.0735549256205559,1.0018087178468704,0.15043023228645325,1.0950954023003578
803,0.00035,1.075829952955246,1.0008425563573837,0.15052970498800278,1.0973521011322738
804,0.00035,1.0665852054953575,0.9991655312478542,0.1497942442074418,1.0880664585623891
805,0.00035,1.084911733865738,0.9995471425354481,0.14756205305457115,1.1063782972469927
806,0.00035,1.0713640972971916,1.0019666217267513,0.14601547177881002,1.0928635844495147
807,0.00035,1.0628674402832985,1.0008934065699577,0.1467830492183566,1.0843531389068812
808,0.00035,1.0707501992583275,0.9999442808330059,0.14564040210098028,1.0922054888959976
809,0.00035,1.0739670395851135,1.001205686479807,0.14498423505574465,1.095440995665267
810,0.00035,1.0715402886271477,1.0026479586958885,0.14594756718724966,1.093052723472938
811,0.00035,1.0752521306276321,1.0028170198202133,0.14707872830331326,1.0967792583070695
812,0.00035,1.0599722564220428,0.9981223046779633,0.14524915907531977,1.0813871941063553
813,0.00035,1.0640436634421349,1.0006684996187687,0.14776489324867725,1.0855346823669971
814,0.00035,1.0507472977042198,1.002281565219164,0.15134252607822418,1.0723063542693854
815,0.00035,1.0506375432014465,1.0085182338953018,0.1508530592545867,1.0723164384718986
816,0.00035,1.0665359869599342,1.0064468383789062,0.15141541697084904,1.088179077897221
817,0.00035,1.0602183565497398,1.0031449347734451,0.15172849595546722,1.0817985402047634
818,0.00035,1.064193733036518,1.0059422180056572,0.15039492957293987,1.0858165266923607
819,0.00035,1.0600762516260147,1.0034790858626366,0.14762207865715027,1.081622054129839
820,0.00035,1.069472298026085,1.0019284710288048,0.1508112121373415,1.0910189795680343
821,0.00035,1.0613412037491798,0.998218409717083,0.15001019090414047,1.0828056738525629
822,0.00035,1.078228548169136,1.0013028979301453,0.14768691547214985,1.0997314752824605
823,0.00035,1.0671700611710548,1.002505000680685,0.1505635492503643,1.0887257966771722
824,0.00035,1.0583796128630638,1.001227580010891,0.14829199202358723,1.0798870843835175
825,0.00035,1.0707944184541702,1.0061190389096737,0.1499052532017231,1.092415851764381
826,0.00035,1.0770116746425629,1.0094208121299744,0.15026021748781204,1.0987026930600405
827,0.00035,1.06543605402112,1.0062787756323814,0.1465802462771535,1.0870274319965394
828,0.00035,1.057291567325592,1.0045124515891075,0.1515951855108142,1.0788977682124825
829,0.00035,1.0629328563809395,1.0066097900271416,0.14877023734152317,1.0845527545548976
830,0.00035,1.0644210651516914,1.004483725875616,0.14613072387874126,1.0859720469079912
831,0.00035,1.0627267509698868,1.0038652271032333,0.14735355228185654,1.08427759103477
832,0.00035,1.0652256533503532,1.0047999545931816,0.1440302487462759,1.0867619549296796
833,0.00035,1.0587002113461494,1.0037802308797836,0.1461521629244089,1.0802373375929892
834,0.00035,1.053807832300663,1.0002165362238884,0.14667638204991817,1.07527892684564
835,0.00035,1.0588382631540298,1.003833457827568,0.1503074299544096,1.0804180066101252
836,0.00035,1.0701414719223976,1.0040148720145226,0.15260199923068285,1.091747789354995
837,0.00035,1.0633984804153442,1.0025145262479782,0.1496456190943718,1.0849452271312474
838,0.00035,1.0614956989884377,1.005506381392479,0.15046903770416975,1.0831105169933288
839,0.00035,1.061103731393814,1.0047353692352772,0.15028621163219213,1.0827013008948416
840,0.00035,1.046130709350109,1.0028884671628475,0.14711233414709568,1.067659602034837
841,0.00035,1.0644473880529404,1.0087637603282928,0.14688591845333576,1.0860915224440395
842,0.00035,1.0637586191296577,1.0012828148901463,0.14873421657830477,1.0852716175932438
843,0.00035,1.060902178287506,0.9996453374624252,0.14708101842552423,1.08236589522101
844,0.00035,1.0647497028112411,1.0001696050167084,0.14958022721111774,1.0862488971836866
845,0.00035,1.0502952449023724,1.0044410973787308,0.14926730655133724,1.0718767399154603
846,0.00035,1.0700934827327728,1.0030940547585487,0.14953219331800938,1.091650685761124
847,0.00035,1.0455883964896202,1.0034620389342308,0.14951228071004152,1.0671527600754054
848,0.00035,1.056717500090599,1.0028570368885994,0.14994098525494337,1.0782740506809205
849,0.00035,1.069118782877922,1.0091219060122967,0.15150367468595505,1.0908162577450276
850,0.00035,1.052474394440651,1.0029606744647026,0.14784882869571447,1.0740120962169022
851,0.00035,1.0570986717939377,1.0033502243459225,0.14906955230981112,1.0786563718039544
852,0.00035,1.058819219470024,0.9998020753264427,0.14677687920629978,1.080283029768616
853,0.00035,1.0477284640073776,0.9998218677937984,0.14959793630987406,1.0692208807263521
854,0.00035,1.061416618525982,1.0072726868093014,0.1480872705578804,1.0830429449677468
855,0.00035,1.0574854835867882,1.0075913071632385,0.1479949550703168,1.079117259280756
856,0.00035,1.0593987628817558,1.008261576294899,0.14732608199119568,1.0810372552275658
857,0.00035,1.057743713259697,1.0085151195526123,0.15126931853592396,1.0794267088361085
858,0.00035,1.0597652792930603,1.010005857795477,0.14969212003052235,1.0814623176492753
859,0.00035,1.0571255162358284,1.0032541006803513,0.14983780588954687,1.078688976308331
860,0.00035,1.0560320913791656,1.0003134869039059,0.14674605056643486,1.077505821622908
861,0.00035,1.0552528873085976,0.9986024498939514,0.14876783173531294,1.0767126146238297
862,0.00035,1.054893545806408,0.9975289814174175,0.14812086150050163,1.0763253340497614
863,0.00035,1.0518878474831581,0.9940109364688396,0.1497769858688116,1.073265836071223
864,0.00035,1.0501358658075333,0.9999269209802151,0.14767057169228792,1.0716111099440604
865,0.00035,1.0706696510314941,1.011707179248333,0.14745092019438744,1.0923783038184047
866,0.00035,1.05939532071352,1.0105568245053291,0.14625632297247648,1.0810690204333513
867,0.00035,1.065357968211174,1.0085383094847202,0.1498553678393364,1.0870272880792617
868,0.00035,1.0622160881757736,1.0120990760624409,0.14861929044127464,1.0839442626014353
869,0.00035,1.0502164214849472,1.0063148960471153,0.14701346028596163,1.071812854008749
870,0.00035,1.0559915602207184,1.0042076781392097,0.14804902952164412,1.077556204078719
871,0.00035,1.065789744257927,1.0020374804735184,0.14826220739632845,1.0873131159413605
872,0.00035,1.0443903282284737,0.998473297804594,0.1470567611977458,1.065830361796543
873,0.00035,1.05861334502697,1.003083597868681,0.14696144685149193,1.0801446314528584
874,0.00035,1.0550972819328308,1.003335926681757,0.14807171560823917,1.0766447176225484
875,0.00035,1.0615908950567245,1.0046064145863056,0.15077327750623226,1.083190756123513
876,0.00035,1.0521926656365395,1.0025094486773014,0.1498313993215561,1.0737411686033012
877,0.00035,1.062864176928997,1.0047063678503036,0.14638962503522635,1.0844222005363555
878,0.00035,1.0590540692210197,1.001737404614687,0.1466813525184989,1.0805556308384985
879,0.00035,1.0602268353104591,1.0021757073700428,0.1465388322249055,1.0817357377801091
880,0.00035,1.0568531565368176,1.0053966119885445,0.14656062796711922,1.0784266950562595
881,0.00035,1.0482137575745583,1.0103379786014557,0.14651639759540558,1.0698856811225415
882,0.00035,1.0518621392548084,1.010605525225401,0.14310010615736246,1.0735052508208902
883,0.00035,1.050922729074955,1.008655123412609,0.14513290207833052,1.0725471605639905
884,0.00035,1.062013991177082,1.0107592269778252,0.14460978284478188,1.0836752735450863
885,0.00035,1.0554048381745815,1.004436731338501,0.14268703199923038,1.0769204431213437
886,0.00035,1.0528456792235374,0.9986352846026421,0.14135658647865057,1.0742319507803768
887,0.00035,1.0503059551119804,0.9968795590102673,0.14281143434345722,1.0716716606356202
888,0.00035,1.0674744844436646,1.000435870140791,0.1478700414299965,1.0889619022607804
889,0.00035,1.059235043823719,0.9953597187995911,0.14756855089217424,1.0806179237086326
890,0.00035,1.0650717243552208,0.9983048364520073,0.14677723962813616,1.086505593480542
891,0.00035,1.0518409423530102,1.000356536358595,0.14922794327139854,1.073340352512896
892,0.00035,1.0589278265833855,1.0054019391536713,0.1474612345919013,1.080510477712378
893,0.00035,1.0507623441517353,1.0069316998124123,0.14737727120518684,1.0723747508600354
894,0.00035,1.0552935898303986,1.0088926739990711,0.14477818924933672,1.0769192252028734
895,0.00035,1.0495312437415123,1.0059478282928467,0.14336313493549824,1.0710838316567242
896,0.00035,1.0466720797121525,1.011502854526043,0.14572565350681543,1.0683593933377415
897,0.00035,1.0644782558083534,1.0156316310167313,0.14632413443177938,1.086254129773006
898,0.00035,1.0593799278140068,1.0069229304790497,0.14421603549271822,1.080960546778515
899,0.00035,1.0448525622487068,1.001775648444891,0.14581634383648634,1.0663462386559694
900,0.00035,1.0408865697681904,0.999427679926157,0.14423002488911152,1.0623174236156046
901,0.00035,1.0621252208948135,1.0053347945213318,0.14498663879930973,1.0836817831732333
902,0.00035,1.0517460480332375,1.003155417740345,0.14621265977621078,1.0732712829858064
903,0.00035,1.0460761860013008,1.000898964703083,0.14640107192099094,1.0675581760145723
904,0.00035,1.051105547696352,1.006348580121994,0.14513740967959166,1.0726838933955878
905,0.00035,1.0418977215886116,1.0045568943023682,0.14568266458809376,1.06344568612054
906,0.00035,1.0602177530527115,1.0058757662773132,0.1460979850962758,1.0817962482292205
907,0.00035,1.059233769774437,1.0032380484044552,0.14565486181527376,1.0807550793606788
908,0.00035,1.0492636635899544,0.997866727411747,0.1457605715841055,1.0706786038540304
909,0.00035,1.0448887273669243,0.999671220779419,0.14607798028737307,1.0663429315853863
910,0.00035,1.0403854846954346,1.0017913840711117,0.14665277674794197,1.0618878401443363
911,0.00035,1.0428586825728416,1.007885105907917,0.14579183142632246,1.064474303005263
912,0.00035,1.0559547692537308,1.013579584658146,0.14373481459915638,1.0776637090928851
913,0.00035,1.0511613562703133,1.0110983327031136,0.14714637212455273,1.072854786645621
914,0.00035,1.0552964583039284,1.008334968239069,0.14705916680395603,1.0769337493367492
915,0.00035,1.052870076149702,1.0051829852163792,0.14570618327707052,1.0744307976868004
916,0.00035,1.0478600189089775,1.000434972345829,0.14905851520597935,1.0693593035079538
917,0.00035,1.0430724397301674,0.9997188746929169,0.14802632853388786,1.0645470805093644
918,0.00035,1.0356980562210083,1.0039632953703403,0.14625729713588953,1.057239895099774
919,0.00035,1.0422533825039864,1.0049317851662636,0.1507293852046132,1.0638593120593578
920,0.00035,1.0390855334699154,1.0020566061139107,0.14691632520407438,1.0605958288442343
921,0.00035,1.0465686917304993,1.0040871798992157,0.14731864258646965,1.0681236217543484
922,0.00035,1.0496409833431244,1.0070185847580433,0.14690333884209394,1.0712503884267062
923,0.00035,1.0441763401031494,1.0045799054205418,0.14741184189915657,1.0657420566305518
924,0.00035,1.046132080256939,1.0023614652454853,0.14741116110235453,1.067653421172872
925,0.00035,1.0625225007534027,1.0062896572053432,0.1487125838175416,1.084135419735685
926,0.00035,1.03680020570755,1.0041216537356377,0.1476300098001957,1.0583589388802648
927,0.00035,1.045679971575737,1.0077648609876633,0.14638253673911095,1.0672990941628813
928,0.00035,1.0464339703321457,1.0030546449124813,0.14764073956757784,1.067971470626071
929,0.00035,1.0410608388483524,1.0001096464693546,0.14615220297127962,1.0625245538074521
930,0.00035,1.0430722832679749,1.0040044784545898,0.14407188165932894,1.06459309165366
931,0.00035,1.0486383438110352,1.0029474198818207,0.14632897544652224,1.0701605819631368
932,0.00035,1.0483851544559002,1.0086384899914265,0.1479003867134452,1.0700369281228632
933,0.00035,1.034899964928627,1.0123112797737122,0.14648426044732332,1.0566110331285745
934,0.00035,1.0425340197980404,1.0126230344176292,0.14575146790593863,1.0642439951654523
935,0.00035,1.051252517849207,1.0057513900101185,0.14323006011545658,1.072799846250564
936,0.00035,1.0483349487185478,1.0037625953555107,0.142614864744246,1.0698363492731005
937,0.00035,1.0381465330719948,1.0009581968188286,0.14097205270081758,1.0595754175353795
938,0.00035,1.0450798198580742,0.9987515509128571,0.1427393164485693,1.066482244040817
939,0.00035,1.0425537750124931,0.9998958744108677,0.1416997481137514,1.0639686899818481
940,0.00035,1.03257604688406,1.0037740468978882,0.1432772669941187,1.054084300491959
941,0.00035,1.0314396768808365,1.0059525296092033,0.1430348251014948,1.0529890757240354
942,0.00035,1.0406906642019749,1.0051701068878174,0.14391243271529675,1.0622331906668843
943,0.00035,1.0398172438144684,1.0046576336026192,0.14166568126529455,1.0613270532991739
944,0.00035,1.0352618545293808,1.0019481107592583,0.1427151383832097,1.056727968128398
945,0.00035,1.0435472130775452,1.0035160444676876,0.14352860487997532,1.0650528200156988
946,0.00035,1.05259221047163,1.0026113465428352,0.14224407263100147,1.0740668781287968
947,0.00035,1.0365608036518097,1.0029811449348927,0.142333566211164,1.058043762212619
948,0.00035,1.0345622785389423,1.0027469992637634,0.14088180847465992,1.0560260366089642
949,0.00035,1.0392582193017006,1.003038264811039,0.14337933342903852,1.0607527779322117
950,0.00035,1.0342747904360294,1.0062803812325,0.14031943678855896,1.0558035924285651
951,0.00035,1.052963025867939,1.0087406039237976,0.14034902211278677,1.0745413281675429
952,0.00035,1.0353510677814484,1.0033507831394672,0.14375697635114193,1.056855653207749
953,0.00035,1.0509920567274094,1.009276557713747,0.14618672989308834,1.072639455180615
954,0.00035,1.0486382767558098,1.0058863274753094,0.14467432908713818,1.0702027465961874
955,0.00035,1.054079994559288,1.0065074786543846,0.14479462429881096,1.0756580903753639
956,0.00035,1.0370754301548004,1.0076911225914955,0.14793901424854994,1.0587086427491157
957,0.00035,1.037284068763256,1.005234394222498,0.14522749837487936,1.058841031631455
958,0.00035,1.056099772453308,1.0058444887399673,0.14401807077229023,1.0776568429358304
959,0.00035,1.0386794209480286,1.0037721395492554,0.14357081800699234,1.0601905719190836
960,0.00035,1.039098173379898,1.0032013729214668,0.14437856618314981,1.060605986500159
961,0.00035,1.0437991544604301,1.0029375851154327,0.14326277934014797,1.0652905339561405
962,0.00035,1.060091108083725,1.0088004432618618,0.1429112758487463,1.0816962297074497
963,0.00035,1.047147948294878,1.0065184757113457,0.14326849672943354,1.0687110027763993
964,0.00035,1.039361547678709,1.0069335103034973,0.14125383459031582,1.0609127562306822
965,0.00035,1.039009116590023,1.0071780011057854,0.1401281524449587,1.0605539581365884
966,0.00035,1.0585059747099876,1.0044563189148903,0.14098824188113213,1.0800049835070968
967,0.00035,1.0315126962959766,1.0052502527832985,0.1429540403187275,1.0530472417548298
968,0.00035,1.0333187356591225,1.0055095925927162,0.14116363320499659,1.0548405638430267
969,0.00035,1.0375058390200138,1.0047564953565598,0.14053615368902683,1.0590063304640354
970,0.00035,1.028706569224596,1.0053026340901852,0.13958802912384272,1.0502085021976382
971,0.00035,1.0379425585269928,1.0066315531730652,0.13926369138062,1.0594678265042603
972,0.00035,1.0342502854764462,1.004272148013115,0.142104328610003,1.0557567717228085
973,0.00035,1.03431923314929,1.0025589168071747,0.1410302147269249,1.0557807136327029
974,0.00035,1.037130918353796,1.0069706439971924,0.14488503616303205,1.0587191815953703
975,0.00035,1.0417788624763489,1.004067823290825,0.14123126678168774,1.0632725316099823
976,0.00035,1.0470852218568325,1.0074815526604652,0.14432427007704973,1.0686780956108122
977,0.00035,1.0326482951641083,1.007371123880148,0.14645391423255205,1.054260256784037
978,0.00035,1.0263914540410042,1.0080703608691692,0.14302579499781132,1.0479831192083657
979,0.00035,1.0370197966694832,1.0077791661024094,0.14230467658489943,1.0585984267573803
980,0.00035,1.040046900510788,1.0060194469988346,0.1425556279718876,1.0615928457304835
981,0.00035,1.0279860571026802,1.003304112702608,0.14219468273222446,1.0494740861840546
982,0.00035,1.0474856346845627,1.0034850984811783,0.14763919729739428,1.0690317286271602
983,0.00035,1.048152856528759,1.0048622004687786,0.14400940109044313,1.0696901945490391
984,0.00035,1.0298502370715141,1.0024385005235672,0.14408240746706724,1.0513398311566562
985,0.00035,1.0488030537962914,1.0091331265866756,0.14507832191884518,1.0704364995472133
986,0.00035,1.0374420806765556,1.0033214390277863,0.14579272083938122,1.0589664366655052
987,0.00035,1.0329254940152168,0.9983862154185772,0.14468214754015207,1.05434003979899
988,0.00035,1.0409030430018902,1.0074141584336758,0.1427462911233306,1.062478789081797
989,0.00035,1.0242298543453217,1.004957128316164,0.14353735093027353,1.0457643704209476
990,0.00035,1.0314299017190933,1.0069042704999447,0.1433125613257289,1.0530011127423495
991,0.00035,1.0294893607497215,1.0085447281599045,0.14524253085255623,1.051112680621445
992,0.00035,1.0268420837819576,1.0092859864234924,0.1448318837210536,1.048476122347638
993,0.00035,1.0385797210037708,1.003730971366167,0.14483153354376554,1.0601026557665318
994,0.00035,1.044373169541359,1.002420462667942,0.14468094613403082,1.065868388256058
995,0.00035,1.0355653315782547,1.0032530575990677,0.1458789762109518,1.0570891824923454
996,0.00035,1.0409681648015976,1.005346693098545,0.14626203570514917,1.06253771902062
997,0.00035,1.035929836332798,1.0055337138473988,0.14305675402283669,1.0574710781499743
998,0.00035,1.0295363776385784,1.0029457546770573,0.14487383514642715,1.0510440310835838
999,0.00035,1.0346122272312641,1.0051921531558037,0.14517680555582047,1.0561678383499382
1000,0.00035,1.0334477946162224,1.0067622810602188,0.14324666373431683,1.0550155068747697
1001,0.00035,1.0397784039378166,1.007650014013052,0.14254390634596348,1.0613568432815372
1002,0.00035,1.031863495707512,1.0099188834428787,0.14433436561375856,1.0535052170325072
1003,0.00035,1.025533515959978,1.0038719549775124,0.14357905741780996,1.0470467456337065
1004,0.00035,1.0511239394545555,1.0092854909598827,0.1427500732243061,1.0727371500059963
1005,0.00035,1.031543057411909,1.0026917308568954,0.14106364455074072,1.0530075284745544
1006,0.00035,1.034152615815401,1.003618337213993,0.14303575549274683,1.0556553401146085
1007,0.00035,1.029015213251114,1.002838283777237,0.1386241503059864,1.0504582204297186
1008,0.00035,1.0304437689483166,1.0074085742235184,0.14003013633191586,1.0519922417961063
1009,0.00035,1.0377485379576683,1.0116790756583214,0.14274629391729832,1.0594095824100078
1010,0.00035,1.0349245965480804,1.0042300038039684,0.1413533566519618,1.0564227301906792
1011,0.00035,1.0301962718367577,1.004299245774746,0.14461022801697254,1.0517283590324222
1012,0.00035,1.0440539345145226,1.0078875534236431,0.1425358932465315,1.0656370445154608
1013,0.00035,1.0336878523230553,1.006132185459137,0.14301372785121202,1.0552406333107502
1014,0.00035,1.0417414233088493,1.010124109685421,0.14398988336324692,1.06338380433619
1015,0.00035,1.0277092829346657,1.0063617341220379,0.14265723433345556,1.0492630899604412
1016,0.00035,1.0310596562922,1.0067871399223804,0.14239273499697447,1.0526193264406174
1017,0.00035,1.033558364957571,1.0090635269880295,0.14082701224833727,1.055147905619815
1018,0.00035,1.0291158705949783,1.0083053298294544,0.13852817565202713,1.0506672589480877
1019,0.00035,1.0270597897469997,1.0069946944713593,0.14123269636183977,1.0486120106000454
1020,0.00035,1.0301920659840107,1.0048169642686844,0.1372912721708417,1.0516613179910927
1021,0.00035,1.0487333796918392,1.0092933028936386,0.13803192228078842,1.07029956497252
1022,0.00035,1.0280205383896828,1.002632725983858,0.1385553516447544,1.0494587464258074
1023,0.00035,1.026448730379343,1.0054781064391136,0.13795714545994997,1.0479378639627248
1024,0.00035,1.0175642482936382,1.0037648417055607,0.13764116261154413,1.0390159567538648
1025,0.00035,1.0206706449389458,1.0019749402999878,0.13821370620280504,1.0420922808069735
1026,0.00035,1.0366601794958115,1.000330574810505,0.1398874567821622,1.0580656655598433
1027,0.00035,1.033899612724781,1.0038094408810139,0.13870789762586355,1.05536288051866
1028,0.00035,1.0300456285476685,1.0054195635020733,0.13869182113558054,1.0515409380290657
1029,0.00035,1.0265149176120758,1.0031322464346886,0.13843068480491638,1.0479618693888189
1030,0.00035,1.0380896218121052,1.0059141293168068,0.14076780900359154,1.0596155824884772
1031,0.00035,1.0345261469483376,1.0107933729887009,0.13787277042865753,1.0561207421123981
1032,0.00035,1.0337461978197098,1.013286143541336,0.13962081912904978,1.0554081288818271
1033,0.00035,1.0217773728072643,1.0073412917554379,0.1394801028072834,1.043318999670446
1034,0.00035,1.0320695266127586,1.0116671025753021,0.13998565822839737,1.0537027252465485
1035,0.00035,1.030225571244955,1.0059798620641232,0.14128433354198933,1.0517580118216574
1036,0.00035,1.0222852192819118,1.0045840628445148,0.1396313151344657,1.0437732136901468
1037,0.00035,1.035557359457016,1.0054395236074924,0.14156583230942488,1.05708180825226
1038,0.00035,1.0350759215652943,1.0072866380214691,0.13768733013421297,1.0565985276270657
1039,0.00035,1.0348567962646484,1.0075890384614468,0.14073091931641102,1.0564158862270414
1040,0.00035,1.0264383107423782,1.0022681169211864,0.13650948461145163,1.0478487679269166
1041,0.00035,1.0364748314023018,1.005617305636406,0.13709539733827114,1.0579581314884126
1042,0.00035,1.0266365557909012,1.0046374164521694,0.13637241907417774,1.0480930283106864
1043,0.00035,1.028157513588667,1.0054339990019798,0.13848426938056946,1.0496510362625122
1044,0.00035,1.0281632542610168,1.0049512311816216,0.13763263449072838,1.0496386052295565
1045,0.00035,1.0216030925512314,1.0030334554612637,0.1389985168352723,1.0430537468288095
1046,0.00035,1.0377080701291561,1.0064843334257603,0.1411996865645051,1.0592497536633163
1047,0.00035,1.0171889886260033,1.0024481266736984,0.14002700615674257,1.0386382212210445
1048,0.00035,1.0301495902240276,1.0075010508298874,0.1435172976925969,1.0517347842175513
1049,0.00035,1.0344119295477867,1.007209800183773,0.14268098678439856,1.0559829354193062
1050,0.00035,1.0201350189745426,1.012999214231968,0.14295195322483778,1.0418245227914305
1051,0.00035,1.0361504554748535,1.0114361494779587,0.14226624835282564,1.057801840947941
1052,0.00035,1.0363528728485107,1.0103024803102016,0.1412249095737934,1.0579711715504527
1053,0.00035,1.0249215438961983,1.0096272751688957,0.13978133630007505,1.046511902762577
1054,0.00035,1.024709738790989,1.007958509027958,0.14018968120217323,1.04627080578357
1055,0.00035,1.0115825906395912,1.0098853521049023,0.14048211742192507,1.0331851188559085
1056,0.00035,1.0306962504982948,1.0060582645237446,0.13898996450006962,1.0522073154337706
1057,0.00035,1.027608409523964,1.0011728405952454,0.13792026974260807,1.0490110690332948
1058,0.00035,1.0253283418715,1.001784361898899,0.1393066579475999,1.0467570956889538
1059,0.00035,1.0256829038262367,1.0045279189944267,0.141450896859169,1.047187971174717
1060,0.00035,1.0260288566350937,1.0033643580973148,0.1403543772175908,1.047499687569216
1061,0.00035,1.0212470665574074,0.9996075853705406,0.140807899646461,1.0426472972612828
1062,0.00035,1.0162470564246178,1.003800805658102,0.13984884321689606,1.0377215609699488
1063,0.00035,1.0286533907055855,1.0100014507770538,0.14326248038560152,1.0502860445249826
1064,0.00035,1.0252187214791775,1.0104941725730896,0.1381312170997262,1.0468099171016365
1065,0.00035,1.0218466371297836,1.0113326162099838,0.14316582214087248,1.043504947675392
1066,0.00035,1.032197017222643,1.0103938393294811,0.13772944081574678,1.05378218841739
1067,0.00035,1.0091993287205696,1.0082898363471031,0.1388719640672207,1.0307538450881837
1068,0.00035,1.0306726954877377,1.0106362774968147,0.13862528186291456,1.0522716738563032
1069,0.00035,1.0201941281557083,1.0035052709281445,0.13561096601188183,1.04162034323439
1070,0.00035,1.0244438275694847,1.0003168061375618,0.13511088863015175,1.0458012725785373
1071,0.00035,1.0275514014065266,1.0047213807702065,0.13623819686472416,1.0490082109905778
1072,0.00035,1.0277946516871452,1.005364816635847,0.1374464277178049,1.0492764122970402
1073,0.00035,1.0182766318321228,1.003792468458414,0.13770517334342003,1.0397295329347251
1074,0.00035,1.0114356502890587,1.0037742927670479,0.13857828546315432,1.0328969189990311
1075,0.00035,1.0199177898466587,1.0017075091600418,0.1377845648676157,1.0413297856785357
1076,0.00035,1.034827634692192,1.0076435580849648,0.1375604048371315,1.0563561099022627
1077,0.00035,1.03118434548378,1.0077256113290787,0.13799903821200132,1.0527188480924816
1078,0.00035,1.0248237550258636,1.011569820344448,0.13825475331395864,1.0464376989658921
1079,0.00035,1.017343994230032,1.0115788727998734,0.13851355947554111,1.038960707280785
1080,0.00035,1.026564083993435,1.006405085325241,0.13975110091269016,1.0480896967090667
1081,0.00035,1.0173303373157978,1.0078016705811024,0.1380803743377328,1.0388671744707971
1082,0.00035,1.0205258950591087,1.0081849098205566,0.1377990497276187,1.042067583752796
1083,0.00035,1.0188644863665104,1.0050008855760098,0.13794991467148066,1.0403440032247455
1084,0.00035,1.0213763825595379,1.0036537162959576,0.13742022030055523,1.0428236590884628
1085,0.00035,1.026660941541195,1.0077690184116364,0.139394317753613,1.0482102650869638
1086,0.00035,1.025651503354311,1.0088133849203587,0.139620216563344,1.0472239732183517
1087,0.00035,1.0186074562370777,1.0068361908197403,0.13698541838675737,1.04011403423734
1088,0.00035,1.0283434316515923,1.004823800176382,0.13560349587351084,1.049795942613855
1089,0.00035,1.0187224000692368,1.007058534771204,0.13618038780987263,1.0402253746427594
1090,0.00035,1.0301647894084454,1.0088780373334885,0.13495359010994434,1.0516918860562148
1091,0.00035,1.0125403851270676,1.0015672333538532,0.13345608673989773,1.0339062906615435
1092,0.00035,1.0262635834515095,1.0048546977341175,0.13613498397171497,1.047722027245909
1093,0.00035,1.0183493047952652,1.0054807513952255,0.13770196121186018,1.0398359394352883
1094,0.00035,1.0215658769011497,1.0054184347391129,0.1363478470593691,1.0430377240665256
1095,0.00035,1.0290973521769047,1.0058544427156448,0.13589770067483187,1.050573418037966
1096,0.00035,1.0232819691300392,1.006746131926775,0.13649643771350384,1.0447818561457096
1097,0.00035,1.0281440205872059,1.0063718855381012,0.13643562234938145,1.0496358145214617
1098,0.00035,1.0174985453486443,1.0120769888162613,0.13786455523222685,1.0391187306772918
1099,0.00035,1.013580221682787,1.011600375175476,0.13627795595675707,1.0351750087458642
1100,0.00035,1.01607271656394,1.0110457614064217,0.13880711141973734,1.037681702906266
1101,0.00035,1.0230176411569118,1.006935965269804,0.13975775428116322,1.0445539380051196
1102,0.00035,1.023874580860138,1.0080795176327229,0.13851112965494394,1.0454212825093419
1103,0.00035,1.0050995834171772,1.005154311656952,0.13961759395897388,1.026598845589906
1104,0.00035,1.0135322399437428,1.005192369222641,0.13709675800055265,1.035007054908201
1105,0.00035,1.0312257036566734,1.0028375051915646,0.13705258071422577,1.0526529795676471
1106,0.00035,1.014705304056406,1.0046116895973682,0.13691332191228867,1.0361666710674762
1107,0.00035,1.0143502838909626,1.0042362250387669,0.13359141815453768,1.0357709225732834
1108,0.00035,1.0131942182779312,1.0097348280251026,0.13552572950720787,1.0347441721335053
1109,0.00035,1.0161009393632412,1.0088892057538033,0.1333957239985466,1.0376126807183028
1110,0.00035,1.0176055021584034,1.0093162581324577,0.13495019264519215,1.0391413292475045
1111,0.00035,1.0202670991420746,1.0102302469313145,0.13437773659825325,1.0418154814466833
1112,0.00035,1.0351761281490326,1.0116346627473831,0.13409424759447575,1.056749763879925
1113,0.00035,1.0118512623012066,1.0105062648653984,0.13562549836933613,1.033417642582208
1114,0.00035,1.0153496451675892,1.0081164464354515,0.13350033573806286,1.0368469774536788
1115,0.00035,0.9961742237210274,1.0066435262560844,0.13535125833004713,1.0176606068294494
1116,0.00035,1.0134564712643623,1.0088713429868221,0.13588881120085716,1.0349927862361072
1117,0.00035,1.0168810598552227,1.0119568221271038,0.13863019831478596,1.0385064982809127
1118,0.00035,1.0118389166891575,1.0053803399205208,0.1364438235759735,1.0333109617233278
1119,0.00035,1.0089012645184994,1.0075255036354065,0.1371683683246374,1.030423458274454
1120,0.00035,1.0143663324415684,1.0058029517531395,0.13665439188480377,1.0358489353954792
1121,0.00035,1.0258933007717133,1.010507732629776,0.13747137319296598,1.0474781691562385
1122,0.00035,1.0065500289201736,1.0063181668519974,0.1375505356118083,1.0280518976133317
1123,0.00035,1.0149526335299015,1.0033627338707447,0.13780792709439993,1.0363979674782604
1124,0.00035,1.017144188284874,1.0050563775002956,0.13683372642844915,1.0386136530991643
1125,0.00035,1.00493798032403,1.001716360449791,0.1367916464805603,1.0263402239978312
1126,0.00035,1.0113871023058891,1.0062790922820568,0.13721938524395227,1.0328848780039699
1127,0.00035,1.012580070644617,1.0040962249040604,0.13436248991638422,1.0340056200418621
1128,0.00035,1.0108541138470173,0.9999612122774124,0.13450587075203657,1.0321983968000858
1129,0.00035,1.0054861046373844,1.005493726581335,0.13510235026478767,1.026947002671659
1130,0.00035,1.0082478821277618,1.0066553577780724,0.13663421850651503,1.0297473314683885
1131,0.00035,1.025762103497982,1.0110713839530945,0.13381043262779713,1.047321635503322
1132,0.00035,1.0120797380805016,1.0099675357341766,0.13489128649234772,1.0336280016601087
1133,0.00035,1.0184461623430252,1.0110937654972076,0.13487958442419767,1.0400168334972113
1134,0.00035,0.997645691037178,1.0063279122114182,0.13426604680716991,1.019114909749478
1135,0.00035,1.0123005099594593,1.0079175159335136,0.13685748539865017,1.033827435132116
1136,0.00035,1.0161596536636353,1.0053295828402042,0.13491319306194782,1.037615377251059
1137,0.00035,1.005482129752636,1.003431774675846,0.13388720713555813,1.0268896373175085
1138,0.00035,1.0008172504603863,1.0034655258059502,0.1377443466335535,1.0222640044428408
1139,0.00035,1.0223293080925941,1.0064242780208588,0.1366552049294114,1.0438243457023053
1140,0.00035,1.0005823709070683,1.001597624272108,0.13555198721587658,1.0219698432646693
1141,0.00035,1.0085425861179829,1.0065592490136623,0.13838945981115103,1.0300576656963676
1142,0.00035,1.0173723623156548,1.0102612227201462,0.13801766280084848,1.038957763398066
1143,0.00035,1.0171144045889378,1.006225947290659,0.13743709214031696,1.0386132944561541
1144,0.00035,1.0057149305939674,1.0060305334627628,0.13819211721420288,1.0272174624353647
1145,0.00035,1.0171380825340748,1.009155735373497,0.13774781301617622,1.0386986753717067
1146,0.00035,1.01730065792799,1.0060937330126762,0.13772732857614756,1.0387998058740051
1147,0.00035,1.0162973329424858,1.0034518092870712,0.13503750693053007,1.0377167441975326
1148,0.00035,1.0208907276391983,1.0067191794514656,0.13479030039161444,1.0423730142321437
1149,0.00035,1.0029036477208138,1.0091635286808014,0.1348600760102272,1.024435519054532
1150,0.00035,1.0161449201405048,1.0141975805163383,0.1337791895493865,1.0377666636463254
1151,0.00035,1.009875725954771,1.0075637809932232,0.1364873107522726,1.0313918746821582
1152,0.00035,1.019871048629284,1.0153673067688942,0.13532585557550192,1.0415316533204169
1153,0.00035,0.9970450550317764,1.011481449007988,0.13398855365812778,1.0186145695485176
1154,0.00035,1.013580098748207,1.0095290169119835,0.13357571605592966,1.035106436247006
1155,0.00035,1.0172474719583988,1.0103714764118195,0.1356037650257349,1.0388109391368925
1156,0.00035,1.0130344443023205,1.0066575594246387,0.13338420120999217,1.0345014375029131
1157,0.00035,1.0096615180373192,1.0012662634253502,0.13449112698435783,1.0310317545756698
1158,0.00035,1.0260002799332142,1.0046972781419754,0.13422666769474745,1.047436492173001
1159,0.00035,0.9892380610108376,1.0034772120416164,0.13441178854554892,1.0106517231371253
1160,0.00035,1.007993746548891,1.009342186152935,0.13622151408344507,1.0295428054127842
1161,0.00035,1.0111063309013844,1.0098125338554382,0.13504248298704624,1.0326530064083634
1162,0.00035,1.0194894075393677,1.0084850117564201,0.13472616579383612,1.0410063694324345
1163,0.00035,1.0127087272703648,1.010379135608673,0.13461050298064947,1.0342624150123447
1164,0.00035,1.0076227709650993,1.0049673020839691,0.13425872009247541,1.0290647042077035
1165,0.00035,1.0018343925476074,1.003439523279667,0.13255370734259486,1.0232287200866268
1166,0.00035,0.9940436445176601,1.0042617172002792,0.13074729219079018,1.0154363517835736
1167,0.00035,1.0087614357471466,1.0070492401719093,0.13102199044078588,1.0302126404549927
1168,0.00035,1.0070370957255363,1.0027679577469826,0.1300575966015458,1.0283930308464915
1169,0.00035,1.0062696859240532,1.0071528069674969,0.13159942254424095,1.0277287362888454
1170,0.00035,1.0223383828997612,1.0098300389945507,0.13387610763311386,1.0438737447559834
1171,0.00035,1.0130577571690083,1.0080247782170773,0.13161616632714868,1.0345344143966213
1172,0.00035,1.0157690159976482,1.0040194876492023,0.13133983640000224,1.0371628041146324
1173,0.00035,1.014192320406437,1.0103420279920101,0.13481006026268005,1.0357472615689038
1174,0.00035,1.0093351379036903,1.0067441500723362,0.13247089181095362,1.0307947298232465
1175,0.00035,1.014462634921074,1.0094804875552654,0.13386776112020016,1.0359909222833814
1176,0.00035,1.0108754262328148,1.0087790340185165,0.1319516310468316,1.0323705232236533
1177,0.00035,1.0027745924890041,1.0077950060367584,0.13276715017855167,1.024258164111525
1178,0.00035,1.0102438628673553,1.0093094781041145,0.1348539968021214,1.031778592397459
1179,0.00035,1.0041753239929676,1.0091997608542442,0.13239363161846995,1.0256832555262372
1180,0.00035,1.011626735329628,1.0106451734900475,0.13386795669794083,1.0331783183664083
1181,0.00035,1.0024806521832943,1.0038415156304836,0.13507552165538073,1.0239082377124578
1182,0.00035,1.011347934603691,1.0092024356126785,0.13579654507339,1.0328899487666785
1183,0.00035,1.0220610909163952,1.0069252103567123,0.13542826753109694,1.0435538777988405
1184,0.00035,1.0073391012847424,1.003793302923441,0.13579496648162603,1.0287729170080273
1185,0.00035,1.0020442828536034,1.00318318977952,0.1376359723508358,1.0234843063727022
1186,0.00035,1.0086350105702877,1.0052530989050865,0.13666057400405407,1.03010667828843
1187,0.00035,1.002621341496706,1.0046604499220848,0.13482849951833487,1.0240628354903312
1188,0.00035,1.007330484688282,1.0053480491042137,0.13654232677072287,1.0288028689380735
1189,0.00035,1.0133388042449951,1.0062555968761444,0.13369706738740206,1.034800886856392
1190,0.00035,1.007965698838234,1.0130269527435303,0.13569245673716068,1.0295831624604763
1191,0.00035,1.0227640569210052,1.0126807019114494,0.13555231411010027,1.0443731941003354
1192,0.00035,1.0043409168720245,1.006315279752016,0.13254848308861256,1.025792707297951
1193,0.00035,1.0020791739225388,1.0087267197668552,0.13527124002575874,1.0236064207181335
1194,0.00035,1.009826485067606,1.009468238800764,0.1325918990187347,1.0313417688338085
1195,0.00035,1.0063997134566307,1.007326528429985,0.13435796834528446,1.0278898237086833
1196,0.00035,1.0242635197937489,1.0110165476799011,0.1340707652270794,1.0458245583996177
1197,0.00035,1.00129334628582,1.0086119174957275,0.1330204764381051,1.0227957894001156
1198,0.00035,1.0017785988748074,1.0070786140859127,0.1331829121336341,1.023252000277862
1199,0.00035,1.009439591318369,1.0098412409424782,0.13195785833522677,1.0309559947205706
1200,0.00035,0.9901717789471149,1.0031444691121578,0.13350156787782907,1.0115696840081365
1201,0.00035,1.0021035708487034,1.0056451112031937,0.1344597451388836,1.023561070524156
1202,0.00035,1.0014466010034084,1.0062833279371262,0.13163636391982436,1.0228886312013492
1203,0.00035,0.9986579604446888,1.007047239691019,0.1340562393888831,1.020139467632398
1204,0.00035,1.0163141712546349,1.0093730613589287,0.13504422269761562,1.0378520747087896
1205,0.00035,1.0109735317528248,1.0064008720219135,0.1330104861408472,1.0324316540546716
1206,0.00035,1.0037753582000732,1.0124350935220718,0.1368325687944889,1.0253923857584595
1207,0.00035,1.0048776976764202,1.0101605132222176,0.13814517110586166,1.0264623596519231
1208,0.00035,0.9872941598296165,1.0067564956843853,0.13180756196379662,1.0087473653629422
1209,0.00035,1.0078171864151955,1.0025628097355366,0.13351032603532076,1.0292035458702595
1210,0.00035,1.0020667761564255,1.0083365552127361,0.13498545065522194,1.0235833617672325
1211,0.00035,1.0076712630689144,1.0080187767744064,0.1358673619106412,1.029190312223509
1212,0.00035,0.9980399422347546,1.0068199709057808,0.13625437673181295,1.0195388854201883
1213,0.00035,1.0030914917588234,1.0080063045024872,0.1362826032564044,1.024614443881437
1214,0.00035,1.019726775586605,1.012749258428812,0.13650904223322868,1.0413468511775137
1215,0.00035,1.0097834542393684,1.0112503543496132,0.1343186367303133,1.031351647693664
1216,0.00035,0.9866372831165791,1.0099149011075497,0.13616405241191387,1.0081972216628492
1217,0.00035,0.997300673276186,1.0082902386784554,0.13183224573731422,1.0187848005071283
1218,0.00035,0.998453039675951,1.011123038828373,0.13169201649725437,1.019992420617491
1219,0.00035,1.0063748583197594,1.0096990689635277,0.1328522665426135,1.027897362364456
1220,0.00035,1.011700239032507,1.0088030099868774,0.13214708026498556,1.0331977700348944
1221,0.00035,1.0010326355695724,1.0064536593854427,0.12989920983090997,1.0224607008555904
1222,0.00035,0.983723308891058,1.0035347305238247,0.1300996821373701,1.0050950003229082
1223,0.00035,0.9988027326762676,1.0075866393744946,0.1307623297907412,1.020262088761665
1224,0.00035,0.9984354041516781,1.006388284265995,0.13039568904787302,1.0198671267274766
1225,0.00035,1.0014551766216755,1.0101644843816757,0.13233751244843006,1.0229818414337932
1226,0.00035,1.0034285187721252,1.0093866810202599,0.13107734732329845,1.0249270258657635
1227,0.00035,1.011550646275282,1.0075558945536613,0.13230284675955772,1.0330247926339506
1228,0.00035,0.9945605993270874,1.0057420060038567,0.13153015868738294,1.0159907410340383
1229,0.00035,1.006524559110403,1.0106014013290405,0.13464601337909698,1.0280830472707747
1230,0.00035,0.9937303103506565,1.009566005319357,0.1326130935922265,1.015247761392966
1231,0.00035,0.9966730661690235,1.0089459121227264,0.13355951011180878,1.018187579512596
1232,0.00035,1.0002874433994293,1.0074202716350555,0.13371817115694284,1.0217730305436998
1233,0.00035,1.0070142038166523,1.0059421434998512,0.13420511316508055,1.0284750978183002
1234,0.00035,1.0012264028191566,1.0055910386145115,0.13422832638025284,1.0226805068552494
1235,0.00035,0.986080314964056,1.0061448439955711,0.13381430972367525,1.0075413549412042
1236,0.00035,0.9977173134684563,1.0043492950499058,0.1319341599009931,1.0191236409684645
1237,0.00035,0.9955422803759575,1.005328044295311,0.13140737311914563,1.016962914993055
1238,0.00035,0.9963643774390221,1.007414124906063,0.13189531723037362,1.017831613109447
1239,0.00035,1.0078826658427715,1.011082150042057,0.13008780730888247,1.0294051869167014
1240,0.00035,1.0019170716404915,1.0105279609560966,0.13004723424091935,1.0234281032020227
1241,0.00035,0.9948275573551655,1.0082366988062859,0.13061059499159455,1.0162983972812072
1242,0.00035,0.9938790276646614,1.0096791088581085,0.13037125766277313,1.0153763224184513
1243,0.00035,1.0005908496677876,1.0073511973023415,0.12860611313953996,1.0220239347452298
1244,0.00035,0.9905683472752571,1.0106276869773865,0.1306362971663475,1.0120872639864682
1245,0.00035,1.0001431442797184,1.0067998357117176,0.1317473454400897,1.0215966144483535
1246,0.00035,0.9819297604262829,1.0049546733498573,0.1315110931172967,1.0033439648244529
1247,0.00035,1.0018396750092506,1.0080484449863434,0.12945468397811055,1.0232951907487586
1248,0.00035,1.0000423789024353,1.00474613904953,0.13094700314104557,1.0214467717148363
1249,0.00035,0.9943732023239136,1.0052261501550674,0.13078624848276377,1.0157855878118427
1250,0.00035,0.9925474673509598,1.0063710175454617,0.1319369780831039,1.0139942574827001
1251,0.00035,0.9992503300309181,1.0071922913193703,0.13065782003104687,1.020700754057616
1252,0.00035,0.9892234615981579,1.0069073587656021,0.13003050070255995,1.0106619137804955
1253,0.00035,0.9987944662570953,1.009858164936304,0.12942973524332047,1.0202859269082547
1254,0.00035,1.0019740834832191,1.009080458432436,0.12748253112658858,1.0234305179631338
1255,0.00035,0.9986965693533421,1.0128207728266716,0.12615702021867037,1.0202145550120623
1256,0.00035,0.9931854531168938,1.0104841589927673,0.1276645609177649,1.0146717819059268
1257,0.00035,0.9962773323059082,1.009795367717743,0.12884020805358887,1.017761641740799
1258,0.00035,0.9931889586150646,1.0083920322358608,0.1263420106843114,1.014620219366625
1259,0.00035,0.9868955984711647,1.0046835727989674,0.12673804815858603,1.00825665040873
1260,0.00035,1.0019317157566547,1.0094362199306488,0.12984908325597644,1.0234189309878274
1261,0.00035,1.003266528248787,1.0081826746463776,0.12999080307781696,1.0247300897724925
1262,0.00035,1.0038390532135963,1.007813647389412,0.12932833703234792,1.025288609531708
1263,0.00035,0.9976832196116447,1.0083870328962803,0.1292440020479262,1.0191434002900497
1264,0.00035,0.9934821277856827,1.0114639922976494,0.12698291894048452,1.0149812368210405
1265,0.00035,1.0081746317446232,1.0095270872116089,0.12704428331926465,1.029635616322048
1266,0.00035,0.9995806850492954,1.0052155777812004,0.12814248818904161,1.02096642148681
1267,0.00035,0.9968231953680515,1.004229586571455,0.127364051528275,1.0181814276147634
1268,0.00035,1.0008479692041874,1.005107093602419,0.1287130294367671,1.0222372413706036
1269,0.00035,0.987104956060648,1.0012452527880669,0.12990188878029585,1.0084288800042123
1270,0.00035,1.001133982092142,1.0091498866677284,0.13113388139754534,1.022628318639472
1271,0.00035,1.0002062991261482,1.0122779943048954,0.1315394937992096,1.0217672539502383
1272,0.00035,1.0042515434324741,1.0118118524551392,0.13424066361039877,1.025830187117681
1273,0.00035,0.9924445152282715,1.0075001902878284,0.1314383465796709,1.0139089024998247
1274,0.00035,1.0036165863275528,1.0109735652804375,0.1311607980169356,1.025147665613331
1275,0.00035,0.9919922053813934,1.0083144567906857,0.13055719062685966,1.0134640664234758
1276,0.00035,0.9971467852592468,1.0098517574369907,0.1324109323322773,1.0186679297313093
1277,0.00035,0.9918201193213463,1.0117280520498753,0.12891449872404337,1.0133438253495843
1278,0.00035,0.9912303276360035,1.0060273706912994,0.12768541555851698,1.0126277292054147
1279,0.00035,0.996166467666626,1.0076639167964458,0.12783177802339196,1.0175980637827888
1280,0.00035,0.9916489012539387,1.0102200582623482,0.1278718989342451,1.013132021408528
1281,0.00035,0.9963342025876045,1.0089337080717087,0.1254548244178295,1.0177674249932172
1282,0.00035,1.007472287863493,1.0113248899579048,0.12663831980898976,1.028965168860741
1283,0.00035,0.9917381443083286,1.0057761073112488,0.1259519779123366,1.013113186233677
1284,0.00035,1.0011540986597538,1.0102544575929642,0.12406624481081963,1.0225998502597213
1285,0.00035,0.9949198625981808,1.010759063065052,0.12469835672527552,1.0163820274267346
1286,0.00035,0.9953577071428299,1.0088447332382202,0.1254905192181468,1.0167895069997759
1287,0.00035,0.974983710795641,1.006179589778185,0.12407738622277975,0.9963480764534324
1288,0.00035,0.9848015271127224,1.0077433064579964,0.12581465812399983,1.0062145398231224
1289,0.00035,1.0029684863984585,1.0116167813539505,0.1272134343162179,1.0244729563686996
1290,0.00035,0.9779415316879749,1.007563091814518,0.12747121509164572,0.9993675056751817
1291,0.00035,0.9961462132632732,1.0059633702039719,0.12685449281707406,1.0175340255955234
1292,0.00035,0.9840057641267776,1.0034727305173874,0.12765696458518505,1.0053517883829772
1293,0.00035,0.9991829246282578,1.0065865628421307,0.12876785639673471,1.0206023344490676
1294,0.00030539716210730274,0.9875699877738953,1.0077737122774124,0.12756447540596128,1.0090011067735032
1295,0.0002742354395634218,0.9818080924451351,1.0075307302176952,0.12846101447939873,1.0032433171942832
1296,0.00025088699058892666,0.9956899471580982,1.0070938766002655,0.1292416569776833,1.0171242412598802
1297,0.00023255200333628347,0.9880882576107979,1.0103719308972359,0.12854825658723712,1.009581178794615
1298,0.00021765995878678958,0.9910406209528446,1.007520206272602,0.1312551866285503,1.0125035769445823
1299,0.00020525272593139036,0.9795919992029667,1.0063188076019287,0.12855192553251982,1.0010038946103306
1300,0.00019470821261334968,0.9823835156857967,1.0100573599338531,0.12941279355436563,1.0038787908200175
1301,0.00018560259025309427,0.9761909581720829,1.0077853202819824,0.12882552295923233,0.9976349198073149
1302,0.00017763581180799384,0.9815441034734249,1.0105421543121338,0.12930594058707356,1.0030480059655382
1303,0.00017058870111175803,0.9878863543272018,1.0128706842660904,0.1316908705048263,1.0094606767175718
1304,0.0001642969265979639,0.9797985404729843,1.0108671188354492,0.12818276323378086,1.001297710482031
1305,0.00015863453072555375,0.9784624613821507,1.0087393745779991,0.128230816219002,0.9999195570359006
1306,0.00015350312762374806,0.9752214923501015,1.0068025961518288,0.12829650472849607,0.996640509320423
1307,0.0001488245990603894,0.977678831666708,1.007926356047392,0.12653253879398108,0.9991026841755956
1308,0.00014453602411390536,0.982315793633461,1.0089886859059334,0.12704771803691983,1.0037660445319487
1309,0.0001405860776782102,0.9779885597527027,1.0082951113581657,0.12828444596379995,0.999437306439504
1310,0.00013693242003867212,0.9784118123352528,1.0087327472865582,0.12924764584749937,0.9998789437394588
1311,0.00013353977053562604,0.9714621715247631,1.0080892816185951,0.1276291930116713,0.9929002490872517
1312,0.0001303784630670676,0.9757882729172707,1.008497305214405,0.12919514393433928,0.9972501704609021
1313,0.0001274233471789404,0.9736065827310085,1.006744347512722,0.12912829872220755,0.995032752668485
1314,0.00012465294109697132,0.9894516989588737,1.0110879801213741,0.13051779475063086,1.0109786365088076
1315,0.00012204877116392075,0.9775603152811527,1.004742443561554,0.12681874027475715,0.9989233515551313
1316,0.00011959485106061806,0.9724014848470688,1.0067130401730537,0.1277328422293067,0.9938130740728229
1317,0.00011727726714576918,0.9885421246290207,1.013215385377407,0.12662858190014958,1.0100727181555704
1318,0.00011508384527086602,0.9721557535231113,1.009201504290104,0.12795892963185906,0.993619372905232
1319,0.00011300388080244148,0.967733595520258,1.0068339072167873,0.12537094159051776,0.9891239830804989
1320,0.00011102791815253678,0.9729790575802326,1.006684634834528,0.12555266125127673,0.9943682768894359
1321,0.00010914756943368384,0.9735326282680035,1.0083021186292171,0.126827800180763,0.9949669486423954
1322,0.00010735536428915044,0.9585689790546894,1.006395898759365,0.12365329870954156,0.9799334300169721
1323,0.00010564462475637369,0.9775259681046009,1.0089619606733322,0.12398830614984035,0.9989450903795659
1324,0.00010400936037674408,0.9779606387019157,1.0097057297825813,0.12506912229582667,0.9994054445205257
1325,0.00010244417979091414,0.9711950086057186,1.0093006566166878,0.12576098460704088,0.9926386315841227
1326,0.00010094421584249508,0.9824229031801224,1.0146857500076294,0.12679396057501435,1.0039845577860251
1327,9.950506181661319e-05,0.974978044629097,1.0095545053482056,0.12373881135135889,0.9964065228495746
1328,9.812271690835265e-05,0.9842631705105305,1.0153070911765099,0.12443190859630704,1.0058136314200237
1329,9.67935393825246e-05,0.9740933664143085,1.0110662132501602,0.12373344833031297,0.9955520251626149
1330,9.551420617473449e-05,0.966638557612896,1.0091787949204445,0.12357768742367625,0.9880579103855417
1331,9.4281677912422e-05,0.966334156692028,1.0055814683437347,0.12420069146901369,0.9876877929735929
1332,9.309316851695775e-05,0.9690529853105545,1.006513625383377,0.12431859597563744,0.9904264437779784
1333,9.194611869422494e-05,0.970877394080162,1.0113045573234558,0.12475069426000118,0.9923509921692312
1334,9.083817273918339e-05,0.9796078614890575,1.0082015469670296,0.12273576157167554,1.000999250044115
1335,8.976715817567652e-05,0.9653288759291172,1.0099113546311855,0.12541353097185493,0.9867812383314595
1336,8.873106783080774e-05,0.9726672135293484,1.0088547095656395,0.12439320515841246,0.9940882397722453
1337,8.772804400715684e-05,0.9647660814225674,1.0111389309167862,0.12152556236833334,0.9862041156645864
1338,8.675636446872753e-05,0.9750525914132595,1.0103432275354862,0.12058955896645784,0.9964653515536338
1339,8.58144300000083e-05,0.9600504487752914,1.0074834525585175,0.1260375753045082,0.9814604935795068
1340,8.490075333362422e-05,0.9737797603011131,1.009613499045372,0.12413077801465988,0.9952133380621672
1341,8.401394927213831e-05,0.9683242663741112,1.009844109416008,0.1225231783464551,0.9897463803458959
1342,8.315272585472182e-05,0.9809943251311779,1.0103338621556759,0.12116965558379889,1.0024126989301294
1343,8.231587644054088e-05,0.9611207470297813,1.008548267185688,0.12351763155311346,0.9825268886890263
1344,8.15022725985059e-05,0.9582565240561962,1.0061633065342903,0.12173745594918728,0.9795971647463739
1345,8.07108577080804e-05,0.9584576711058617,1.0059176050126553,0.12341357814148068,0.9798101589875297
1346,7.994064118861086e-05,0.9635595120489597,1.0084422677755356,0.1237309817224741,0.9849656672216951
1347,7.919069328549968e-05,0.9613649435341358,1.00576913356781,0.12351635191589594,0.982715489724651
1348,7.84601403508129e-05,0.9657280892133713,1.0082127340137959,0.12362286215648055,0.987128572515212
1349,7.774816056384861e-05,0.9635005034506321,1.0077321864664555,0.1247527482919395,0.9849026746628805
1350,7.705398004400084e-05,0.9884004443883896,1.008213598281145,0.12208274053409696,1.0097855437593535
1351,7.637686931411535e-05,0.9630623199045658,1.0054996125400066,0.1250042445026338,0.9844223546003923
1352,7.571614007759012e-05,0.9709535911679268,1.0060794651508331,0.12328943144530058,0.9923080747853965
1353,7.507114227684917e-05,0.9734872691333294,1.0056454464793205,0.12244648020714521,0.9948246428649873
1354,7.444126140461101e-05,0.9801031202077866,1.0064340382814407,0.12256740778684616,1.001457475051284
1355,7.38259160426718e-05,0.9745961427688599,1.0085292644798756,0.12402723729610443,0.9960070004314184
1356,7.322455560579518e-05,0.9722150415182114,1.0037176683545113,0.1219056248664856,0.9935084511339664
1357,7.263665827080992e-05,0.9542958959937096,1.0044115521013737,0.12193234637379646,0.9756034504994751
1358,7.206172907321116e-05,0.9572928659617901,1.0055147670209408,0.1212081746198237,0.9786152430484072
1359,7.149929815548503e-05,0.967194065451622,1.0090616419911385,0.12508577341213822,0.9886261560255661
1360,7.09489191530681e-05,0.9572578519582748,1.008163120597601,0.12418487155809999,0.9786629630858078
1361,7.041016770534058e-05,0.9680179804563522,1.007258903235197,0.12372070783749223,0.9894003655994311
1362,6.988264008036526e-05,0.9528243951499462,1.0052344761788845,0.12228173995390534,0.9741519020730629
1363,6.936595190324393e-05,0.9576795920729637,1.0075752213597298,0.12332101399078965,0.9790643066400662
1364,6.885973697898957e-05,0.9767685569822788,1.0110676661133766,0.12297571217641234,0.9982196674263104
1365,6.836364620172247e-05,0.9567151218652725,1.006810698658228,0.12201417237520218,0.9780714775621892
1366,6.787734654280755e-05,0.9741404689848423,1.0090390965342522,0.12445293553173542,0.9955657802708447
1367,6.74005201112684e-05,0.9630201533436775,1.0075698569417,0.1245635193772614,0.9844171856762841
1368,6.693286328045526e-05,0.9750559441745281,1.0111900866031647,0.12072943756356835,0.9964870402822271
1369,6.647408587551537e-05,0.9567740298807621,1.008520558476448,0.12365345237776637,0.9781809755740688
1370,6.602391041672537e-05,0.9706492684781551,1.0125306621193886,0.12218728056177497,0.9921217545261606
1371,6.558207141420292e-05,0.9656996130943298,1.0115675702691078,0.12411306193098426,0.9871720951190218
1372,6.514831470992488e-05,0.967830240726471,1.0105370953679085,0.12535299407318234,0.9892945125745609
1373,6.472239686334706e-05,0.9593202620744705,1.007935218513012,0.12255950598046184,0.9807045615045353
1374,6.430408457725168e-05,0.9677878580987453,1.0080070942640305,0.12300714384764433,0.9891780714225024
1375,6.389315416074617e-05,0.962161511182785,1.0069132447242737,0.12151910923421383,0.9835149671696126
1376,6.348939102660536e-05,0.9691092409193516,1.0128694772720337,0.12088249204680324,0.9905754553852603
1377,6.309258922039119e-05,0.9770335853099823,1.0103662461042404,0.12263373332098126,0.9984672475652768
1378,6.27025509790026e-05,0.9706397391855717,1.0098958015441895,0.12346836412325501,0.9920723388576881
1379,6.231908631650632e-05,0.9637896306812763,1.005781378597021,0.1241539497859776,0.9851467977510765
1380,6.194201263527806e-05,0.9645047374069691,1.0077446214854717,0.12413711054250598,0.9859010009421036
1381,6.157115436064632e-05,0.9711981974542141,1.009823027998209,0.12326979450881481,0.9926273559592664
1382,6.120634259737833e-05,0.9537838399410248,1.0091689303517342,0.1247905152849853,0.9752151237009093
1383,6.084741480648138e-05,0.9767432846128941,1.0127818062901497,0.12313692970201373,0.9982302900357172
1384,6.0494214500914806e-05,0.962668351829052,1.0096192210912704,0.1234828638844192,0.9840955648897215
1385,6.014659095891881e-05,0.9670042023062706,1.008671686053276,0.12497089710086584,0.9884273449983447
1386,5.980439895376702e-05,0.9598354920744896,1.009807363152504,0.1226384760811925,0.9812580240983516
1387,5.9467498498842653e-05,0.9697717651724815,1.0099713951349258,0.12315436126664281,0.9912027366878464
1388,5.9135754607021545e-05,0.9688222892582417,1.0108878389000893,0.12375927250832319,0.9902776387613267
1389,5.8809037063422764e-05,0.973436739295721,1.0127851590514183,0.12260024761781096,0.9949184449529275
1390,5.848722021065812e-05,0.9666152708232403,1.009218655526638,0.12425799667835236,0.9880422239005566
1391,5.8170182745776005e-05,0.9597006365656853,1.0070565789937973,0.1239747772924602,0.9810815159184858
1392,5.7857807528154193e-05,0.9637761153280735,1.0102896429598331,0.12272520968690515,0.9852091602841392
1393,5.7549981397651094e-05,0.969784390181303,1.0095563679933548,0.1261806171387434,0.9912373237125575
1394,5.724659500237375e-05,0.967806663364172,1.0108533576130867,0.12403814028948545,0.9892641119193285
1395,5.6947542635467696e-05,0.9597459062933922,1.0090151727199554,0.12354611279442906,0.9811616708757356
1396,5.665272208037524e-05,0.9604822471737862,1.0098033919930458,0.12332028243690729,0.9819115178380162
1397,5.636203446404769e-05,0.9710669107735157,1.008734468370676,0.12368974601849914,0.9924784976011142
1398,5.6075384117632945e-05,0.9682077281177044,1.007211059331894,0.12326825875788927,0.9895846318919211
1399,5.579267844419268e-05,0.9671624042093754,1.008237898349762,0.12296909280121326,0.9885568531043828
1400,5.5513827793033497e-05,0.9600745625793934,1.0098264552652836,0.12268839590251446,0.9814979756437242
1401,5.52387453402651e-05,0.9638320840895176,1.0070483162999153,0.12370461085811257,0.985210096524097
1402,5.49673469752238e-05,0.971453882753849,1.0091555416584015,0.12324936268851161,0.9928694872139022
1403,5.469955119242401e-05,0.9623608402907848,1.0074261650443077,0.12219557911157608,0.9837313193827867
1404,5.443527898872292e-05,0.9615750685334206,1.0076641663908958,0.1224040063098073,0.9829523919243366
1405,5.417445376540291e-05,0.9790392890572548,1.0120536983013153,0.12215306097641587,1.0005018936330452
1406,5.391700123489697e-05,0.9532546326518059,1.0066238045692444,0.12235848791897297,0.9746106936223805
1407,5.366284933189872e-05,0.9562133364379406,1.0079349353909492,0.12367976410314441,0.977608832786791
1408,5.341192812861549e-05,0.9718957506120205,1.0086540877819061,0.12292770994827151,0.9932981094671414
1409,5.31641697539384e-05,0.9709657914936543,1.0085785537958145,0.12160757044330239,0.9923534382740036
1410,5.291950831631708e-05,0.9594184122979641,1.0082311630249023,0.12331790197640657,0.9808162145782262
1411,5.267787983014008e-05,0.957280907779932,1.0095843560993671,0.12233184976503253,0.9786959133995697
1412,5.243922214543424e-05,0.9659272730350494,1.0075432136654854,0.1205997709184885,0.987284135017544
1413,5.220347488070743e-05,0.9534183964133263,1.006423708051443,0.1228662496432662,0.9747755330707877
1414,5.1970579358770274e-05,0.9605197869241238,1.0066588446497917,0.12363141216337681,0.9818892779387534
1415,5.1740478545381465e-05,0.9627599902451038,1.0061020702123642,0.12181116919964552,0.9841001433413477
1416,5.1513116990571425e-05,0.9638255462050438,1.007139764726162,0.1224640286527574,0.9851929817860946
1417,5.128844077250693e-05,0.9516703896224499,1.0076744481921196,0.12245172588154674,0.9730483958451077
1418,5.1066397443767955e-05,0.9635816104710102,1.007649838924408,0.12329009361565113,0.9849675081856548
1419,5.0846935979914865e-05,0.9633536711335182,1.0086097046732903,0.12393477139994502,0.9847652129409835
1420,5.063000673023169e-05,0.9468869492411613,1.0060598105192184,0.12330054771155119,0.9682411509286611
1421,5.0415561370537455e-05,0.9574658386409283,1.0101006031036377,0.12295688781887293,0.9788974195811897
1422,5.020355285796361e-05,0.9698479250073433,1.0083505287766457,0.12468537641689181,0.9912617893470451
1423,4.999393538760163e-05,0.9639559462666512,1.008158691227436,0.12516805855557323,0.9853708006767555
1424,4.9786664350929955e-05,0.9685869850218296,1.0085447616875172,0.12373800668865442,0.9899952603224665
1425,4.9581696295934686e-05,0.9722501747310162,1.0091609954833984,0.12566533777862787,0.9936900480184704
1426,4.9378988888843e-05,0.9466749429702759,1.0058267302811146,0.12307844683527946,0.9680222620442509
1427,4.917850087739282e-05,0.9635570906102657,1.0074738934636116,0.12339024757966399,0.9849404709553347
1428,4.898019205556639e-05,0.9513139575719833,1.0062980204820633,0.12322937091812491,0.9726722116908059
1429,4.878402322971925e-05,0.9615021608769894,1.0070445537567139,0.12338348152115941,0.9828768867673352
1430,4.858995618603987e-05,0.9665826670825481,1.0085365399718285,0.12295765848830342,0.9879829744668677
1431,4.839795365927857e-05,0.9622465074062347,1.0065156482160091,0.1242804117500782,0.9836196244880557
1432,4.82079793026877e-05,0.971313551068306,1.0102066174149513,0.12382015772163868,0.9927558849938214
1433,4.8019997659117796e-05,0.9541370682418346,1.0071370899677277,0.12271897122263908,0.9755069997534156
1434,4.783397413321795e-05,0.9572072401642799,1.0084060356020927,0.12240289011970162,0.9785993897775188
1435,4.764987496469045e-05,0.9639028497040272,1.0131153762340546,0.12370990170165896,0.9854022562457249
1436,4.746766720255294e-05,0.9672730714082718,1.0112008601427078,0.12255005817860365,0.988722589192912
1437,4.728731868036372e-05,0.9621408618986607,1.0078582242131233,0.1228097090497613,0.9835261234734207
1438,4.710879799236755e-05,0.9628844261169434,1.0093799829483032,0.12300355592742562,0.9843020613351837
1439,4.6932074470522106e-05,0.9642945677042007,1.0065042972564697,0.12352419598028064,0.985659895609133
1440,4.675711816236669e-05,0.9638558700680733,1.0100042223930359,0.12272633658722043,0.9852832178818062
1441,4.6583899809697074e-05,0.9570188522338867,1.0083271265029907,0.12297267746180296,0.9784151215385646
1442,4.641239082801207e-05,0.9487159885466099,1.007109634578228,0.1232889611274004,0.9700910708494485
1443,4.62425632866988e-05,0.9594161808490753,1.0087951719760895,0.12400778150185943,0.9808321621036157
1444,4.607438988992569e-05,0.9483360089361668,1.0077165067195892,0.12180859409272671,0.9697084250114859
1445,4.590784395821349e-05,0.9583731591701508,1.009503073990345,0.12390985433012247,0.9798023191932589
1446,4.574289941065597e-05,0.9610379822552204,1.0082561783492565,0.12387190479785204,0.982441824870184
1447,4.557953074776352e-05,0.9737448692321777,1.0122263953089714,0.12329878378659487,0.9952223849762232
1448,4.5417713034903896e-05,0.948054451495409,1.004722449928522,0.12111265771090984,0.9693600270710886
1449,4.525742188631582e-05,0.9448058269917965,1.006529301404953,0.12231915164738894,0.9661596045363694
1450,4.509863344967203e-05,0.9505337923765182,1.0064532831311226,0.12326865643262863,0.9718955446034669
1451,4.4941324391169805e-05,0.9576097317039967,1.0056139677762985,0.12249052710831165,0.9789469163306057
1452,4.478547188112759e-05,0.9783631376922131,1.0088852047920227,0.12325086211785674,0.999773350409232
1453,4.463105358006758e-05,0.9623151123523712,1.006489172577858,0.12406009389087558,0.9836854967428371
1454,4.447804762526519e-05,0.959093451499939,1.0069793686270714,0.12407062062993646,0.9804737450787797
1455,4.432643261774668e-05,0.9646640084683895,1.009284071624279,0.12282015336677432,0.9860778914345428
1456,4.4176187609717744e-05,0.9543326608836651,1.0091895684599876,0.12565190764144063,0.9757729713292793
1457,4.4027292092406066e-05,0.9520385004580021,1.0051602646708488,0.12369215581566095,0.9733786273095757
1458,4.387972598430184e-05,0.9522335343062878,1.0052048861980438,0.12342269765213132,0.9735718590067699
1459,4.37334696197811e-05,0.9538881666958332,1.0060015954077244,0.12122886860743165,0.975220487290062
1460,4.3588503738096954e-05,0.9583355076611042,1.0077916979789734,0.12257557362318039,0.9797170973569155
1461,4.344480947272511e-05,0.964734997600317,1.0101431980729103,0.12473549228161573,0.9861852164845913
1462,4.330236834104992e-05,0.9625122807919979,1.0097326636314392,0.12335762195289135,0.9839405102841556
1463,4.316116223437837e-05,0.9608107171952724,1.0058865547180176,0.12393901217728853,0.9821678384114056
1464,4.302117340826978e-05,0.9671887680888176,1.0096217393875122,0.12202088395133615,0.9886014117160812
1465,4.2882384473169326e-05,0.9678802452981472,1.0079827830195427,0.11964991642162204,0.9892364001227544
1466,4.2744778385334415e-05,0.9578989930450916,1.0113405734300613,0.12076778104528785,0.9793334823241457
1467,4.2608338438042764e-05,0.9670443125069141,1.0092932507395744,0.12398095242679119,0.9884699870459736
1468,4.24730482530724e-05,0.970037329941988,1.0082047581672668,0.12538680294528604,0.9914552931347862
1469,4.2338891772443284e-05,0.9570896960794926,1.0096439681947231,0.12101913010701537,0.9784927667444572
1470,4.220585325041131e-05,0.9671805500984192,1.0083863139152527,0.12345992028713226,0.9885828755795956
1471,4.207391724570562e-05,0.9560684785246849,1.0080083087086678,0.1237758295610547,0.9774664029944689
1472,4.194306861400044e-05,0.9566234461963177,1.0073328986763954,0.12186309834942222,0.9779887351533397
1473,4.181329250061321e-05,0.9551215693354607,1.007724154740572,0.12362995371222496,0.9765123519673944
1474,4.168457433342093e-05,0.9547686502337456,1.0093961209058762,0.12261733319610357,0.9761827459838242
1475,4.1556899815987264e-05,0.9542503170669079,1.0074147321283817,0.12269936921074986,0.975625605401583
1476,4.143025492089258e-05,0.952782828360796,1.0084160044789314,0.12355495197698474,0.9741866979701445
1477,4.130462588326044e-05,0.9565928243100643,1.0081693902611732,0.12329336209222674,0.97798914573621
1478,4.117999919447333e-05,0.9629032164812088,1.0113379135727882,0.12209871085360646,0.9843509618612006
1479,4.1056361596071304e-05,0.9670519046485424,1.00801108404994,0.12334427051246166,0.9884455690346658
1480,4.0933700073827226e-05,0.9632728397846222,1.0085633806884289,0.12271045474335551,0.9846712119458243
1481,4.081200185199269e-05,0.9692698791623116,1.0084928572177887,0.12433397118002176,0.9906830760184676
1482,4.069125438770859e-05,0.9663059264421463,1.009610466659069,0.12245506839826703,0.9877226864593103
1483,4.057144536557526e-05,0.964402861893177,1.0104986056685448,0.12476150784641504,0.9858604490850121
1484,4.045256269237625e-05,0.963471669703722,1.0080410093069077,0.12314088921993971,0.9848638987820596
1485,4.033459449195113e-05,0.9529833048582077,1.0117647275328636,0.12243042839691043,0.9744429036928342
1486,4.021752910021206e-05,0.9569862373173237,1.0080219134688377,0.12229533540084958,0.9783696289407089
1487,4.010135506029957e-05,0.9496780708432198,1.0082887336611748,0.12175920885056257,0.9710614376049488
1488,3.998606111787281e-05,0.9601076431572437,1.0086326450109482,0.12229958642274141,0.9815032919216901
1489,3.987163621653001e-05,0.943508118391037,1.0077336877584457,0.12234853208065033,0.9648862774670124
1490,3.975806949335494e-05,0.9621224775910378,1.0071667283773422,0.12462663976475596,0.9835120785562321
1491,3.9645350274585125e-05,0.959560077637434,1.0094704702496529,0.12049689330160618,0.9809544559754431
1492,3.9533468071398056e-05,0.9557390548288822,1.0099316462874413,0.12195163825526834,0.9771572041371838
1493,3.942241257581158e-05,0.9640713930130005,1.009760245680809,0.12456461740657687,0.9855122441006824
1494,3.931217365669478e-05,0.955582782626152,1.0069290697574615,0.12299701012670994,0.9769513341225684
1495,3.920274135588595e-05,0.9562651962041855,1.0083289742469788,0.12349039921537042,0.9776666796812788
1496,3.909410588441407e-05,0.9512010775506496,1.0061887577176094,0.12072605034336448,0.9725321132084355
1497,3.8986257618820904e-05,0.9506586417555809,1.00846416503191,0.12225086567923427,0.9720504337130114
1498,3.8879187097580096e-05,0.9650038480758667,1.0067503154277802,0.12275989400222898,0.9863664533244446
1499,3.877288501761071e-05,0.9594949670135975,1.0104260742664337,0.12414188357070088,0.9809449073346332
1500,3.866734223088193e-05,0.9527606517076492,1.0070044621825218,0.12198785692453384,0.974120619520545
1501,3.856254974110638e-05,0.967440739274025,1.0081599578261375,0.12273832224309444,0.9888313216529787
1502,3.8458498700519137e-05,0.9564195461571217,1.0069908127188683,0.12193643674254417,0.9777787267789244
1503,3.835518040673998e-05,0.9490334652364254,1.0074828639626503,0.1226469217799604,0.970409591733478
1504,3.8252586299716214e-05,0.9556654617190361,1.0082161352038383,0.1240782612003386,0.9770705670351162
1505,3.8150707958743826e-05,0.9580888897180557,1.0089871138334274,0.12336410488933325,0.9795022730436176
1506,3.8049537099564315e-05,0.9616614244878292,1.008907563984394,0.12315416382625699,0.9830711174057797
1507,3.7949065571535234e-05,0.9579590931534767,1.0066860616207123,0.12344161700457335,0.9793272305559366
1508,3.7849285354872106e-05,0.9597766734659672,1.0068897604942322,0.12385676708072424,0.9811530363466591
1509,3.77501885579595e-05,0.9602825790643692,1.0103109404444695,0.12408732948824763,0.981729671168141
1510,3.765176741472954e-05,0.958855289965868,1.011774018406868,0.12285976856946945,0.9803193680197001
1511,3.7554014282105365e-05,0.9617128744721413,1.0114315375685692,0.12287267995998263,0.9831702320231125
1512,3.745692163750822e-05,0.9612749330699444,1.0088149271905422,0.12345356540754437,0.9826857672678307
1513,3.736048207642583e-05,0.95093559846282,1.007600650191307,0.12427761824801564,0.9723303876491264
1514,3.726468831004052e-05,0.9542569443583488,1.008058089762926,0.12420938117429614,0.9756601999653504
1515,3.7169533162915445e-05,0.9587947688996792,1.0082939304411411,0.12279054708778858,0.9801885529793799
1516,3.707500957073687e-05,0.9611750543117523,1.009743183851242,0.12208789587020874,0.9825907969474792
1517,3.698111057811144e-05,0.9590081870555878,1.004719540476799,0.12253304058685899,0.9803279082709924
1518,3.688782933641638e-05,0.9590856805443764,1.0067862197756767,0.12439233995974064,0.9804653283394874
1519,3.6795159101701414e-05,0.9575042836368084,1.0069644302129745,0.12237997679039836,0.9788673720089719
1520,3.6703093232640816e-05,0.957191925495863,1.0093666091561317,0.1220646952278912,0.9785999046312645
1521,3.6611625188534296e-05,0.9473261162638664,1.0080722123384476,0.1247629588469863,0.9687351900991052
1522,3.6520748527355166e-05,0.9500402547419071,1.0065201632678509,0.1228346535935998,0.9713990045432
1523,3.643045690384469e-05,0.9361580088734627,1.0065211914479733,0.12399159837514162,0.9575283486861735
1524,3.634074406765114e-05,0.9633439444005489,1.0108550786972046,0.123983861412853,0.9848008845886216
1525,3.6251603861512445e-05,0.9583757258951664,1.007072776556015,0.12074114847928286,0.9797245929110796
1526,3.61630302194812e-05,0.9617379531264305,1.0099786072969437,0.1238959114998579,0.983176484387368
1527,3.6075017165190855e-05,0.962424460798502,1.0068351477384567,0.12232113070785999,0.9837843750603497
1528,3.598755881016196e-05,0.9431284517049789,1.008983053267002,0.12328984588384628,0.9645410112291575
1529,3.590064935214738e-05,0.9593813568353653,1.009089570492506,0.12257249606773257,0.9807888732058927
1530,3.581428307351553e-05,0.9675342552363873,1.0091723129153252,0.12352701369673014,0.9889529716316611
1531,3.57284543396703e-05,0.9544297121465206,1.0080154985189438,0.12420595809817314,0.9758320816978813
1532,3.564315759750711e-05,0.9522553272545338,1.0080088153481483,0.12201477447524667,0.9736356513062492
1533,3.55583873739038e-05,0.9632291235029697,1.0081140510737896,0.12263879831880331,0.9846177925076336
1534,3.547413827424557e-05,0.9629671908915043,1.0103119760751724,0.12249476043507457,0.9843983780173585
1535,3.539040498098294e-05,0.9610309675335884,1.0109084323048592,0.12416306091472507,0.9824907667888328
1536,3.5307182252222116e-05,0.9700734801590443,1.0080800950527191,0.12117955181747675,0.9914468775782734
1537,3.5224464920346606e-05,0.9620028659701347,1.0140380933880806,0.12343642860651016,0.9835179921239614
1538,3.514224789066948e-05,0.9621291570365429,1.0109559372067451,0.12117062462493777,0.9835599820269272
1539,3.5060526140115396e-05,0.9576920159161091,1.0085782334208488,0.12282269494608045,0.9790918075339868
1540,3.497929471593149e-05,0.9785344526171684,1.0092767030000687,0.12511117989197373,0.9999710984760896
1541,3.489854873442677e-05,0.9573413208127022,1.0068334564566612,0.12285062717273831,0.9787064962135629
1542,3.481828337973879e-05,0.9605040177702904,1.0109132826328278,0.12164453277364373,0.9819387287506834
1543,3.4738493902627217e-05,0.9540021680295467,1.009967315942049,0.12375106988474727,0.9754390250472352
1544,3.465917561929358e-05,0.9640878364443779,1.0103648081421852,0.1246014628559351,0.9855411472357809
1545,3.458032391022637e-05,0.956180464476347,1.0077819898724556,0.12317990930750966,0.9775679033668713
1546,3.450193421907101e-05,0.9610869884490967,1.0113981664180756,0.12600544514134526,0.9825750062288716
1547,3.4424002051524045e-05,0.9578672088682652,1.0067256838083267,0.1239506583660841,0.9792412291280925
1548,3.434652297425079e-05,0.9497255012392998,1.0074242129921913,0.1217879792675376,0.971091865291819
1549,3.426949261382611e-05,0.9534968920052052,1.0072540789842606,0.12199800228700042,0.9748619536077604
1550,3.419290665569745e-05,0.9454527832567692,1.0076054632663727,0.12137031462043524,0.966818595668301
1551,3.411676084316989e-05,0.9621436148881912,1.008071593940258,0.12423035455867648,0.9835473503125831
1552,3.404105097641232e-05,0.9368222765624523,1.0041426047682762,0.12091849651187658,0.9581143136229366
1553,3.396577291148457e-05,0.9577752090990543,1.0088001191616058,0.12095305183902383,0.9791607420006767
1554,3.3890922559384656e-05,0.9513156749308109,1.0095357969403267,0.12225058162584901,0.9727288966858759
1555,3.381649588511596e-05,0.9590552374720573,1.0085957050323486,0.12508548749610782,0.9804780064476655
1556,3.37424889067735e-05,0.9555324614048004,1.0088632702827454,0.12189651234075427,0.9769286919338629
1557,3.366889769464925e-05,0.9568524546921253,1.0085397139191628,0.12412559799849987,0.9782645049504937
1558,3.359571837035562e-05,0.9578878693282604,1.0073097236454487,0.122090560849756,0.9792549694096669
1559,3.3522947105967e-05,0.9555073902010918,1.0079970583319664,0.12126454105600715,0.9768799767782912
1560,3.3450580123178655e-05,0.9522524401545525,1.0087934471666813,0.12429059064015746,0.9736712150042877
1561,3.3378613692482836e-05,0.9589984007179737,1.009658969938755,0.12227978790178895,0.9804143779957667
1562,3.330704413236148e-05,0.953935019671917,1.0101784877479076,0.12458605552092195,0.9753844499820844
1563,3.323586780849514e-05,0.9586632810533047,1.0097157657146454,0.12093734415248036,0.9800669698091224
1564,3.3165081132987845e-05,0.9446262121200562,1.00695039331913,0.12159593496471643,0.9659811793360858
1565,3.309468056360744e-05,0.9648396447300911,1.0124358236789703,0.12406468437984586,0.9863290080474689
1566,3.30246626030411e-05,0.9598289243876934,1.0076963976025581,0.12437312630936503,0.9812265836028382
1567,3.295502379816557e-05,0.9585402347147465,1.0094299614429474,0.12355465022847056,0.9799643804458902
1568,3.288576073933189e-05,0.9507479406893253,1.007727637887001,0.12172575108706951,0.972119750957936
1569,3.281687005966417e-05,0.9636824950575829,1.0110501050949097,0.12566570658236742,0.9851601542253047
1570,3.2748348434372215e-05,0.9449169561266899,1.0064516328275204,0.12155741592869163,0.9662615629425273
1571,3.2680192580077494e-05,0.9550106786191463,1.007357232272625,0.12290041986852884,0.9763868274632842
1572,3.26123992541524e-05,0.9558242000639439,1.0094164535403252,0.1227336460724473,0.9772398655954748
1573,3.2544965254072234e-05,0.9511220119893551,1.0074646025896072,0.12244881642982364,0.9724957922054455
1574,3.247788741677973e-05,0.956906396895647,1.0071526914834976,0.12414172757416964,0.9782908680010587
1575,3.241116261806197e-05,0.9471439011394978,1.008680172264576,0.1223549754358828,0.968541054339148
1576,3.234478777193915e-05,0.9543567635118961,1.010617844760418,0.12214694358408451,0.9757905898429454
1577,3.227875983006512e-05,0.9588899873197079,1.007845625281334,0.12225185381248593,0.9802694183634594
1578,3.221307578113935e-05,0.9760397374629974,1.0137453973293304,0.12387016555294394,0.9975533470651134
1579,3.2147732650330136e-05,0.9700052253901958,1.012861780822277,0.12391820084303617,0.9915016430150717
1580,3.208272749870866e-05,0.968983817845583,1.0095945075154305,0.12343873269855976,0.9904100953228772
1581,3.2018057422693835e-05,0.9482019990682602,1.0045826062560081,0.12307102791965008,0.9695243614725769
1582,3.195371955350755e-05,0.9653407856822014,1.0115892365574837,0.12305366387590766,0.9868031070521102
1583,3.188971105664013e-05,0.942357063293457,1.0054556652903557,0.12119088601320982,0.9636780854593963
1584,3.182602913132587e-05,0.9552976302802563,1.0086169689893723,0.12322448985651135,0.9767022145586088
1585,3.176267101002825e-05,0.9602249190211296,1.0071597397327423,0.1209474466741085,0.9815775882825256
1586,3.169963395793483e-05,0.952043205499649,1.0076311230659485,0.12146782502532005,0.9734105062112213
1587,3.1636915272461364e-05,0.9561440870165825,1.0075615271925926,0.12125510349869728,0.9775078685954213
1588,3.157451228276518e-05,0.9586563445627689,1.0084767416119576,0.12197848269715905,0.9800456642219797
1589,3.1512422349267436e-05,0.9656139649450779,1.011169571429491,0.12254968052729964,0.9870628531789407
1590,3.14506428631842e-05,0.9565194882452488,1.0082854628562927,0.12256017047911882,0.9779107992071658
1591,3.1389171246066054e-05,0.9603617936372757,1.010094866156578,0.12146996194496751,0.9817783905798569
1592,3.132800494934604e-05,0.948955599218607,1.0072495192289352,0.12391865672543645,0.9703397761704401
1593,3.126714145389595e-05,0.9510648474097252,1.0052896812558174,0.12245186371728778,0.9723951596720144
1594,3.12065782695905e-05,0.9645343385636806,1.0096707828342915,0.12124637654051185,0.9859402179857716
1595,3.114631293487943e-05,0.9664420261979103,1.0121832638978958,0.12502449145540595,0.9879359363904223
1596,3.108634301636731e-05,0.9463370330631733,1.0094611980021,0.12212637905031443,0.9677475208137184
1597,3.102666610840081e-05,0.9466115199029446,1.0062799900770187,0.12310707429423928,0.9679681904474273
1598,3.0967279832663406e-05,0.9613514505326748,1.0085478946566582,0.11980803543701768,0.9827204887801781
1599,3.090818183777727e-05,0.958375159651041,1.0092681273818016,0.12262536445632577,0.9797867758432404
1600,3.0849369798912225e-05,0.967215646058321,1.012854442000389,0.12197190709412098,0.98869245396927
1601,3.0790841417401616e-05,0.9551661163568497,1.0104301050305367,0.1239849696867168,0.9766145681543276
1602,3.073259442036495e-05,0.9542733244597912,1.00788264721632,0.12269983487203717,0.975657975752838
1603,3.067462656033717e-05,0.9598387330770493,1.0101550072431564,0.12202606676146388,0.981262093889527
1604,3.0616935614904446e-05,0.9412920065224171,1.0077296644449234,0.12320786016061902,0.9626786784129218
1605,3.055951938634626e-05,0.9612793102860451,1.0097261294722557,0.12388119054958224,0.982712644780986
1606,3.0502375701283815e-05,0.9677805490791798,1.0108819603919983,0.12360034976154566,0.9892341917846351
1607,3.0445502410334436e-05,0.9581205174326897,1.008617427200079,0.12306736828759313,0.9795235396595672
1608,3.0388897387772044e-05,0.949999488890171,1.0078153312206268,0.12224159762263298,0.9713782114908099
1609,3.033255853119343e-05,0.9547127708792686,1.0085686892271042,0.1222562724724412,0.9761067073885351
1610,3.0276483761190275e-05,0.9546729363501072,1.0118028968572617,0.1222140034660697,0.9761311343219131
1611,3.0220671021026835e-05,0.9565542675554752,1.0066143870353699,0.12326262705028057,0.9779191815666854
1612,3.0165118276322994e-05,0.9600559957325459,1.0083764493465424,0.12299429392442107,0.9814534676587209
1613,3.0109823514742922e-05,0.9630775041878223,1.0084915161132812,0.1217626160942018,0.98446496067103
1614,3.005478474568882e-05,0.9798671007156372,1.014391303062439,0.12448019906878471,1.0013997287675738
