step,learning_rate,ce_loss,ratio_loss,byte_boundary_loss,total_loss
1,2.1739130434782607e-06,5.581848621368408,1.0038650445640087,0.30115155689418316,5.616983500104398
2,4.347826086956521e-06,5.559019178152084,1.0036415718495846,0.30127324908971786,5.594155672043562
3,6.521739130434782e-06,5.488615095615387,0.9995938949286938,0.3007669039070606,5.523645318709313
4,8.695652173913043e-06,5.338408142328262,1.0056972317397594,0.30045137740671635,5.373544655833394
5,1.0869565217391305e-05,5.151342332363129,1.002305794507265,0.29959685914218426,5.186368291210383
6,1.3043478260869564e-05,4.94097027182579,1.0108958519995213,0.2982288394123316,4.976099630836397
7,1.5217391304347825e-05,4.77958482503891,1.0123839937150478,0.29713040217757225,4.81468902502209
8,1.7391304347826085e-05,4.654424786567688,1.0163965225219727,0.29570214822888374,4.689537824429571
9,1.956521739130435e-05,4.558383673429489,1.0277048200368881,0.2937979903072119,4.5936276693455875
10,2.173913043478261e-05,4.459445029497147,1.0399837866425514,0.2915537916123867,4.494822394810617
11,2.391304347826087e-05,4.4449762403965,1.0499508753418922,0.2888513207435608,4.480417823940515
12,2.6086956521739128e-05,4.410497039556503,1.0643383711576462,0.28561894223093987,4.446064754091203
13,2.8260869565217392e-05,4.371120512485504,1.0846011713147163,0.2816437426954508,4.406894723046571
14,3.043478260869565e-05,4.295583188533783,1.078166238963604,0.27676551043987274,4.330984788835049
15,3.260869565217392e-05,4.232145994901657,1.0771579295396805,0.27155186235904694,4.267266746610403
16,3.478260869565217e-05,4.135051786899567,1.1043124124407768,0.26561047323048115,4.170418558809906
17,3.695652173913043e-05,4.094812631607056,1.1189797446131706,0.2606861349195242,4.130226533245295
18,3.91304347826087e-05,4.015448063611984,1.1512416899204254,0.255263589322567,4.051236076876521
19,4.130434782608695e-05,3.9883752912282944,1.1803020685911179,0.2516809683293104,4.024565381016583
20,4.347826086956522e-05,3.948086366057396,1.236976183950901,0.24785267375409603,3.985218523424119
21,4.5652173913043474e-05,3.863723248243332,1.3233916908502579,0.24501177947968245,3.902441671034321
22,4.782608695652174e-05,3.871052175760269,1.374788649380207,0.24414680339396,3.910755288917571
23,5e-05,3.8108819723129272,1.4028714820742607,0.2436186708509922,3.851120335496962
24,5.2173913043478256e-05,3.708459436893463,1.416656255722046,0.244724465534091,3.7490287852846085
25,5.434782608695652e-05,3.6400861144065857,1.4272801131010056,0.2471459088847041,3.680989012112841
26,5.6521739130434784e-05,3.5745332092046738,1.4351100027561188,0.25054511427879333,3.6157626649737358
27,5.8695652173913045e-05,3.5163178890943527,1.4379160702228546,0.2559222485870123,3.5578723229281604
28,6.08695652173913e-05,3.4173742681741714,1.4374554827809334,0.2618309296667576,3.459214924313128
29,6.304347826086956e-05,3.3736703395843506,1.436287060379982,0.2682214714586735,3.415807154364884
30,6.521739130434783e-05,3.3252812922000885,1.4320518746972084,0.27425916120409966,3.3676352877542377
31,6.73913043478261e-05,3.2917007505893707,1.4280997812747955,0.277887811884284,3.334157136809081
32,6.956521739130434e-05,3.252768948674202,1.4230928868055344,0.2815725300461054,3.295309432912618
33,7.17391304347826e-05,3.2260933965444565,1.4154756367206573,0.2839100621640682,3.2685984123870733
34,7.391304347826086e-05,3.145668938755989,1.2210339307785034,0.2885270696133375,3.184515970852226
35,7.608695652173914e-05,3.0900491178035736,1.1702596619725227,0.2905612662434578,3.127982374355197
36,7.82608695652174e-05,3.046866297721863,1.069156974554062,0.2902937736362219,3.082764125894755
37,8.043478260869565e-05,3.0518593043088913,1.047478698194027,0.2871510796248913,3.0871664322540164
38,8.26086956521739e-05,2.9746348708868027,1.0453488230705261,0.28377835638821125,3.0097307651676237
39,8.478260869565218e-05,2.952935054898262,1.2377371415495872,0.2762404531240463,2.991501820385456
40,8.695652173913044e-05,2.8857514709234238,1.3446232452988625,0.27080708369612694,2.9261842900142074
41,8.91304347826087e-05,2.8835038244724274,1.3250910341739655,0.2660513799637556,2.9233082141540945
42,9.130434782608695e-05,2.8602565228939056,1.2992587238550186,0.2626848965883255,2.899375942200422
43,9.347826086956521e-05,2.828028157353401,1.2685895040631294,0.2581424005329609,2.8663070674613116
44,9.565217391304348e-05,2.734221249818802,1.2343277782201767,0.2547082379460335,2.771643217280507
45,9.782608695652174e-05,2.7465368062257767,1.2025423869490623,0.24860135931521654,2.7830177219305186
46,0.0001,2.6901481449604034,1.183640792965889,0.24253199994564056,2.725947560817003
47,0.00010217391304347825,2.6623863726854324,1.1594721898436546,0.2365737548097968,2.697404504222795
48,0.00010434782608695651,2.667156934738159,1.1400460749864578,0.23182270117104053,2.7015489912964403
49,0.00010652173913043477,2.6196547150611877,1.1224068254232407,0.22524963598698378,2.6533653333690017
50,0.00010869565217391303,2.618687614798546,1.093314953148365,0.21672058571130037,2.651389943147078
51,0.00011086956521739131,2.5523052513599396,1.0742772296071053,0.20978898648172617,2.584280245276168
52,0.00011304347826086957,2.544992744922638,1.048263542354107,0.20322429854422808,2.576119230696931
53,0.00011521739130434783,2.527465581893921,1.0049926303327084,0.1956964833661914,2.5573502586688845
54,0.00011739130434782609,2.5004870295524597,0.9980649203062057,0.18760252185165882,2.5298284540511666
55,0.00011956521739130435,2.4817001968622208,1.003663718700409,0.18155457638204098,2.5108512000553307
56,0.0001217391304347826,2.4564597606658936,1.0060315504670143,0.1779302740469575,2.4854769053775816
57,0.00012391304347826086,2.441711649298668,1.0102379210293293,0.1730155311524868,2.4705671842768786
58,0.00012608695652173912,2.4076608270406723,1.0151250399649143,0.16801760997623205,2.436364208338782
59,0.00012826086956521738,2.395597964525223,1.0151663348078728,0.16191610787063837,2.423997096614912
60,0.00013043478260869567,2.3816175758838654,1.0207632966339588,0.16085873637348413,2.410075778635219
61,0.00013260869565217393,2.3718847930431366,1.025042038410902,0.1588470647111535,2.400327987046912
62,0.0001347826086956522,2.3345516324043274,1.0294218100607395,0.15490263514220715,2.3628852003626526
63,0.00013695652173913042,2.3317311704158783,1.0278065204620361,0.1511206952854991,2.359843335589394
64,0.00013913043478260868,2.304377645254135,1.018815379589796,0.148486758582294,2.3321782907750457
65,0.00014130434782608694,2.293994575738907,1.0150166749954224,0.14984048064798117,2.3217869332712144
66,0.0001434782608695652,2.250436380505562,1.0143036767840385,0.14374651946127415,2.277909780014306
67,0.00014565217391304347,2.258181869983673,1.0110388286411762,0.1418735645711422,2.2854963247850537
68,0.00014782608695652173,2.241141155362129,1.0072838850319386,0.1420409670099616,2.268388881413266
69,0.00015000000000000001,2.222016379237175,1.0081094093620777,0.13774536736309528,2.249065835792571
70,0.00015217391304347827,2.1809365898370743,1.0107314363121986,0.13155039679259062,2.207728738402948
71,0.00015434782608695654,2.162313625216484,1.0047753304243088,0.1280979779548943,2.188814030722715
72,0.0001565217391304348,2.1797149628400803,1.011586643755436,0.12543860450387,2.206218625940383
73,0.00015869565217391303,2.105382576584816,1.0114857256412506,0.11990044917911291,2.1316073135565965
74,0.0001608695652173913,2.1015524864196777,1.0130937173962593,0.11481156339868903,2.1275549389375374
75,0.00016304347826086955,2.1113250106573105,1.025471642613411,0.11224273033440113,2.1374465800262987
76,0.0001652173913043478,2.085053876042366,1.0368055179715157,0.11019527073949575,2.1112997499387713
77,0.00016739130434782607,2.10092930495739,1.0477006509900093,0.1056789243593812,2.127167264195159
78,0.00016956521739130436,2.0622996762394905,1.0492201298475266,0.10012456448748708,2.088290307060815
79,0.00017173913043478262,2.0402825102210045,1.0326966121792793,0.09641526080667973,2.0657572055049243
80,0.00017391304347826088,2.039625823497772,1.039311207830906,0.09664003970101476,2.065244049639441
81,0.00017608695652173914,2.0222407057881355,1.0314068794250488,0.0897253300063312,2.047355109876953
82,0.0001782608695652174,2.0014201179146767,1.016936145722866,0.08881680900231004,2.0261996812792495
83,0.00018043478260869564,1.992079496383667,1.012194998562336,0.08753613848239183,2.0167002032790333
84,0.0001826086956521739,2.006556808948517,1.0109731554985046,0.08388746902346611,2.03097064550966
85,0.00018478260869565216,1.9963457807898521,1.0085398107767105,0.08313465071842074,2.020673309541307
86,0.00018695652173913042,1.986693263053894,1.0120674893260002,0.0779566946439445,2.0108324475726116
87,0.0001891304347826087,1.9534566402435303,1.0096705481410027,0.07740147039294243,1.9775201247259975
88,0.00019130434782608697,1.9569655507802963,1.0088400170207024,0.07613603584468365,1.9809491529129446
89,0.00019347826086956523,1.949133038520813,1.0082074776291847,0.07457692502066493,1.97302603432443
90,0.0001956521739130435,1.9341300949454308,1.0106932371854782,0.07367161475121975,1.9580275404267014
91,0.00019782608695652172,1.9253372624516487,1.0080265551805496,0.07376195164397359,1.9491858911374584
92,0.0002,1.9120004922151566,1.010864518582821,0.07186848390847445,1.9358112067822366
93,0.00020217391304347827,1.9114831537008286,1.0084480121731758,0.07154474966228008,1.9352293514274062
94,0.0002043478260869565,1.9023668691515923,1.0108290910720825,0.06945541594177485,1.9260562217701227
95,0.0002065217391304348,1.8812458738684654,1.0124609544873238,0.06766917207278311,1.9048785515618512
96,0.00020869565217391303,1.8905354142189026,1.0174434930086136,0.06677975272759795,1.9142232717154548
97,0.0002108695652173913,1.8821026012301445,1.0245612263679504,0.06460929871536791,1.9058242906932719
98,0.00021304347826086955,1.8613603711128235,1.0215318650007248,0.06265872716903687,1.8849239447712898
99,0.00021521739130434783,1.8635611310601234,1.0235455334186554,0.06188550032675266,1.8871263167448342
100,0.00021739130434782607,1.8486597761511803,1.0177562832832336,0.06091054296121001,1.8720604289649054
101,0.00021956521739130436,1.84785445779562,1.0178403779864311,0.057914636097848415,1.871106997160241
102,0.00022173913043478262,1.8244440406560898,1.013204149901867,0.05720420740544796,1.8475683340243996
103,0.00022391304347826085,1.8356224074959755,1.0150099396705627,0.05552210658788681,1.8586987116187812
104,0.00022608695652173914,1.8092352449893951,1.0125285685062408,0.05325334402732551,1.8321484835608863
105,0.00022826086956521737,1.8183283805847168,1.013651266694069,0.054144754307344556,1.8413086436339654
106,0.00023043478260869566,1.820603609085083,1.012296847999096,0.05192515393719077,1.8434458037419243
107,0.0002326086956521739,1.776931069791317,1.0176774263381958,0.04872131533920765,1.7997206840850413
108,0.00023478260869565218,1.802852250635624,1.017861969769001,0.0482051488943398,1.8256197474757208
109,0.00023695652173913041,1.768052726984024,1.016863003373146,0.046528472332283854,1.7907164106681013
110,0.0002391304347826087,1.7796584069728851,1.0158118903636932,0.044264584546908736,1.8021878740075044
111,0.00024130434782608696,1.764933705329895,1.0146185010671616,0.046353529673069715,1.7875437518348918
112,0.0002434782608695652,1.7677029892802238,1.014822967350483,0.04703447478823364,1.7903511723666452
113,0.0002456521739130435,1.7578149810433388,1.0137334391474724,0.04289959976449609,1.7802346298145129
114,0.0002478260869565217,1.7583136931061745,1.0158784613013268,0.041274444200098515,1.7806949845422058
115,0.00025,1.7322838380932808,1.0146220549941063,0.03946835547685623,1.7545496969670058
116,0.00025217391304347824,1.7227548211812973,1.0170119032263756,0.039461832493543625,1.745068150870502
117,0.0002543478260869565,1.7378413081169128,1.016011320054531,0.037381155882030725,1.7600305923121051
118,0.00025652173913043476,1.7244012951850891,1.01299799233675,0.03633935679681599,1.7464782228716649
119,0.00025869565217391305,1.7384442761540413,1.0161363631486893,0.03699874714948237,1.7606169407744892
120,0.00026086956521739134,1.7073396146297455,1.0155959278345108,0.03523201053030789,1.729413133712951
121,0.00026304347826086957,1.7046495079994202,1.014061413705349,0.03478790773078799,1.7266701316600666
122,0.00026521739130434786,1.695900559425354,1.0137322768568993,0.03342904523015022,1.7178466572239997
123,0.0002673913043478261,1.7173231467604637,1.0134397521615028,0.03328011755365878,1.7392559476813767
124,0.0002695652173913044,1.6808388456702232,1.0150420293211937,0.03173833363689482,1.7027266029384918
125,0.0002717391304347826,1.6646002754569054,1.0174398198723793,0.0308010617736727,1.6864891249430365
126,0.00027391304347826085,1.6827305033802986,1.0138716772198677,0.029614666593261063,1.7044886702543591
127,0.00027608695652173913,1.6569975838065147,1.0171256214380264,0.030558725469745696,1.6788680325087626
128,0.00027826086956521737,1.665111929178238,1.0153884813189507,0.028651745291426778,1.6868522860691881
129,0.00028043478260869565,1.6491803154349327,1.0150198489427567,0.027932221302762628,1.670877323478926
130,0.0002826086956521739,1.6439019069075584,1.0159620717167854,0.02744570013601333,1.6655934333486948
131,0.0002847826086956522,1.6415756791830063,1.0124181061983109,0.026843454339541495,1.6631662140239496
132,0.0002869565217391304,1.6274025216698647,1.0130024701356888,0.024987163487821817,1.6489119292469696
133,0.0002891304347826087,1.636861965060234,1.0132941901683807,0.024376349290832877,1.6583466663281432
134,0.00029130434782608693,1.6218084916472435,1.010072536766529,0.024284937768243253,1.6432241892709862
135,0.0002934782608695652,1.6230047047138214,1.0157398879528046,0.024751509772613645,1.6445570779615082
136,0.00029565217391304345,1.6129771694540977,1.0150950253009796,0.022644625511020422,1.6344113012356685
137,0.00029782608695652174,1.5987752303481102,1.013514183461666,0.021070352755486965,1.6200990316551178
138,0.00030000000000000003,1.5998065918684006,1.0136073231697083,0.020967924152500927,1.6211271345394198
139,0.00030217391304347826,1.5948542654514313,1.0139339342713356,0.02091374434530735,1.6161786313541233
140,0.00030434782608695655,1.6060436815023422,1.0109206959605217,0.019997502909973264,1.6272619705670515
141,0.0003065217391304348,1.5856308937072754,1.0138661786913872,0.020112628815695643,1.606913848721888
142,0.00030869565217391307,1.59439105540514,1.0130729153752327,0.019352458068169653,1.6156201366160532
143,0.0003108695652173913,1.5716434568166733,1.012553609907627,0.018539423472248018,1.5928215001884383
144,0.0003130434782608696,1.5949547216296196,1.0117669627070427,0.019438185612671077,1.616161970164394
145,0.0003152173913043478,1.555013321340084,1.012645959854126,0.01921280042733997,1.5762268805585338
146,0.00031739130434782606,1.571854054927826,1.0106283649802208,0.019702362129464746,1.5930517403339037
147,0.00031956521739130435,1.582927830517292,1.009941689670086,0.01946503296494484,1.604099915958941
148,0.0003217391304347826,1.5894571915268898,1.0115127116441727,0.019783074385486543,1.6106765994790475
149,0.00032391304347826087,1.5461640805006027,1.0126483589410782,0.018135846126824617,1.5673238399857656
150,0.0003260869565217391,1.5403657853603363,1.0134223699569702,0.018672769889235497,1.5615678712539376
151,0.0003282608695652174,1.5437273159623146,1.0137223452329636,0.01931322633754462,1.564967424183851
152,0.0003304347826086956,1.5360060930252075,1.0128458067774773,0.01886297995224595,1.5572061581583694
153,0.0003326086956521739,1.5259016826748848,1.01207684725523,0.018501700018532574,1.547068304620916
154,0.00033478260869565214,1.5239284187555313,1.0157349556684494,0.018854334950447083,1.5451858346164227
155,0.00033695652173913043,1.5251324102282524,1.0135168507695198,0.01839250500779599,1.5463223724940327
156,0.0003391304347826087,1.5080247223377228,1.0160896256566048,0.01851196074858308,1.529272112888284
157,0.00034130434782608695,1.527503676712513,1.015461377799511,0.018322210875339806,1.54872901481227
158,0.00034347826086956524,1.5156088545918465,1.0143637508153915,0.01682219805661589,1.536737239510985
159,0.0003456521739130435,1.516531154513359,1.009959876537323,0.01851956930477172,1.5376563305093442
160,0.00034782608695652176,1.4989908188581467,1.0116486474871635,0.017595549812540412,1.520103569298517
161,0.00035,1.5147844180464745,1.0126230418682098,0.01770222093909979,1.5359219899307937
162,0.00035,1.5004804283380508,1.009399339556694,0.017164122429676354,1.5215266212506686
163,0.00035,1.4891852959990501,1.012351892888546,0.017192716826684773,1.5102919696981552
164,0.00035,1.509377844631672,1.011919803917408,0.016712089185602963,1.5304518451693
165,0.00035,1.4900785386562347,1.0137221589684486,0.01700372959021479,1.5112031683151144
166,0.00035,1.4922575131058693,1.0133599266409874,0.016505839943420142,1.51335000363586
167,0.00035,1.5010636448860168,1.0142309442162514,0.01733515749219805,1.522215021644952
168,0.00035,1.486122004687786,1.0134253948926926,0.017619770020246506,1.5072715010866524
169,0.00035,1.4810602515935898,1.0168243199586868,0.01689672260545194,1.5022415741230362
170,0.00035,1.4864622354507446,1.012706145644188,0.016677898354828358,1.5075502532813698
171,0.00035,1.4711988642811775,1.0124803334474564,0.015759929083287716,1.492236467404291
172,0.00035,1.4791740700602531,1.0131452828645706,0.01606950967106968,1.500240451201098
173,0.00035,1.4645461738109589,1.0132800117135048,0.016152837313711643,1.4856194159109144
174,0.00035,1.4790158346295357,1.0084812119603157,0.016117935767397285,1.4999913556571118
175,0.00035,1.45147954672575,1.0104454830288887,0.015209128148853779,1.4724489127937703
176,0.00035,1.4639338701963425,1.0103976726531982,0.01514821092132479,1.4848992341954725
177,0.00035,1.4402479156851768,1.0142920836806297,0.015632215072400868,1.4613153681124096
178,0.00035,1.454215295612812,1.0085020884871483,0.014507675135973841,1.4751107211393537
179,0.00035,1.462830126285553,1.0095278397202492,0.01387872506165877,1.4837146193330408
180,0.00035,1.4402693584561348,1.0114524737000465,0.013358362077269703,1.4611663260339993
181,0.00035,1.4486963003873825,1.014054074883461,0.013621266523841769,1.4696584452112438
182,0.00035,1.454492412507534,1.011457771062851,0.01232953555881977,1.4753380447067321
183,0.00035,1.4310790821909904,1.0126493200659752,0.012832020816858858,1.4519736696331529
184,0.00035,1.4360906332731247,1.0121731609106064,0.01196368335513398,1.4569322806590934
185,0.00035,1.4507679119706154,1.0133206993341446,0.012435721524525434,1.4716561120335245
186,0.00035,1.4343049600720406,1.0154865458607674,0.012022261915262789,1.455215804085019
187,0.00035,1.4247360974550247,1.0155883878469467,0.01206715137232095,1.4456512227805796
188,0.00035,1.4285841211676598,1.013415850698948,0.011881795478984714,1.449446527955588
189,0.00035,1.4315482527017593,1.0130105018615723,0.012995685858186334,1.4524582470319003
190,0.00035,1.419755719602108,1.0076419562101364,0.011817755817901343,1.4404994465172059
191,0.00035,1.4140827730298042,1.0138858705759048,0.012190449982881546,1.4349700129404663
192,0.00035,1.3985979035496712,1.0118472501635551,0.011784226051531732,1.4194240598555188
193,0.00035,1.4062615185976028,1.010546550154686,0.011799690953921527,1.4270624341483926
194,0.00035,1.407329261302948,1.0098883733153343,0.011305135965812951,1.4280922855675453
195,0.00035,1.4075622484087944,1.0103482902050018,0.01082229323219508,1.428310328874504
196,0.00035,1.4055145829916,1.0116877034306526,0.01182118325959891,1.426339396223193
197,0.00035,1.3901355937123299,1.0115281865000725,0.011672996915876865,1.4109498072881252
198,0.00035,1.41140466183424,1.0116298198699951,0.011220865359064192,1.4321983014995932
199,0.00035,1.3716823607683182,1.013576865196228,0.011107994883786887,1.3925092978164322
200,0.00035,1.3877766206860542,1.0079539716243744,0.011693160864524543,1.408520358161768
201,0.00035,1.3841032460331917,1.0165357887744904,0.011280944978352636,1.404998009057599
202,0.00035,1.3652624636888504,1.0148717910051346,0.01083151064813137,1.3861014750413596
203,0.00035,1.394785813987255,1.0105595029890537,0.009939859271980822,1.415493997010635
204,0.00035,1.385617934167385,1.0091462433338165,0.009663130680564791,1.4062840155680896
205,0.00035,1.3667696863412857,1.012858010828495,0.009811291645746678,1.387517411140143
206,0.00035,1.3713850751519203,1.0126197263598442,0.009654325840529054,1.3921201859711436
207,0.00035,1.389945112168789,1.0119145587086678,0.009937373746652156,1.410680272030295
208,0.00035,1.3846734091639519,1.0135341063141823,0.009903676342219114,1.4054392751073466
209,0.00035,1.3761781081557274,1.014586441218853,0.009810190356802195,1.3969603464979445
210,0.00035,1.4027123898267746,1.012308046221733,0.009515328449197114,1.4234343171736692
211,0.00035,1.3809236735105515,1.0103197693824768,0.010834666551090777,1.4016718022257555
212,0.00035,1.3730900436639786,1.0109457075595856,0.009932137036230415,1.3938055646669818
213,0.00035,1.375107392668724,1.00811205804348,0.01027679251274094,1.3957834734552306
214,0.00035,1.3707121014595032,1.0097907036542892,0.009765099559444934,1.3913961705105613
215,0.00035,1.3799428269267082,1.0101298391819,0.009462724614422768,1.4006185599410672
216,0.00035,1.362446703016758,1.011748492717743,0.01006716676056385,1.3831850312091412
217,0.00035,1.3514861315488815,1.0175422057509422,0.010412705014459789,1.3723576109146234
218,0.00035,1.3546854481101036,1.0124034583568573,0.010377116326708347,1.3754523730935762
219,0.00035,1.3642402961850166,1.0094837918877602,0.010409495560452342,1.3849504468007943
220,0.00035,1.3608221337199211,1.0096031576395035,0.011078427021857351,1.381568118223804
221,0.00035,1.3441744297742844,1.0122207552194595,0.010709186783060431,1.3649543042178267
222,0.00035,1.3573490381240845,1.0103713124990463,0.01100369862979278,1.3781066493055552
223,0.00035,1.3525613769888878,1.0089116469025612,0.01055066945264116,1.3732671433995711
224,0.00035,1.3488499373197556,1.0055982917547226,0.010406059387605637,1.3694822061242304
225,0.00035,1.3407296240329742,1.0108759179711342,0.010082241613417864,1.3614512544730677
226,0.00035,1.3200752958655357,1.0143361538648605,0.009895544149912894,1.3408567961503286
227,0.00035,1.3304703533649445,1.00963843613863,0.009775994170922786,1.351151921796263
228,0.00035,1.3402601927518845,1.010620504617691,0.009479265369009227,1.3609465661126887
229,0.00035,1.3574343547224998,1.0093024298548698,0.009962841693777591,1.3781185454042861
230,0.00035,1.3319439962506294,1.0079332739114761,0.009427520504686981,1.3525740377540934
231,0.00035,1.3337536230683327,1.0058843567967415,0.009224639041349292,1.3543325421563348
232,0.00035,1.3474552482366562,1.0047674402594566,0.009442240931093693,1.3680227090884
233,0.00035,1.3267140537500381,1.006940670311451,0.00951637903926894,1.3473286861082305
234,0.00035,1.3465434983372688,1.0076094195246696,0.009663222183007747,1.3671788478369127
235,0.00035,1.3282494693994522,1.0086694210767746,0.008884820039384067,1.348867098822957
236,0.00035,1.3302462622523308,1.009965568780899,0.00930412654997781,1.3509107799554476
237,0.00035,1.3444812893867493,1.008458137512207,0.008737412397749722,1.3650873227568807
238,0.00035,1.3098746687173843,1.0096260234713554,0.009224111505318433,1.3305283947620774
239,0.00035,1.3337004408240318,1.00735280290246,0.009591528621967882,1.3543270733131794
240,0.00035,1.323672853410244,1.0075930505990982,0.009072303015273064,1.3442783295729896
241,0.00035,1.3277049884200096,1.0087667480111122,0.009033819602336735,1.3483320143603488
242,0.00035,1.3119299188256264,1.008943922817707,0.008665732573717833,1.3325420839106663
243,0.00035,1.3115236908197403,1.0129617974162102,0.008972841955255717,1.3322315688658273
244,0.00035,1.3158219680190086,1.0077997967600822,0.008236310008214787,1.336389779454621
245,0.00035,1.3356663957238197,1.010523334145546,0.009555580385494977,1.3563546414260053
246,0.00035,1.296707883477211,1.0093706399202347,0.0085017038800288,1.3173203814696173
247,0.00035,1.3067260831594467,1.0071394704282284,0.008218931878218427,1.3272798191619222
248,0.00035,1.3112037628889084,1.0098310261964798,0.008811244741082191,1.331840945649892
249,0.00035,1.3222767040133476,1.0065332166850567,0.008662412059493363,1.3428404889500234
250,0.00035,1.3079968690872192,1.0102038085460663,0.008649091352708638,1.328633399825776
251,0.00035,1.2987279519438744,1.008648857474327,0.009246292000170797,1.3193632436933693
252,0.00035,1.3255057334899902,1.006210546940565,0.009614491311367601,1.34611066899437
253,0.00035,1.3037843629717827,1.0059519335627556,0.008723338891286403,1.324339568587602
254,0.00035,1.300236165523529,1.0087303444743156,0.008425049221841618,1.3208320248741074
255,0.00035,1.303423210978508,1.0059101060032845,0.008789752027951181,1.3239809006999712
256,0.00035,1.3084425032138824,1.0058538243174553,0.009085371275432408,1.3290138482640033
257,0.00035,1.3053806647658348,1.0071411170065403,0.008527918078470975,1.325949883009889
258,0.00035,1.2925166189670563,1.0091004446148872,0.008275795436929911,1.3131124176312006
259,0.00035,1.2962888106703758,1.0128847286105156,0.00831039113109,1.3169620247991407
260,0.00035,1.309847429394722,1.011289693415165,0.008403518149862066,1.3304933991705183
261,0.00035,1.2834253311157227,1.0107986889779568,0.008278455497929826,1.3040552276701782
262,0.00035,1.2826133146882057,1.0098491534590721,0.008275443222373724,1.3032240699185058
263,0.00035,1.288284495472908,1.0061023570597172,0.008062642678851262,1.3088096747480449
264,0.00035,1.3023074269294739,1.0072238221764565,0.009506921342108399,1.3229272494401085
265,0.00035,1.2988026067614555,1.0074447691440582,0.008026768831769004,1.3193528405859252
266,0.00035,1.2954108193516731,1.0088949874043465,0.007888205931521952,1.3159831293963362
267,0.00035,1.3014875873923302,1.0088200829923153,0.008081226696958765,1.3220680503870244
268,0.00035,1.2865254655480385,1.007740281522274,0.00839892981457524,1.3071002176692128
269,0.00035,1.2922624573111534,1.0095803812146187,0.008566507196519524,1.3128823902952718
270,0.00035,1.3065271005034447,1.0050288960337639,0.008928283350542188,1.327074092591647
271,0.00035,1.290707767009735,1.009206473827362,0.008358505350770429,1.3113098217538208
272,0.00035,1.2882468923926353,1.0112044140696526,0.008682065701577812,1.3089050839591074
273,0.00035,1.2837515696883202,1.0113526955246925,0.008932073367759585,1.304425227267202
274,0.00035,1.278771422803402,1.0128139480948448,0.009198308223858476,1.2994876171764917
275,0.00035,1.2820689752697945,1.0068169832229614,0.008739380136830732,1.3026422839410952
276,0.00035,1.2594890668988228,1.0126380994915962,0.009183873946312815,1.2802010225859703
277,0.00035,1.2831150740385056,1.0065925940871239,0.009592376358341426,1.303726544738165
278,0.00035,1.274852767586708,1.006946638226509,0.009363841789308935,1.2954598924407037
279,0.00035,1.2681918367743492,1.0083383321762085,0.008960906823631376,1.2888066487590548
280,0.00035,1.2663862854242325,1.0057408660650253,0.008970686176326126,1.2869496370543494
281,0.00035,1.2587169483304024,1.0086161345243454,0.00889596319757402,1.279334069180768
282,0.00035,1.2746779844164848,1.0109931081533432,0.009398480702657253,1.2953677706146847
283,0.00035,1.2852301448583603,1.009539969265461,0.008212151878979057,1.3058315518376185
284,0.00035,1.267182543873787,1.008088193833828,0.00806679847300984,1.2877476476741139
285,0.00035,1.286477230489254,1.0081305131316185,0.007835676398826763,1.3070316245718279
286,0.00035,1.2651770636439323,1.0081373304128647,0.008521582174580544,1.2857658893609185
287,0.00035,1.280553936958313,1.0051103308796883,0.00892501644557342,1.3011023943981854
288,0.00035,1.2657014429569244,1.0050034001469612,0.008727799402549863,1.2862379009299911
289,0.00035,1.2568249851465225,1.0082663595676422,0.008493674569763243,1.2774149960663637
290,0.00035,1.2701823711395264,1.0057612918317318,0.00879744128906168,1.2907374690406141
291,0.00035,1.2806643322110176,1.0083583146333694,0.007978433277457952,1.301230420167558
292,0.00035,1.283942274749279,1.007161807268858,0.008275717991637066,1.304499296794238
293,0.00035,1.2727865278720856,1.0074950382113457,0.007992159080458805,1.2933360365903355
294,0.00035,1.272933967411518,1.0094685330986977,0.007818845158908516,1.2935142803314374
295,0.00035,1.2657246738672256,1.0091645792126656,0.008431033929809928,1.2863295171479694
296,0.00035,1.2442620545625687,1.0106513425707817,0.008570882811909541,1.2649036255545798
297,0.00035,1.2634496465325356,1.0058173350989819,0.008704814943484962,1.2840012339816893
298,0.00035,1.2575742974877357,1.008558228611946,0.008234595676185563,1.278157191843784
299,0.00035,1.2544282153248787,1.0078486874699593,0.008683790976647288,1.2750193786231103
300,0.00035,1.2553100287914276,1.003345012664795,0.008774965710472316,1.2758156773302471
301,0.00035,1.2649721801280975,1.0068025141954422,0.008670764451380819,1.2855417686345754
302,0.00035,1.2605282589793205,1.0058204010128975,0.00880655477521941,1.2810849947383396
303,0.00035,1.2547412440180779,1.0060686767101288,0.008530129765858874,1.2752891240405733
304,0.00035,1.2484402135014534,1.006899856030941,0.008892062585800886,1.2690228137513622
305,0.00035,1.2441024109721184,1.009586252272129,0.008240234019467607,1.2647061477185344
306,0.00035,1.2566458582878113,1.0097306668758392,0.008269177720649168,1.2772539305113606
307,0.00035,1.2488021552562714,1.012381549924612,0.0080938680912368,1.2694544796593255
308,0.00035,1.2523719370365143,1.0092594251036644,0.008015194296604022,1.2729578852534176
309,0.00035,1.2488224878907204,1.0083200260996819,0.007938903174363077,1.2693858335714323
310,0.00035,1.241952084004879,1.009381502866745,0.007627027604030445,1.2625210654424155
311,0.00035,1.2431808486580849,1.0075259394943714,0.0079949879727792,1.2637311168466112
312,0.00035,1.2495428621768951,1.0095654502511024,0.007734998682281002,1.2701209211160314
313,0.00035,1.2605893164873123,1.0051356926560402,0.008380774088436738,1.281111069044855
314,0.00035,1.2472207248210907,1.0077727288007736,0.008446732128504664,1.2677985160035314
315,0.00035,1.25046306848526,1.0055014938116074,0.008414859417825937,1.2709938413323836
316,0.00035,1.2378905788064003,1.0085872150957584,0.008202874247217551,1.2584724668206764
317,0.00035,1.2308561876416206,1.009038195014,0.008259174268459901,1.2514499102553236
318,0.00035,1.24809081107378,1.0051450282335281,0.007863171311328188,1.2685868702040168
319,0.00035,1.2538726478815079,1.005324225872755,0.008401237573707476,1.2743991942776483
320,0.00035,1.2406205236911774,1.0076182410120964,0.007639013812877238,1.2611548392020633
321,0.00035,1.239018127322197,1.0091146230697632,0.008324980532051995,1.2596166688101949
322,0.00035,1.2660538330674171,1.0056373588740826,0.008077344711637124,1.2865704474804807
323,0.00035,1.2396317794919014,1.0076320357620716,0.008629778953036293,1.2602159091547946
324,0.00035,1.246166318655014,1.009710781276226,0.008785938785877079,1.2667998312198325
325,0.00035,1.2551556676626205,1.005524568259716,0.008337539242347702,1.2756830359899323
326,0.00035,1.2422649562358856,1.0043357387185097,0.008483574230922386,1.262775849721802
327,0.00035,1.2561603263020515,1.005696278065443,0.008694966381881386,1.2767090001824544
328,0.00035,1.2362728044390678,1.007210236042738,0.00839115830603987,1.2568365670752244
329,0.00035,1.2221971452236176,1.0064438059926033,0.008306292031193152,1.2427413359450294
330,0.00035,1.2351417988538742,1.0091333538293839,0.008497619477566332,1.2557493469043401
331,0.00035,1.2333508133888245,1.0075981691479683,0.008541081217117608,1.2539298308326399
332,0.00035,1.23286834359169,1.0080023594200611,0.008681449515279382,1.253462463255855
333,0.00035,1.2325604930520058,1.0052706822752953,0.008712507493328303,1.2531015320721781
334,0.00035,1.2416324689984322,1.0064978301525116,0.007757841347483918,1.2621503176688564
335,0.00035,1.2347904443740845,1.0088726617395878,0.008591658814111724,1.2553974805495818
336,0.00035,1.2386644631624222,1.0074709095060825,0.00819068745477125,1.2592234157252824
337,0.00035,1.2272400334477425,1.0082650035619736,0.008114312979159877,1.24781104916794
338,0.00035,1.2305543720722198,1.0077454969286919,0.008396734221605584,1.251129118721874
339,0.00035,1.231840193271637,1.008186537772417,0.008412316587055102,1.252424539856438
340,0.00035,1.2300446853041649,1.0076015293598175,0.008006766031030566,1.2505970541929128
341,0.00035,1.2280393242835999,1.008526124060154,0.00806042057229206,1.2486128677934174
342,0.00035,1.226340189576149,1.0030190087854862,0.007853239483665675,1.246793231726042
343,0.00035,1.2353962808847427,1.0056665278971195,0.007953921682201326,1.2559073075267952
344,0.00035,1.2003623619675636,1.006570242345333,0.007829748530639336,1.2208852542410022
345,0.00035,1.226137436926365,1.0065647326409817,0.008118417899822816,1.2466746524741756
346,0.00035,1.212072268128395,1.006662528961897,0.007669671264011413,1.2325890022708337
347,0.00035,1.2096311300992966,1.0069478005170822,0.00779094104655087,1.2301596331619657
348,0.00035,1.2169768810272217,1.0069624036550522,0.00735335677745752,1.2374837969391956
349,0.00035,1.226149208843708,1.0063771456480026,0.00745488321990706,1.2466494959176635
350,0.00035,1.2125249058008194,1.0081287324428558,0.0069510534522123635,1.2330350331222872
351,0.00035,1.2339724823832512,1.008497767150402,0.007353107997914776,1.254510093126155
352,0.00035,1.2401070967316628,1.0057615414261818,0.0071259079850278795,1.2605786229594378
353,0.00035,1.217831552028656,1.0058281049132347,0.007075967238051817,1.2383019124888233
354,0.00035,1.2273354679346085,1.0060350596904755,0.007901494827819988,1.247851243869809
355,0.00035,1.2198728397488594,1.007049571722746,0.007202304695965722,1.2403739464181127
356,0.00035,1.2093446031212807,1.0073019042611122,0.008024074777495116,1.2298918449453777
357,0.00035,1.2156708911061287,1.0066805183887482,0.008774998364970088,1.2362432513921522
358,0.00035,1.2128299996256828,1.0075997449457645,0.008149252767907456,1.2333894571629935
359,0.00035,1.195103995501995,1.0114193074405193,0.007612010260345414,1.2157129821638228
360,0.00035,1.220433920621872,1.0071081034839153,0.00838902618852444,1.2409955340009764
361,0.00035,1.2247363179922104,1.0063887983560562,0.00809294858481735,1.2452687413885726
362,0.00035,1.208327256143093,1.0087755620479584,0.007825996115570888,1.2288940671898307
363,0.00035,1.2118162661790848,1.0081638358533382,0.007382743118796498,1.2323486800520913
364,0.00035,1.2100019603967667,1.0085905902087688,0.007644651137525216,1.2305560047578183
365,0.00035,1.2184332236647606,1.0059082172811031,0.007839898054953665,1.2389433829131304
366,0.00035,1.2110941261053085,1.007007796317339,0.007971216284204274,1.2316328428458656
367,0.00035,1.2122439965605736,1.007251612842083,0.008274124033050612,1.2328027350190678
368,0.00035,1.1896909028291702,1.0080353692173958,0.007774914614856243,1.210240355944261
369,0.00035,1.213810071349144,1.0075982883572578,0.008165778708644211,1.2343703260517214
370,0.00035,1.2184064760804176,1.007636308670044,0.0077981509966775775,1.2389491098036525
371,0.00035,1.20171207934618,1.0084167420864105,0.007834281073883176,1.2222721282416025
372,0.00035,1.200927510857582,1.0060329288244247,0.008304119430249557,1.2214633754055833
373,0.00035,1.21100153028965,1.0075074136257172,0.008592155616497621,1.2315812863429891
374,0.00035,1.2126429751515388,1.006240002810955,0.008256383123807609,1.2331805943639482
375,0.00035,1.2112528681755066,1.008302465081215,0.00823935863445513,1.2318308854088535
376,0.00035,1.207917369902134,1.0076956450939178,0.008571002865210176,1.228499832947273
377,0.00035,1.2095864415168762,1.0048092789947987,0.008168385917088017,1.2300910463926267
378,0.00035,1.2183837667107582,1.0064860135316849,0.008207232865970582,1.2389238486246903
379,0.00035,1.2051496431231499,1.0069709345698357,0.007786313159158453,1.2256783774725046
380,0.00035,1.211136870086193,1.008790634572506,0.00829612638335675,1.231727489096811
381,0.00035,1.192805364727974,1.008332371711731,0.008312865888001397,1.2133876554566085
382,0.00035,1.2030208930373192,1.0073956362903118,0.008033372898353264,1.2235704744080431
383,0.00035,1.2072900012135506,1.006080687046051,0.008062969689490274,1.227814763438946
384,0.00035,1.2040023431181908,1.0074276849627495,0.008404648891882971,1.2245711292620398
385,0.00035,1.204821839928627,1.007017221301794,0.008022067020647228,1.2253632877056952
386,0.00035,1.208264634013176,1.004963468760252,0.008550744416425005,1.2287914406092024
387,0.00035,1.2231891974806786,1.0058426037430763,0.008674633339978755,1.243739781222539
388,0.00035,1.197949007153511,1.0070122629404068,0.008664685883559287,1.2185224867064972
389,0.00035,1.1983063071966171,1.006589762866497,0.008488507592119277,1.218862527833553
390,0.00035,1.2145099714398384,1.005543164908886,0.008154784882208332,1.2350285739821265
391,0.00035,1.1995144709944725,1.0070839039981365,0.00830919574946165,1.2200716088619084
392,0.00035,1.2033527418971062,1.0048696547746658,0.008249971026089042,1.223862633543904
393,0.00035,1.2030176296830177,1.0055532082915306,0.008269758458482102,1.2235421817717724
394,0.00035,1.197129711508751,1.0049252696335316,0.008084148546913639,1.217632424328767
395,0.00035,1.1897645518183708,1.007217861711979,0.007874167640693486,1.2103026174346452
396,0.00035,1.1909199506044388,1.0052875727415085,0.007942535448819399,1.21142282883171
397,0.00035,1.2008236423134804,1.0046739019453526,0.007876608055084944,1.2213109507551416
398,0.00035,1.2154506295919418,1.0037971325218678,0.008050478616496548,1.235929096173204
399,0.00035,1.1851677745580673,1.007069505751133,0.008059694431722164,1.205712149394676
400,0.00035,1.1843494400382042,1.0055158399045467,0.008163467777194455,1.2048679302251548
401,0.00035,1.19363434612751,1.0045316480100155,0.008039818436373025,1.2141269700095292
402,0.00035,1.1882191002368927,1.0072453320026398,0.008176805946277454,1.2087728471742594
403,0.00035,1.200874350965023,1.0068187862634659,0.008186292398022488,1.2214200413101934
404,0.00035,1.1896447613835335,1.0080849900841713,0.007710347301326692,1.2101919785502833
405,0.00035,1.1962773650884628,1.0031883232295513,0.008256149158114567,1.2167539390109596
406,0.00035,1.1851805374026299,1.006483606994152,0.007774900732329115,1.2056989545791295
407,0.00035,1.2002871930599213,1.0060122907161713,0.008081588515779004,1.2208115183000336
408,0.00035,1.1959574967622757,1.0069408975541592,0.007625220343470573,1.2164775757305324
409,0.00035,1.1980254873633385,1.0045672357082367,0.008361045795027167,1.2185348843672545
410,0.00035,1.1935625225305557,1.0047538541257381,0.008302886330056936,1.2140727439295733
411,0.00035,1.1924110725522041,1.005249448120594,0.008186968509107828,1.2129254099400715
412,0.00035,1.1760207116603851,1.0044662728905678,0.008278478926513344,1.1965239610645222
413,0.00035,1.1922942474484444,1.005221165716648,0.00842487922636792,1.212819914724096
414,0.00035,1.1865086033940315,1.006247516721487,0.008127576322294772,1.2070399325445762
415,0.00035,1.190240427851677,1.0062817186117172,0.007705640222411603,1.2107513442350317
416,0.00035,1.1610122099518776,1.0058310367166996,0.007500308158341795,1.1815038460941287
417,0.00035,1.1836447268724442,1.005202256143093,0.007265256514074281,1.2041120348210097
418,0.00035,1.1793196573853493,1.0057052373886108,0.007347524195211008,1.199801138342882
419,0.00035,1.1942027360200882,1.0061476901173592,0.0076413067581597716,1.2147077551603433
420,0.00035,1.190114513039589,1.0048517100512981,0.007499927858589217,1.2105865436335443
421,0.00035,1.1879541501402855,1.0043595135211945,0.007283910614205524,1.2084055359414196
422,0.00035,1.1707961559295654,1.0054512992501259,0.007332895154831931,1.1912718266723095
423,0.00035,1.1896426156163216,1.0064802691340446,0.007730844139587134,1.2101587632059818
424,0.00035,1.1697080731391907,1.0064017996191978,0.007582015183288604,1.190215209890739
425,0.00035,1.1858536899089813,1.0034454986453056,0.007934626541100442,1.2063193312089424
426,0.00035,1.1821382269263268,1.0079813860356808,0.007306305662496015,1.2026631699301653
427,0.00035,1.170219399034977,1.0056010708212852,0.007423810107866302,1.190702610956796
428,0.00035,1.1934454515576363,1.004278402775526,0.007808876951457933,1.2139214634607196
429,0.00035,1.1736574545502663,1.0061873756349087,0.007320931152207777,1.1941472486205746
430,0.00035,1.2031754553318024,1.0034189336001873,0.007538679550634697,1.2236207679813378
431,0.00035,1.1782233864068985,1.0048765502870083,0.008171901223249733,1.198729512473801
432,0.00035,1.1814844608306885,1.0064141154289246,0.0077127373369876295,1.2019983800061163
433,0.00035,1.1840601190924644,1.0037559978663921,0.007727702672127634,1.2045216241833987
434,0.00035,1.1787499636411667,1.0043038353323936,0.008134798903483897,1.1992427802929888
435,0.00035,1.17329740524292,1.0069335103034973,0.008466743747703731,1.193859412636375
436,0.00035,1.155563473701477,1.0096688270568848,0.008187242929125205,1.176166212389071
437,0.00035,1.1677009761333466,1.0081933662295341,0.008272572216810659,1.1882784720687778
438,0.00035,1.164320394396782,1.0050931423902512,0.008162029494997114,1.184830358719337
439,0.00035,1.1682903170585632,1.0046416334807873,0.007942596304928884,1.1887802795434255
440,0.00035,1.1660229787230492,1.0052234828472137,0.008005209529073909,1.1865277088564472
441,0.00035,1.1623949483036995,1.0072003230452538,0.008189818210667,1.182948445675138
442,0.00035,1.1681499779224396,1.0046552196145058,0.008039790613111109,1.1886450718453851
443,0.00035,1.1590805426239967,1.0070088170468807,0.008477740513626486,1.1796446059906158
444,0.00035,1.1755304858088493,1.0053663775324821,0.008586372452555224,1.1960671319821268
445,0.00035,1.1805545687675476,1.0032668337225914,0.00840530582354404,1.2010401707331766
446,0.00035,1.179703027009964,1.0033894516527653,0.008420911297434941,1.200191861607891
447,0.00035,1.1858484521508217,1.0053091160953045,0.008416100346948951,1.2063754394900754
448,0.00035,1.1689102947711945,1.0071282498538494,0.008052425546338782,1.1894554810455884
449,0.00035,1.1681259647011757,1.006362747400999,0.00805320031940937,1.1886558796651663
450,0.00035,1.1733181029558182,1.0049564726650715,0.008071884018136188,1.1938208266100265
451,0.00035,1.1705681830644608,1.0061275660991669,0.007667401107028127,1.1910741044417956
452,0.00035,1.1700064539909363,1.0050088465213776,0.008269494719570503,1.1905201056573425
453,0.00035,1.174486182630062,1.0059313550591469,0.00795324708451517,1.1950024720854706
454,0.00035,1.182726040482521,1.0040927827358246,0.008158584736520424,1.2032158253740635
455,0.00035,1.1730228066444397,1.003902904689312,0.008451289468212053,1.1935234292116366
456,0.00035,1.178231157362461,1.0047442503273487,0.008599178399890661,1.1987560012890026
457,0.00035,1.1892465576529503,1.0044974237680435,0.008848112600389868,1.2097789117583306
458,0.00035,1.1710454821586609,1.0040189549326897,0.008071769581874833,1.1915294497364086
459,0.00035,1.1638029515743256,1.0062367878854275,0.008149681729264557,1.1843351714184973
460,0.00035,1.1578933075070381,1.0054603070020676,0.00829763340880163,1.1784173953175197
461,0.00035,1.1642419174313545,1.004239846020937,0.008186246093828231,1.1847360266564646
462,0.00035,1.1579708084464073,1.003468792885542,0.007925231097033247,1.1784364458589698
463,0.00035,1.1681468412280083,1.0044896341860294,0.007755486614769325,1.1886244082424675
464,0.00035,1.1531483456492424,1.0047982186079025,0.007557337929029018,1.1736221769178519
465,0.00035,1.1546807438135147,1.0085716620087624,0.007394240936264396,1.175221889100503
466,0.00035,1.1727493181824684,1.005420744419098,0.007484691741410643,1.1932319676579208
467,0.00035,1.1635252758860588,1.0045755133032799,0.0074593600002117455,1.1839897541521351
468,0.00035,1.1729436963796616,1.0075068958103657,0.007522784435423091,1.19346997351764
469,0.00035,1.168504759669304,1.0061764903366566,0.007866136176744476,1.1890215962848742
470,0.00035,1.1531460955739021,1.004589468240738,0.007958135684020817,1.1736357917229179
471,0.00035,1.1518922299146652,1.0052181333303452,0.007812123600160703,1.1723871987612802
472,0.00035,1.1539686992764473,1.0040707476437092,0.008227595448261127,1.1744614940017344
473,0.00035,1.1733319982886314,1.0039713680744171,0.008394144795602188,1.1938311328898998
474,0.00035,1.1691370382905006,1.0052393302321434,0.007956774235935882,1.1896396636069404
475,0.00035,1.1649396270513535,1.0070398226380348,0.00828579452354461,1.1854947132302913
476,0.00035,1.154273010790348,1.0086041316390038,0.007998087210580707,1.174844997783657
477,0.00035,1.1560510843992233,1.0052859708666801,0.008013078360818326,1.1765574577345979
478,0.00035,1.160942904651165,1.0045028813183308,0.008077138831140473,1.1814368192190885
479,0.00035,1.1560471802949905,1.0039422139525414,0.007843507861252874,1.1765181999671042
480,0.00035,1.1520427614450455,1.0059959515929222,0.0076870784687343985,1.1725470344003406
481,0.00035,1.1638358607888222,1.0036842785775661,0.00805476150708273,1.1843122844357277
482,0.00035,1.1582736745476723,1.0040368065238,0.008000145346159115,1.1787544179454563
483,0.00035,1.1667110845446587,1.004179835319519,0.00782459374750033,1.187185910938424
484,0.00035,1.155286356806755,1.0050525218248367,0.007958621892612427,1.1757853383378825
485,0.00035,1.1581721529364586,1.0078320913016796,0.007984473399119452,1.178728018432448
486,0.00035,1.163219429552555,1.0043408870697021,0.008357560873264447,1.1837241253376123
487,0.00035,1.1563155204057693,1.0024270042777061,0.008006392483366653,1.176764380115492
488,0.00035,1.1413846984505653,1.0072666555643082,0.00809638062492013,1.1619348505930975
489,0.00035,1.155727431178093,1.0030124485492706,0.007759135594824329,1.1761756369288194
490,0.00035,1.1567877009510994,1.0052126944065094,0.0078984496940393,1.1772868773239316
491,0.00035,1.1546471789479256,1.005747340619564,0.007753282319754362,1.1751497898763046
492,0.00035,1.1492896378040314,1.0051426962018013,0.0073221910279244184,1.1697586012794636
493,0.00035,1.1526633575558662,1.0070520155131817,0.007460085646016523,1.1731774021484307
494,0.00035,1.150974802672863,1.0048195309937,0.007423854083754122,1.1714423859969245
495,0.00035,1.1358752474188805,1.0082459077239037,0.007356613001320511,1.1564079962234246
496,0.00035,1.1520980149507523,1.0037134364247322,0.007806652749422938,1.1725626163167182
497,0.00035,1.1591596081852913,1.0047425664961338,0.007432264421368018,1.1796260727362824
498,0.00035,1.1560111567378044,1.0045387037098408,0.007672300504054874,1.176485545837204
499,0.00035,1.1544644236564636,1.0030677430331707,0.006970128510147333,1.1748742849426344
500,0.00035,1.1478431820869446,1.0045549422502518,0.007350448606302962,1.1683018033622647
501,0.00035,1.1467413753271103,1.0037205591797829,0.007088350976118818,1.167170204059512
502,0.00035,1.1333647146821022,1.0050405487418175,0.0073108692886307836,1.1538310691213702
503,0.00035,1.1543091386556625,1.0036354437470436,0.007723620918113738,1.174768028576509
504,0.00035,1.1516577005386353,1.006577342748642,0.007618110365001485,1.172170152911858
505,0.00035,1.1400179415941238,1.0056726709008217,0.007538126170402393,1.1605083013206605
506,0.00035,1.1565341800451279,1.0078389719128609,0.007572178059490398,1.1770695683863595
507,0.00035,1.1500112488865852,1.004057515412569,0.007248520734719932,1.1704548252315727
508,0.00035,1.1473017558455467,1.0054097846150398,0.007561486592749134,1.167788025867485
509,0.00035,1.1493971422314644,1.0036498941481113,0.007415902684442699,1.1698409352486487
510,0.00035,1.1477925777435303,1.0045074373483658,0.007215104240458459,1.1682434817025205
511,0.00035,1.1516138538718224,1.00235927850008,0.007466775830835104,1.1720343782333655
512,0.00035,1.148834653198719,1.0034148655831814,0.0075537305674515665,1.1692806370387554
513,0.00035,1.140162356197834,1.0039280131459236,0.007537581375800073,1.1606177955295425
514,0.00035,1.1388201862573624,1.0022132396697998,0.007199576677521691,1.1592244298846346
515,0.00035,1.1441834047436714,1.0041310973465443,0.007190435309894383,1.164625548456097
516,0.00035,1.1480852141976357,1.0060447752475739,0.006866907875519246,1.168549455096363
517,0.00035,1.1371479034423828,1.0037521943449974,0.0070026594621594995,1.1575730803023907
518,0.00035,1.1466386914253235,1.0054153874516487,0.0068974734167568386,1.1670918728451942
519,0.00035,1.1561898812651634,1.0030070319771767,0.0069766857486683875,1.1765988561921403
520,0.00035,1.1380574628710747,1.0032356232404709,0.006680232298094779,1.1584561869507888
521,0.00035,1.1484627351164818,1.0046530961990356,0.007343646662775427,1.1689229793736013
522,0.00035,1.1531015262007713,1.0036050453782082,0.007099003094481304,1.1735285772630595
523,0.00035,1.1549758613109589,1.003685001283884,0.0069943312264513224,1.1753992778979592
524,0.00035,1.145929329097271,1.008191078901291,0.007472781173419207,1.1664667897339678
525,0.00035,1.1511447355151176,1.0045674331486225,0.007733679754892364,1.1716227681658347
526,0.00035,1.1381888389587402,1.0051291547715664,0.007992852450115606,1.1586910646766773
527,0.00035,1.1483205258846283,1.004401858896017,0.008046611997997388,1.1688108936624486
528,0.00035,1.1401610523462296,1.0036345459520817,0.008539067435776815,1.16066069663706
529,0.00035,1.149254210293293,1.0043335035443306,0.008344425616087392,1.169758101644984
530,0.00035,1.1381325647234917,1.0043102875351906,0.00858402144513093,1.1586479715464522
531,0.00035,1.1373017877340317,1.0035245902836323,0.008670574112329632,1.1578058082453209
532,0.00035,1.1366283670067787,1.0032948479056358,0.008375334844458848,1.1571130307071142
533,0.00035,1.1385271549224854,1.0051881335675716,0.00838224752806127,1.1590500299702398
534,0.00035,1.136507660150528,1.0037064217031002,0.008118813362671062,1.1569877292527235
535,0.00035,1.1344937533140182,1.0035336650907993,0.00794554510503076,1.1549617038710858
536,0.00035,1.1342438608407974,1.0034499429166317,0.0076561480818782,1.154695667103224
537,0.00035,1.1257185339927673,1.002899892628193,0.007177279272582382,1.1461353958089604
538,0.00035,1.1279218271374702,1.0045965388417244,0.007167079689679667,1.1483721118987888
539,0.00035,1.1399094462394714,1.0033438503742218,0.00716187889338471,1.160334417191625
540,0.00035,1.1308320388197899,1.0052322298288345,0.007268477085744962,1.151300107270654
541,0.00035,1.1385612189769745,1.0042819194495678,0.007690174417803064,1.159031366086856
542,0.00035,1.1297223418951035,1.0046403110027313,0.007102572679286823,1.1501702767491224
543,0.00035,1.1396364197134972,1.0019666105508804,0.007375143468379974,1.1600445090979337
544,0.00035,1.1253835335373878,1.0062080472707748,0.007057042210362852,1.1458605465933214
545,0.00035,1.1425244212150574,1.0027597956359386,0.007276540098246187,1.1629434441326885
546,0.00035,1.131017081439495,1.0033645182847977,0.007282173173734918,1.1514484804638778
547,0.00035,1.134251430630684,1.0040638037025928,0.00736801273887977,1.1547011073416797
548,0.00035,1.1201085224747658,1.0059562250971794,0.007189386786194518,1.140587116316019
549,0.00035,1.1366238743066788,1.0045680105686188,0.006954877404496074,1.157062978388276
550,0.00035,1.136324666440487,1.0034312009811401,0.0067665585374925286,1.1567316183869845
551,0.00035,1.1493744030594826,1.003094855695963,0.006986093882005662,1.1697856048675022
552,0.00035,1.1271979808807373,1.0051778592169285,0.006772407388780266,1.147640158434515
553,0.00035,1.1381089836359024,1.0035421326756477,0.006864551018225029,1.1585230538403266
554,0.00035,1.1472828760743141,1.0043371506035328,0.00721335326670669,1.1677302867497201
555,0.00035,1.1426267623901367,1.0018890500068665,0.0073303359968122095,1.1630310601901146
556,0.00035,1.1264189258217812,1.0064746364951134,0.007259191595949233,1.1469113781314808
557,0.00035,1.1304495707154274,1.0051465891301632,0.0073424520960543305,1.1509196251028335
558,0.00035,1.1265886649489403,1.0046730116009712,0.007199937157565728,1.147042122038838
559,0.00035,1.1362097263336182,1.004208043217659,0.007372002262854949,1.156662487311114
560,0.00035,1.1365501955151558,1.003412801772356,0.0075964310963172466,1.1569982731054187
561,0.00035,1.1390334069728851,1.0025540068745613,0.007568058412289247,1.1594628900309907
562,0.00035,1.140090249478817,1.0020486749708652,0.007926658727228642,1.1605275559145958
563,0.00035,1.139130838215351,1.003879725933075,0.008130440372042358,1.1596149547526147
564,0.00035,1.1238865852355957,1.0054918266832829,0.007923874072730541,1.1443926154728978
565,0.00035,1.1321734860539436,1.0038871094584465,0.007819149555871263,1.1526421857209062
566,0.00035,1.1294424086809158,1.0034667365252972,0.007952589192427695,1.149909372871043
567,0.00035,1.131414145231247,1.0039914771914482,0.00775932680699043,1.1518819411154253
568,0.00035,1.129936195909977,1.003746759146452,0.007912974484497681,1.150406779817131
569,0.00035,1.1195453852415085,1.003484781831503,0.007658934860955924,1.1399980276211863
570,0.00035,1.1381178796291351,1.0024005398154259,0.00771802436793223,1.1585517916438404
571,0.00035,1.1332165971398354,1.004443183541298,0.0073681462672539055,1.153673868124024
572,0.00035,1.122546449303627,1.0054415315389633,0.007412295381072909,1.14302589470346
573,0.00035,1.1226761564612389,1.005922757089138,0.007468546595191583,1.1431680389327812
574,0.00035,1.1305750012397766,1.0058418586850166,0.007509940885938704,1.1510673354577738
575,0.00035,1.1358982101082802,1.0039011649787426,0.007133556646294892,1.1563329112401697
576,0.00035,1.1224253177642822,1.003530751913786,0.007430769182974473,1.1428674712617066
577,0.00035,1.1376363262534142,1.0036997310817242,0.007231198193039745,1.1580718807847006
578,0.00035,1.1243101581931114,1.0042152553796768,0.007592333015054464,1.1447740799514579
579,0.00035,1.122915230691433,1.0017383582890034,0.0073678967601154,1.1433183926952188
580,0.00035,1.1237980648875237,1.0015189945697784,0.0071991974546108395,1.14418840465165
581,0.00035,1.1389589458703995,1.000886220484972,0.007686651573749259,1.1593610028587864
582,0.00035,1.1157507076859474,1.0046436935663223,0.007413103274302557,1.1362142367209889
583,0.00035,1.1130659878253937,1.004212960600853,0.0072540161781944335,1.1335129478463204
584,0.00035,1.1268799528479576,1.0061499923467636,0.007608577900100499,1.147383381589898
585,0.00035,1.1264280304312706,1.0069222524762154,0.007473445555660874,1.1469401477585779
586,0.00035,1.1242101192474365,1.005764726549387,0.00751953775761649,1.144701390666305
587,0.00035,1.1189738065004349,1.002484604716301,0.007616526621859521,1.1394043249258539
588,0.00035,1.1141764894127846,1.0030021890997887,0.007122152135707438,1.1345926408015656
589,0.00035,1.1323619484901428,1.0024408549070358,0.007291218149475753,1.1527753264957574
590,0.00035,1.1286363154649734,1.0020639076828957,0.007210659299744293,1.1490381265836185
591,0.00035,1.122316099703312,1.0035643465816975,0.007289711502380669,1.142751872210065
592,0.00035,1.130895420908928,1.003359567373991,0.007377665053354576,1.1513314955090757
593,0.00035,1.116202101111412,1.0090789645910263,0.007853186660213396,1.1367763397362431
594,0.00035,1.1284740939736366,1.0076458528637886,0.00761370686814189,1.1490076963743197
595,0.00035,1.116864375770092,1.002850230783224,0.007888691819971427,1.137315814976755
596,0.00035,1.1119645088911057,1.003689557313919,0.007593020593049005,1.1324179510670365
597,0.00035,1.1226665824651718,1.0031033530831337,0.007186893519246951,1.143087994202797
598,0.00035,1.1305982246994972,1.0033541060984135,0.0073451407661195844,1.1510325638597714
599,0.00035,1.123093195259571,1.0050140507519245,0.007216573227196932,1.1435543049359695
600,0.00035,1.1293769031763077,1.002562765032053,0.007164491165895015,1.1497863830352435
601,0.00035,1.1254615485668182,1.0038939975202084,0.007079727860400453,1.1458934149102424
602,0.00035,1.1176486983895302,1.0040536262094975,0.006914381141541526,1.1380754899707972
603,0.00035,1.1091263145208359,1.0040865056216717,0.007332245266297832,1.129574656896584
604,0.00035,1.1146971136331558,1.0052067823708057,0.006970725749852136,1.1351497855680646
605,0.00035,1.122010923922062,1.0045100674033165,0.007488647504942492,1.1424755576453753
606,0.00035,1.120800942182541,1.0028610229492188,0.00744223888614215,1.1412302745858325
607,0.00035,1.101298712193966,1.0040280669927597,0.007390149723505601,1.1217487810199964
608,0.00035,1.1185267716646194,1.0017276778817177,0.007454157865140587,1.1389340331155107
609,0.00035,1.1133432909846306,1.0042112059891224,0.007447008014423773,1.1337998655051342
610,0.00035,1.1323581114411354,1.0013124383985996,0.007079455856001005,1.1527383330019076
611,0.00035,1.1252219080924988,1.001651182770729,0.007438263710355386,1.145626844933431
612,0.00035,1.1143950298428535,1.0040580555796623,0.007283277896931395,1.1348403548492934
613,0.00035,1.1147934272885323,1.0026295855641365,0.0073137416038662195,1.1352117060800084
614,0.00035,1.114403858780861,1.0037044622004032,0.007439881039317697,1.134849942076835
615,0.00035,1.1210439801216125,1.0050064958631992,0.0076580246386583894,1.1415270112708096
616,0.00035,1.1160099282860756,1.0046412535011768,0.007436428306391463,1.1364745747714189
617,0.00035,1.1262287274003029,1.0024815313518047,0.007424972078297287,1.146649606631254
618,0.00035,1.129223383963108,1.000716794282198,0.007652118365513161,1.1496203257670277
619,0.00035,1.10173799097538,1.0051799081265926,0.00741294032195583,1.1222122361540097
620,0.00035,1.124167688190937,1.0028683431446552,0.007424953306326643,1.1445963027191466
621,0.00035,1.1187660321593285,1.0051352120935917,0.007518087048083544,1.1392446407536043
622,0.00035,1.118438832461834,1.001672811806202,0.007048767671221867,1.138824727081519
623,0.00035,1.107184037566185,1.0033527798950672,0.0075957359513267875,1.1276308799616528
624,0.00035,1.1055134013295174,1.0053927153348923,0.007357007940299809,1.1259891060332303
625,0.00035,1.099732980132103,1.0055974833667278,0.007017070631263778,1.1201957833310008
626,0.00035,1.1103272214531898,1.0048634856939316,0.006742746219970286,1.130761628478067
627,0.00035,1.102328598499298,1.0022309310734272,0.006517277681268752,1.12269908100483
628,0.00035,1.095265157520771,1.004271760582924,0.006378992286045104,1.1156695423467318
629,0.00035,1.091341681778431,1.0057595409452915,0.006520903727505356,1.1117829177837122
630,0.00035,1.1095841452479362,1.003680344671011,0.006427893240470439,1.12997914680338
631,0.00035,1.1142352595925331,1.0037847310304642,0.006432168942410499,1.134632562660263
632,0.00035,1.115756243467331,1.0015968531370163,0.0068105237442068756,1.1361287067172816
633,0.00035,1.1166942566633224,1.004813227802515,0.00716534472303465,1.1371487884555245
634,0.00035,1.1076845675706863,1.0051383525133133,0.007231960800709203,1.1281489326609881
635,0.00035,1.1191269233822823,1.0040342696011066,0.0069683225301560014,1.139556024900812
636,0.00035,1.1115848943591118,1.0028312988579273,0.007340908021433279,1.132008565737342
637,0.00035,1.108964927494526,1.00271749868989,0.007409156998619437,1.1293897353182547
638,0.00035,1.1175795421004295,1.0034062080085278,0.007590856897877529,1.138027209105494
639,0.00035,1.1188634112477303,1.0034547187387943,0.007529276510467753,1.1393089694480296
640,0.00035,1.1041204258799553,1.003403753042221,0.006977294659009203,1.12453736567375
641,0.00035,1.1105572283267975,1.0032323822379112,0.007279829093022272,1.1309858674262068
642,0.00035,1.10882318764925,1.00400086119771,0.0071666639123577625,1.129261538068822
643,0.00035,1.0929578691720963,1.004637934267521,0.007393429434159771,1.1134202993291547
644,0.00035,1.094366766512394,1.0039377994835377,0.007386446959571913,1.1148148448500432
645,0.00035,1.1063041910529137,1.0014909580349922,0.0071609118895139545,1.126692055808089
646,0.00035,1.1015633791685104,1.0044545717537403,0.007281676720594987,1.122016554439615
647,0.00035,1.1060736775398254,1.0020518377423286,0.007222149462904781,1.1264758217678172
648,0.00035,1.0997258871793747,1.0055764392018318,0.0073953610844910145,1.1202071840176357
649,0.00035,1.1021787449717522,1.0030312724411488,0.0074036533769685775,1.1226095530894236
650,0.00035,1.1031540930271149,1.0043038316071033,0.007248700858326629,1.1236026047021732
651,0.00035,1.1093170866370201,1.0032001584768295,0.007037111208774149,1.1297329453669953
652,0.00035,1.1050061583518982,1.0032542794942856,0.006904026842676103,1.1254164452839177
653,0.00035,1.108274646103382,1.0031189769506454,0.006997405260335654,1.1286868959054117
654,0.00035,1.0985964387655258,1.003911081701517,0.006986682710703462,1.1190239945350913
655,0.00035,1.1036179065704346,1.0040501728653908,0.007051308668451384,1.124051475461165
656,0.00035,1.1034691855311394,1.003586571663618,0.006551417289301753,1.1238684878288767
657,0.00035,1.1131485998630524,1.0036819092929363,0.006860648718429729,1.1335652704848327
658,0.00035,1.1018030568957329,1.0042535066604614,0.006846691539976746,1.1222304616059409
659,0.00035,1.1125157549977303,1.0049036405980587,0.00689557334408164,1.1329586064768955
660,0.00035,1.100711613893509,1.0072655752301216,0.006442533602239564,1.1211790520782232
661,0.00035,1.0989649593830109,1.0022693686187267,0.006766329403035343,1.1193486632255372
662,0.00035,1.1051942855119705,1.0017899610102177,0.006716031668474898,1.1255658863155986
663,0.00035,1.0937244892120361,1.0082850605249405,0.00706938689108938,1.1142436597670893
664,0.00035,1.1029966175556183,1.0028274655342102,0.007266870612511411,1.123416510396928
665,0.00035,1.0999447256326675,1.0036807544529438,0.007317682728171349,1.1203842248581348
666,0.00035,1.0940858200192451,1.0070573054254055,0.006983558676438406,1.1145761440615751
667,0.00035,1.1082937717437744,1.0019819252192974,0.007110982551239431,1.1286889593757223
668,0.00035,1.1074202582240105,1.0048260390758514,0.006852020596852526,1.1278593800353702
669,0.00035,1.0992688834667206,1.0034492015838623,0.006809324870118871,1.1196783337419038
670,0.00035,1.0943739041686058,1.0034981444478035,0.006847885670140386,1.1147862613410688
671,0.00035,1.1058362573385239,1.001900676637888,0.00678873568540439,1.1262137076555518
672,0.00035,1.098009780049324,1.0034190453588963,0.006633941695326939,1.1184098580412685
673,0.00035,1.1030322387814522,1.0038470551371574,0.006621817679842934,1.1234402707681874
674,0.00035,1.0863986164331436,1.006591159850359,0.0064062143210321665,1.1068507503462024
675,0.00035,1.094827063381672,1.0041913576424122,0.006504854070954025,1.1152361332380678
676,0.00035,1.0915075838565826,1.0079901702702045,0.005989292578306049,1.111966851890902
677,0.00035,1.1016459465026855,1.0023736841976643,0.006181552394991741,1.1220024978063885
678,0.00035,1.1021116524934769,1.0020675286650658,0.006356767669785768,1.1224708414502673
679,0.00035,1.1021888479590416,1.0029988065361977,0.006430438545066863,1.1225703460170189
680,0.00035,1.105387069284916,1.0023901276290417,0.0066120526171289384,1.1257654744683532
681,0.00035,1.0805400684475899,1.0031665563583374,0.006548310164362192,1.1009308150829746
682,0.00035,1.1057716086506844,1.0042546391487122,0.006845678668469191,1.1261989853670822
683,0.00035,1.0974207893013954,1.0034057535231113,0.007058575720293447,1.1178418331578723
684,0.00035,1.0994419530034065,1.005865640938282,0.00714477791916579,1.1199165047181305
685,0.00035,1.0949082151055336,1.0034721605479717,0.006804679171182215,1.1153178922750522
686,0.00035,1.0951548144221306,1.0042978785932064,0.006814819324063137,1.1155815129601978
687,0.00035,1.0817275196313858,1.004546981304884,0.006814934371504933,1.1021592059760588
688,0.00035,1.0961877703666687,1.0049415677785873,0.006714803050272167,1.116622341874754
689,0.00035,1.0911639630794525,1.0061596110463142,0.00621233502170071,1.1115977720514638
690,0.00035,1.0941412970423698,1.0049374923110008,0.006615484715439379,1.1145708211243617
691,0.00035,1.1040404438972473,1.0027138590812683,0.006423356477171183,1.1244158889027314
692,0.00035,1.0987827479839325,1.0027035027742386,0.006627879774896428,1.119168212028162
693,0.00035,1.0855960994958878,1.001198261976242,0.006519888323964551,1.1059460591516108
694,0.00035,1.0927038192749023,1.0030309222638607,0.006431250483728945,1.1130860002443659
695,0.00035,1.0909007862210274,1.0039117708802223,0.006216422800207511,1.1112898427786422
696,0.00035,1.0838583409786224,1.0049329437315464,0.0062478861946146935,1.1042693941629842
697,0.00035,1.0899746343493462,1.005577102303505,0.006375333992764354,1.1104049430950544
698,0.00035,1.0831274017691612,1.0047967322170734,0.00629103381652385,1.103537888104329
699,0.00035,1.0944901257753372,1.0038324669003487,0.006379399943398312,1.114885745110514
700,0.00035,1.096423715353012,1.0030675120651722,0.006504784832941368,1.1168103048359626
701,0.00035,1.0921296030282974,1.0042636692523956,0.006671581359114498,1.112548455481301
702,0.00035,1.0820726677775383,1.0059609860181808,0.006612328143091872,1.1025225039050566
703,0.00035,1.0944978520274162,1.0015146806836128,0.006639334111241624,1.1148601123466506
704,0.00035,1.070812165737152,1.0042933858931065,0.006832918763393536,1.091239679393184
705,0.00035,1.0900251120328903,1.0038730055093765,0.006738795491401106,1.110439511917648
706,0.00035,1.0877987146377563,1.0027386732399464,0.006860755471279845,1.1081965258761193
707,0.00035,1.0958092287182808,1.0025927051901817,0.006915981997735798,1.1162068819219713
708,0.00035,1.0950199887156487,1.0055435746908188,0.006696083815768361,1.1154656644002534
709,0.00035,1.096379615366459,1.0042095817625523,0.006745850289007649,1.1168010995161604
710,0.00035,1.0971716195344925,1.0025424621999264,0.006922336673596874,1.1175685856121709
711,0.00035,1.1072680726647377,1.0034049414098263,0.006827061384683475,1.1276775245621684
712,0.00035,1.0871053487062454,1.005930058658123,0.0065869278041645885,1.1075532962696162
713,0.00035,1.096318557858467,1.0021217800676823,0.006507670943392441,1.1166863770069904
714,0.00035,1.0855911150574684,1.003805287182331,0.00631520469323732,1.105982981035777
715,0.00035,1.0810547322034836,1.0040807165205479,0.006369811453623697,1.1014548371065758
716,0.00035,1.0760290026664734,1.0035905130207539,0.006506226258352399,1.0964261242398061
717,0.00035,1.0902699455618858,1.0059735774993896,0.006556712411111221,1.1107172527324292
718,0.00035,1.0953283458948135,1.0035129263997078,0.006521793955471367,1.1157246941205812
719,0.00035,1.0860317796468735,1.005136165767908,0.006668873014859855,1.1064679466129745
720,0.00035,1.0885707885026932,1.0040689036250114,0.006663543434115127,1.108985343746899
721,0.00035,1.0819575190544128,1.0043686516582966,0.006810690596466884,1.102385426617402
722,0.00035,1.0870361477136612,1.002035990357399,0.006803774449508637,1.1074170562432846
723,0.00035,1.079724058508873,1.0029069557785988,0.006725542392814532,1.1001184747440858
724,0.00035,1.0741339027881622,1.004746962338686,0.006894274381920695,1.094573555754032
725,0.00035,1.0855944156646729,1.001856841146946,0.006301394896581769,1.1059466222324408
726,0.00035,1.0884140208363533,1.0036025866866112,0.006507029291242361,1.1088114240346476
727,0.00035,1.0889410302042961,1.0021594911813736,0.006155854614917189,1.1092920127586694
728,0.00035,1.0839421227574348,1.0040293857455254,0.006489527586381882,1.1043471868516646
729,0.00035,1.0831404477357864,1.0033825896680355,0.006427697866456583,1.10352948442247
730,0.00035,1.0804357528686523,1.0060809589922428,0.006586700212210417,1.1008867070591077
731,0.00035,1.0884006917476654,1.003522053360939,0.006536527944263071,1.1087979592120973
732,0.00035,1.0890441611409187,1.0053547322750092,0.00653615064220503,1.1094780633185293
733,0.00035,1.0831832140684128,1.0043838657438755,0.006434970011468977,1.1035926398838638
734,0.00035,1.0858887508511543,1.0033718757331371,0.006451066874433309,1.1062787417095388
735,0.00035,1.0798598676919937,1.0017436295747757,0.006964205851545557,1.1002429505760667
736,0.00035,1.0797106549143791,1.0033813565969467,0.006646509806159884,1.100110607536626
737,0.00035,1.0897426009178162,1.0017875283956528,0.0067541855096351355,1.1101160607612108
738,0.00035,1.0793308392167091,1.002204492688179,0.006854381819721311,1.0997176481614588
739,0.00035,1.0778178051114082,1.0031171925365925,0.006875150807900354,1.0982239065025352
740,0.00035,1.0823270231485367,1.0028565153479576,0.006554596271598712,1.1027118832690759
741,0.00035,1.088828980922699,1.002503164112568,0.006691643502563238,1.1092136263800785
742,0.00035,1.0839040875434875,1.0030964761972427,0.006203107186593115,1.104276172426762
743,0.00035,1.0874580591917038,1.0020948387682438,0.006723582104314119,1.1078361350722843
744,0.00035,1.0775814577937126,1.0045739077031612,0.006884760572575033,1.0980171739764046
745,0.00035,1.0825150385499,1.0035204887390137,0.006755781127139926,1.1029232373810374
746,0.00035,1.0877521932125092,1.003032859414816,0.006761930359061807,1.1081509469187587
747,0.00035,1.103249192237854,1.0020903572440147,0.006889225274790078,1.1236354606464738
748,0.00035,1.0806641429662704,1.0032086074352264,0.006877574109239504,1.1010721938204369
749,0.00035,1.0894754752516747,1.0010228902101517,0.0068713605287484825,1.1098395010823152
750,0.00035,1.086188368499279,1.0045066997408867,0.007047920400509611,1.1066308985141222
751,0.00035,1.0790386572480202,1.004016537219286,0.006552510982146487,1.0994466135415133
752,0.00035,1.0705875530838966,1.007149051874876,0.00688444817205891,1.0910747565299972
753,0.00035,1.062035858631134,1.009204588830471,0.006976938951993361,1.082568797355343
754,0.00035,1.0909041687846184,1.0034375004470348,0.0065242001437582076,1.111299128800747
755,0.00035,1.0819054991006851,1.0027445927262306,0.006701067555695772,1.1022954443329946
756,0.00035,1.081099458038807,1.003363724797964,0.006429095636121929,1.1014881873165723
757,0.00035,1.0698182880878448,1.003919392824173,0.006127636326709762,1.0902030577606638
758,0.00035,1.0628888085484505,1.0049613378942013,0.006365867215208709,1.083306328667095
759,0.00035,1.074205070734024,1.0016929246485233,0.006342397420667112,1.094556049098028
760,0.00035,1.0747004002332687,1.0021147802472115,0.006693593953968957,1.0950773755359113
761,0.00035,1.0856965631246567,1.003162194043398,0.0068045649386476725,1.106100035252457
762,0.00035,1.0788134299218655,1.0042601451277733,0.006691051414236426,1.099233185395133
763,0.00035,1.0774417892098427,1.0013645179569721,0.006935937941307202,1.0978158764660475
764,0.00035,1.0800040289759636,1.0039520561695099,0.007005906343692914,1.1004333654165384
765,0.00035,1.068199522793293,1.0048414804041386,0.006794151180656627,1.0886360599604086
766,0.00035,1.0803907066583633,1.0035068839788437,0.0068415667046792805,1.1008029226731741
767,0.00035,1.0867795497179031,1.005191769450903,0.006732892099535093,1.1072200297118981
768,0.00035,1.082950696349144,1.0028905309736729,0.006556302309036255,1.1033363220840693
769,0.00035,1.07801453769207,1.0062677338719368,0.006450156099162996,1.098462400174467
770,0.00035,1.0817489698529243,1.005803905427456,0.006510224164230749,1.102190559169685
771,0.00035,1.0665035843849182,1.0033413469791412,0.0065027491946239024,1.0868955487842322
772,0.00035,1.0729983150959015,1.0033918172121048,0.006735784991178662,1.0934029406897026
773,0.00035,1.075188510119915,1.0027346909046173,0.006721213401760906,1.0955792646080953
774,0.00035,1.0686246678233147,1.0023636780679226,0.007012002955889329,1.0890225415324675
775,0.00035,1.0922495871782303,1.0016992092132568,0.006978159042773768,1.112632479314634
776,0.00035,1.0691419541835785,1.0009643770754337,0.007165625283960253,1.0895195229892851
777,0.00035,1.0824586004018784,1.0027735829353333,0.006693644274491817,1.1028487542743097
778,0.00035,1.0604000762104988,1.0059553980827332,0.006725921557517722,1.0808554802500294
779,0.00035,1.0680396482348442,1.002997998148203,0.006296137755271047,1.088414415085572
780,0.00035,1.0770552083849907,1.0026471428573132,0.006427475571399555,1.097429525020707
781,0.00035,1.0741239562630653,1.0055483654141426,0.006528602447360754,1.0945613536937162
782,0.00035,1.0771714448928833,1.004860445857048,0.006692628870951012,1.0976032852535718
783,0.00035,1.0873163267970085,1.0028017573058605,0.006170041830046102,1.107680864034628
784,0.00035,1.0640723332762718,1.0052255056798458,0.00621913923532702,1.084487800351635
785,0.00035,1.074296772480011,1.0034634433686733,0.0063542275747749954,1.094683752726123
786,0.00035,1.0797821208834648,1.0018555037677288,0.0063196369155775756,1.1001352128045983
787,0.00035,1.0760273560881615,1.001430954784155,0.006187993596540764,1.0963653748636717
788,0.00035,1.059220977127552,1.0020521841943264,0.006456778675783426,1.0795848597452278
789,0.00035,1.0686610862612724,1.0023239441215992,0.0063675178098492324,1.089025941034197
790,0.00035,1.0722971856594086,1.0033565387129784,0.006284584233071655,1.0926785456453216
791,0.00035,1.080409087240696,1.0023157708346844,0.00637594549334608,1.1007741999320568
792,0.00035,1.0675811171531677,1.003944642841816,0.00617530761519447,1.0879687753907636
793,0.00035,1.068254217505455,1.0031974241137505,0.006185791688039899,1.088627455572132
794,0.00035,1.074950061738491,1.0019217692315578,0.006130763416877016,1.095295035293966
795,0.00035,1.0690363869071007,1.0041328370571136,0.005945006327237934,1.0894162939646048
796,0.00035,1.0679779946804047,1.0060270875692368,0.006270827376283705,1.0884120778006037
797,0.00035,1.0672144293785095,1.0072602070868015,0.006196767586516216,1.0876694718995714
798,0.00035,1.0759419277310371,1.004525564610958,0.006247830577194691,1.096344830552116
799,0.00035,1.07243000715971,1.0030104294419289,0.006402352126315236,1.0928103333548642
800,0.00035,1.066526859998703,1.0024042837321758,0.00658520357683301,1.086904205852188
801,0.00035,1.0618401914834976,1.001950442790985,0.0067837236856576055,1.0822183865236004
802,0.00035,1.0711029693484306,1.0020686015486717,0.006839866109658033,1.0914863346848869
803,0.00035,1.0733591616153717,1.0031093582510948,0.006788046273868531,1.093760751094087
804,0.00035,1.0645621791481972,1.0011286288499832,0.006787538004573435,1.0849241286254254
805,0.00035,1.0824943631887436,1.0018303953111172,0.0068152317544445395,1.1028717326826882
806,0.00035,1.0703303441405296,1.0016718357801437,0.006748097308445722,1.090701185721555
807,0.00035,1.0623634532094002,1.004359107464552,0.006808735779486597,1.0827910721476655
808,0.00035,1.0682069584727287,1.005264487117529,0.006693829316645861,1.0886469396809115
809,0.00035,1.0701836720108986,1.0046958923339844,0.006427505111787468,1.0905989651131676
810,0.00035,1.0688590705394745,1.0030795074999332,0.006456328235799447,1.0892434771012631
811,0.00035,1.0725974291563034,1.0012451224029064,0.006357664475217462,1.0929402148281224
812,0.00035,1.0567837357521057,1.003899235278368,0.006379299680702388,1.0771806854417083
813,0.00035,1.062883473932743,1.0028026849031448,0.005843881372129545,1.0832317216994125
814,0.00035,1.0499935485422611,1.0040409341454506,0.006182099838042632,1.0703834722170724
815,0.00035,1.0497396066784859,1.003072701394558,0.005951863917289302,1.0700986539022415
816,0.00035,1.0648038908839226,1.003251787275076,0.00612473874934949,1.0851751635668916
817,0.00035,1.0598547905683517,1.0059745199978352,0.006033156561898068,1.0802759387964034
818,0.00035,1.0603836476802826,1.0042571015655994,0.006163460144307464,1.08077696271881
819,0.00035,1.0606176033616066,1.0032732971012592,0.006131475936854258,1.0809896431004744
820,0.00035,1.0693665891885757,1.0039347112178802,0.006115714000770822,1.089751069112972
821,0.00035,1.0599374398589134,1.0048244185745716,0.005942935502389446,1.0803310750055242
822,0.00035,1.0783728659152985,1.0008776895701885,0.006272452010307461,1.0987040423072176
823,0.00035,1.0651298463344574,1.0013896375894547,0.006204077915754169,1.0854678429820341
824,0.00035,1.0569098368287086,1.0037745535373688,0.00620210001943633,1.0772954329004278
825,0.00035,1.0694227889180183,1.0044435858726501,0.006410791887901723,1.0898322002298664
826,0.00035,1.0752480700612068,1.0028322078287601,0.00663238440756686,1.0956363334381605
827,0.00035,1.063386395573616,1.0057598650455475,0.006685623578960076,1.083835874053475
828,0.00035,1.0555165149271488,1.00383560359478,0.006890763877891004,1.075937765192939
829,0.00035,1.0622806698083878,1.0088810808956623,0.006858127017039806,1.082801197777153
830,0.00035,1.0629592537879944,1.0051781013607979,0.006879205291625112,1.0834067760797914
831,0.00035,1.0589014701545238,1.0047885552048683,0.006836869928520173,1.0793390847550473
832,0.00035,1.0610695704817772,1.0021104514598846,0.006671383715001866,1.0814453486967248
833,0.00035,1.0551985278725624,1.0030404850840569,0.006411089212633669,1.0755798920348754
834,0.00035,1.0499872639775276,1.003340382128954,0.006327591341687366,1.0703704511871912
835,0.00035,1.058522529900074,1.0019894987344742,0.006453203241107985,1.078884980036819
836,0.00035,1.0669045820832253,1.0028046406805515,0.006350467883748934,1.0872781982910238
837,0.00035,1.0603796914219856,1.0031456053256989,0.0061854142404627055,1.0807518742405227
838,0.00035,1.0582316741347313,1.0028120130300522,0.006321598513750359,1.07860399432102
839,0.00035,1.059002049267292,1.003885880112648,0.006160680146422237,1.079387800876866
840,0.00035,1.0448965281248093,1.0045781135559082,0.005982772127026692,1.0652872290022788
841,0.00035,1.0624900832772255,1.001470010727644,0.0061343779088929296,1.082826202387223
842,0.00035,1.062617689371109,1.0016919001936913,0.006175908492878079,1.0829603227996267
843,0.00035,1.0594057366251945,1.0032235346734524,0.006257535191252828,1.079783084078226
844,0.00035,1.062252327799797,1.0018650069832802,0.006034453195752576,1.0825913505992504
845,0.00035,1.0479024276137352,1.00201877951622,0.006128376553533599,1.0682492220317363
846,0.00035,1.06711495667696,1.0044993683695793,0.006022336892783642,1.0875060608889908
847,0.00035,1.0453765988349915,1.0068592876195908,0.005833160743350163,1.0658054426245507
848,0.00035,1.0555336102843285,1.0088575780391693,0.005774714896688238,1.0759994975899463
849,0.00035,1.067765075713396,1.0037298239767551,0.006084165594074875,1.0881438804726349
850,0.00035,1.050409808754921,1.0061056837439537,0.005685445154085755,1.0708161946875043
851,0.00035,1.056706316769123,1.00310143455863,0.006109001114964485,1.0770737955160439
852,0.00035,1.0588154941797256,1.0033207535743713,0.005824337044032291,1.0791731261034145
853,0.00035,1.050317957997322,1.0053687654435635,0.005996696825604886,1.0707251681474734
854,0.00035,1.0608149617910385,1.0025172866880894,0.006044441572157666,1.0811675296034082
855,0.00035,1.0562786161899567,1.0034635215997696,0.0059069651761092246,1.0766432348807575
856,0.00035,1.0561148822307587,1.0040089823305607,0.006249988073250279,1.0765075612810324
857,0.00035,1.0553222745656967,1.000608541071415,0.0061991937982384115,1.0756444050770368
858,0.00035,1.0574814975261688,1.0010764710605145,0.0059952423616778105,1.077802789065463
859,0.00035,1.0528675690293312,1.0044108889997005,0.006204234232427552,1.0732659985209465
860,0.00035,1.0517926514148712,1.0029080994427204,0.00611496766214259,1.0721565617868327
861,0.00035,1.051940806210041,1.0027134120464325,0.006057407852495089,1.0722979448435943
862,0.00035,1.052877590060234,1.0049166232347488,0.0063337139145005494,1.0732926082206542
863,0.00035,1.0502571389079094,1.0066909044981003,0.006249382160604,1.0707034261059016
864,0.00035,1.0470671951770782,1.0029616430401802,0.0064606233208905905,1.0674494592039263
865,0.00035,1.0689530223608017,1.0024045668542385,0.006520111492136493,1.0893271192724934
866,0.00035,1.05646550655365,1.0019207745790482,0.00637058267602697,1.076822451179032
867,0.00035,1.0592083632946014,1.00398113951087,0.006464850070187822,1.0796112285883281
868,0.00035,1.0575457960367203,1.0024657063186169,0.006090026814490557,1.077899611503817
869,0.00035,1.0462800599634647,1.0029749646782875,0.005985250842059031,1.0666388217991334
870,0.00035,1.0537283942103386,1.0030839331448078,0.0060198960127308965,1.0740910676738713
871,0.00035,1.063171647489071,1.0048818066716194,0.005798914411570877,1.0835592293430818
872,0.00035,1.044346146285534,1.0069674588739872,0.005817580939037725,1.0647763745099654
873,0.00035,1.057527057826519,1.004653189331293,0.00562311930116266,1.077901277578203
874,0.00035,1.0537342131137848,1.0040105171501637,0.005845711479196325,1.074106709030748
875,0.00035,1.0591470003128052,1.002754833549261,0.006031171302311122,1.079503655548906
876,0.00035,1.0500857383012772,1.004660740494728,0.0057888841547537595,1.0704683973189093
877,0.00035,1.0605623200535774,1.0024080462753773,0.005902897217310965,1.0809056258399505
878,0.00035,1.058346200734377,1.0010765045881271,0.0058062302705366164,1.0786580423396663
879,0.00035,1.057714007794857,1.0026720091700554,0.005755865364335477,1.078055241246475
880,0.00035,1.0561162047088146,1.0043414495885372,0.005760465195635334,1.0764910569603672
881,0.00035,1.0479419529438019,1.005594577640295,0.005849221197422594,1.0683463055564788
882,0.00035,1.0500678569078445,1.007709875702858,0.00552676260122098,1.0704983925519627
883,0.00035,1.0478125363588333,1.0073011815547943,0.005884652404347435,1.0682527926101466
884,0.00035,1.0617674440145493,1.0008625239133835,0.006157463707495481,1.0820925676781916
885,0.00035,1.051683060824871,1.00307260081172,0.005857240757904947,1.0720373748790006
886,0.00035,1.0504014231264591,1.003953404724598,0.005829050409374759,1.0707719437414198
887,0.00035,1.0477972663939,1.0009558573365211,0.006223178090294823,1.068127542445145
888,0.00035,1.0642088800668716,1.002811063081026,0.006407303211744875,1.0845854664890793
889,0.00035,1.0578095093369484,1.0037393495440483,0.006429757078876719,1.0782057841817734
890,0.00035,1.0623938143253326,1.0010269992053509,0.006159061973448843,1.082722307408112
891,0.00035,1.049313336610794,1.003534458577633,0.006389022659277543,1.0697034769153106
892,0.00035,1.0570869371294975,1.0034097023308277,0.006421483412850648,1.0774762053467566
893,0.00035,1.0470059961080551,1.004079058766365,0.006597645173314959,1.067417459542048
894,0.00035,1.0533727258443832,1.0048513934016228,0.006518123467685655,1.0737956598857998
895,0.00035,1.0456869937479496,1.004394430667162,0.006505254947114736,1.0661001451086487
896,0.00035,1.0439280085265636,1.003931924700737,0.0065986288245767355,1.0643365784618073
897,0.00035,1.0610257908701897,1.001022394746542,0.006574179657036439,1.0813749477479724
898,0.00035,1.0592892616987228,1.002684473991394,0.006517437112051994,1.0796688230341531
899,0.00035,1.043525293469429,1.004186674952507,0.006107183551648632,1.0639143861460616
900,0.00035,1.0395406931638718,1.0041051544249058,0.006272610859014094,1.0599364267953206
901,0.00035,1.0596284121274948,1.0037598833441734,0.006379711965564638,1.0800225953926563
902,0.00035,1.048144020140171,1.0029079616069794,0.005943104944890365,1.0684993346195553
903,0.00035,1.0451159700751305,1.0069722197949886,0.0058784488355740905,1.0655493369128088
904,0.00035,1.0478379800915718,1.0048194080591202,0.006014857441186905,1.0682351111248136
905,0.00035,1.039880946278572,1.0041628815233707,0.005898336734389886,1.060259120745759
906,0.00035,1.0585128292441368,1.0005543269217014,0.005835742165800184,1.0788157028908607
907,0.00035,1.0558259785175323,1.000776018947363,0.006027554511092603,1.0761428766220342
908,0.00035,1.047482442110777,1.0026399604976177,0.006026843708241358,1.0678365835061414
909,0.00035,1.0419198349118233,1.00331149995327,0.005927902442635968,1.0622824600330205
910,0.00035,1.0371992588043213,1.0068922638893127,0.006141536927316338,1.0576441809284733
911,0.00035,1.0410192087292671,1.0078762210905552,0.005750581301981583,1.0614642622161772
912,0.00035,1.054679624736309,1.0049214698374271,0.006012925237882882,1.0750787003949518
913,0.00035,1.0501035824418068,1.0045103468000889,0.005936591449426487,1.0704906189502799
914,0.00035,1.053336352109909,1.0043865889310837,0.006105249864049256,1.0737293463817332
915,0.00035,1.0525330044329166,1.004723098129034,0.005975331616355106,1.0729262329763152
916,0.00035,1.0470429323613644,1.0041006989777088,0.005988167191389948,1.067424354700488
917,0.00035,1.0415301360189915,1.004663910716772,0.005943971831584349,1.0619206128249061
918,0.00035,1.0324557721614838,1.004350185394287,0.0060292541165836155,1.0528442385751986
919,0.00035,1.0394896604120731,1.0043901950120926,0.006395598262315616,1.0598972442254309
920,0.00035,1.0359518378973007,1.0045501105487347,0.006470040651038289,1.0563663421408271
921,0.00035,1.0442342273890972,1.0032030045986176,0.006482530239736661,1.0646224139930565
922,0.00035,1.0460309758782387,1.0040167421102524,0.006400851532816887,1.0664313532970844
923,0.00035,1.0419617295265198,1.0025673881173134,0.006346985755953938,1.0623304265766638
924,0.00035,1.044175460934639,1.0033240877091885,0.006574029190232977,1.0645706441483345
925,0.00035,1.0597720481455326,1.0031997561454773,0.006313900259556249,1.08015173828142
926,0.00035,1.0340121947228909,1.0041588991880417,0.006497199414297938,1.0544202326773666
927,0.00035,1.043436024338007,1.0032882168889046,0.00607120749191381,1.063805349050381
928,0.00035,1.0440544039011002,1.0058741085231304,0.006277461536228657,1.0644857591483743
929,0.00035,1.0394661612808704,1.0033397115767002,0.006161182071082294,1.0598410146159585
930,0.00035,1.0410605296492577,1.0020163878798485,0.00601733589428477,1.0614017242015688
931,0.00035,1.046826422214508,1.0028839260339737,0.006314671685686335,1.0671998343194717
932,0.00035,1.0451140105724335,1.0023228861391544,0.006496088259154931,1.0654852727081743
933,0.00035,1.0308099910616875,1.0036546811461449,0.006476686598034576,1.0512069190145121
934,0.00035,1.0406524762511253,1.0038309171795845,0.006609853793634102,1.0610595872843986
935,0.00035,1.0479778721928596,1.0017726384103298,0.006012019963236526,1.068313925959228
936,0.00035,1.0435587167739868,1.001213289797306,0.006329609896056354,1.0638994630647358
937,0.00035,1.0335627049207687,1.0056300200521946,0.006188922445289791,1.0539847514440772
938,0.00035,1.0430219769477844,1.0040572620928288,0.006143277161754668,1.0634102860477288
939,0.00035,1.039314430207014,1.0052943602204323,0.00606401709956117,1.0597235182664009
940,0.00035,1.0294776111841202,1.0038199163973331,0.006382115127053112,1.0498731152684195
941,0.00035,1.0294501520693302,1.0053545981645584,0.006073964003007859,1.0498609422327716
942,0.00035,1.0394272357225418,1.0042934343218803,0.006035779777448624,1.0598148933978517
943,0.00035,1.0384987741708755,1.0036674328148365,0.005931903258897364,1.058868717990117
944,0.00035,1.0333024710416794,1.003224328160286,0.0058305790880694985,1.0536584865592886
945,0.00035,1.041476983577013,1.0038596652448177,0.0058828621986322105,1.0618483199918411
946,0.00035,1.0501319468021393,1.003922127187252,0.005659962189383805,1.0704933874553535
947,0.00035,1.0340161174535751,1.004465140402317,0.0057447353028692305,1.054392657026765
948,0.00035,1.0320722162723541,1.0044054575264454,0.00564743738505058,1.0524426972921357
949,0.00035,1.0376159027218819,1.0053614936769009,0.005701408255845308,1.0580082030082123
950,0.00035,1.032719150185585,1.0038721077144146,0.005713459511753172,1.0530822653154608
951,0.00035,1.051088623702526,1.0032395906746387,0.005507085006684065,1.0714287697663532
952,0.00035,1.033613070845604,1.0070041120052338,0.005667696124874055,1.0540365378919525
953,0.00035,1.0500121340155602,1.0055096372961998,0.006054807367036119,1.0704250671298359
954,0.00035,1.0478443875908852,1.006328534334898,0.005735726037528366,1.0682577445794597
955,0.00035,1.0515968687832355,1.0027713254094124,0.006084064661990851,1.0719564985245233
956,0.00035,1.0351174548268318,1.0040900371968746,0.006364943576045334,1.0555175027495716
957,0.00035,1.0343045815825462,1.0054051876068115,0.006088483642088249,1.0547171095167869
958,0.00035,1.0525216273963451,1.0019801557064056,0.006050052150385454,1.0728637331179924
959,0.00035,1.0333593785762787,1.0007815100252628,0.005767561902757734,1.0536633868719218
960,0.00035,1.0375292375683784,1.003256008028984,0.005886590079171583,1.0578886872329167
961,0.00035,1.0397359021008015,1.0019568540155888,0.005886340135475621,1.060069356187887
962,0.00035,1.0558407381176949,1.0054655149579048,0.006030254677170888,1.0762515611507115
963,0.00035,1.0439867079257965,1.0068190284073353,0.005949582380708307,1.0644205676129785
964,0.00035,1.0351376309990883,1.0077436566352844,0.00582034100079909,1.0555835211818339
965,0.00035,1.0361848585307598,1.0067302286624908,0.005864191130967811,1.056612672660558
966,0.00035,1.0539429150521755,1.0036038793623447,0.0057600757863838226,1.0743029964287416
967,0.00035,1.0283889696002007,1.0038350746035576,0.005779859231552109,1.0487546640538494
968,0.00035,1.0293764919042587,1.0022326931357384,0.005732807388994843,1.0497077861364232
969,0.00035,1.0356819480657578,1.0017300136387348,0.0060147073527332395,1.0560172837061692
970,0.00035,1.024810265749693,1.0019985176622868,0.0056501522194594145,1.0451327437139115
971,0.00035,1.0339686535298824,1.0025554485619068,0.005460679472889751,1.054292796474765
972,0.00035,1.0322396457195282,1.0047374852001667,0.005715587438317016,1.0526201747954473
973,0.00035,1.0308986157178879,1.0034297220408916,0.005896072194445878,1.051262013768428
974,0.00035,1.0341783352196217,1.0046050697565079,0.006147527223220095,1.0545778129759127
975,0.00035,1.03847461566329,1.005765002220869,0.005841649690410122,1.058881998192228
976,0.00035,1.0420407094061375,1.0032475888729095,0.006195152731379494,1.0624154188201647
977,0.00035,1.029632605612278,1.004831425845623,0.006277732056332752,1.0500431207320071
978,0.00035,1.0224360153079033,1.0063583552837372,0.005839398858370259,1.0428551523564964
979,0.00035,1.0325245708227158,1.0042307302355766,0.005658379872329533,1.0528921044210438
980,0.00035,1.0373391062021255,1.0030315555632114,0.005580882716458291,1.0576787814492128
981,0.00035,1.0270355492830276,1.0013678297400475,0.005618300812784582,1.047343820918468
982,0.00035,1.0444115102291107,1.0025999136269093,0.005906781734665856,1.0647588475883822
983,0.00035,1.0440566763281822,1.0015797726809978,0.0058051001105923206,1.0643785267873318
984,0.00035,1.027141947299242,1.0057442933321,0.005665557022439316,1.047540111017006
985,0.00035,1.0445975847542286,1.0028188116848469,0.005810744478367269,1.064944498211844
986,0.00035,1.033088829368353,1.0038836002349854,0.005600655218586326,1.053446534133982
987,0.00035,1.0291779153048992,1.006404872983694,0.005832521914271638,1.0495976388602866
988,0.00035,1.0376389920711517,1.005482766777277,0.0056031113199424,1.0580288029726943
989,0.00035,1.0221467539668083,1.0049666501581669,0.005570572015130892,1.0425246155707282
990,0.00035,1.029446642845869,1.0035117864608765,0.005653232481563464,1.0497995401991647
991,0.00035,1.0278672352433205,1.0038129650056362,0.005830724956467748,1.0482350307912565
992,0.00035,1.0221519023180008,1.003267202526331,0.005801039456855506,1.0425072983413701
993,0.00035,1.0347430780529976,1.004373099654913,0.00568572391057387,1.0551148262416246
994,0.00035,1.041130691766739,1.0027986988425255,0.005658488953486085,1.0614695901912636
995,0.00035,1.0342772863805294,1.0032661370933056,0.0057214350963477045,1.054628680877213
996,0.00035,1.0400324575603008,1.0038113370537758,0.005837649019667879,1.0604005667523597
997,0.00035,1.0324521362781525,1.0040182285010815,0.005840725236339495,1.0528245371099911
998,0.00035,1.0283169895410538,1.0040878094732761,0.005919713992625475,1.0486947314301505
999,0.00035,1.032014936208725,1.0070799328386784,0.005928843136643991,1.0524529770223308
1000,0.00035,1.0319157615303993,1.0065224133431911,0.0058393100334797055,1.0523381752989371
1001,0.00035,1.0372013077139854,1.0032213516533375,0.005665659002261236,1.0575490176971654
1002,0.00035,1.0289330333471298,1.0018783695995808,0.006159751472296193,1.0492785883127362
1003,0.00035,1.0243585705757141,1.004583913832903,0.005705696094082668,1.0447355336570763
1004,0.00035,1.0482321307063103,1.0020530931651592,0.006291478697676212,1.0685877665044972
1005,0.00035,1.028422825038433,1.0031615011394024,0.005837605654960498,1.0487779353439692
1006,0.00035,1.032441794872284,1.0053561702370644,0.006028240226441994,1.0528503302883472
1007,0.00035,1.027802236378193,1.0037284940481186,0.005773616285296157,1.04816548707342
1008,0.00035,1.0274965688586235,1.0028385408222675,0.00564637134084478,1.0478356582421111
1009,0.00035,1.0325086116790771,1.0039982832968235,0.0056168090959545225,1.0528694177998115
1010,0.00035,1.0313995741307735,1.0069085508584976,0.005602206598268822,1.051817855477857
1011,0.00035,1.0261003114283085,1.005532693117857,0.005647933285217732,1.0464933619549266
1012,0.00035,1.0401335656642914,1.0051008239388466,0.005583667953033,1.0605147655407199
1013,0.00035,1.0298870392143726,1.0045193135738373,0.005351156607503071,1.0502449833162246
1014,0.00035,1.0382209904491901,1.0026951506733894,0.005573527538217604,1.058553569839569
1015,0.00035,1.0254077836871147,1.0037068128585815,0.005433065409306437,1.0457535732147518
1016,0.00035,1.0281955190002918,1.0022500269114971,0.005606317601632327,1.0485208354186035
1017,0.00035,1.0315359272062778,1.002811674028635,0.005568428983679041,1.0518705821360346
1018,0.00035,1.0265234597027302,1.004785269498825,0.0055892192758619785,1.0468986260564996
1019,0.00035,1.024067759513855,1.0041975602507591,0.005581243633059785,1.0444307729005233
1020,0.00035,1.0285356752574444,1.0037351697683334,0.00534408024395816,1.048877582665009
1021,0.00035,1.0450850166380405,1.0005806982517242,0.005564848426729441,1.0653748730244117
1022,0.00035,1.025972954928875,1.0042722672224045,0.00521641707746312,1.0463192211271963
1023,0.00035,1.0246789678931236,1.0032281391322613,0.00540214468492195,1.045013637910015
1024,0.00035,1.0155433379113674,1.0041453503072262,0.005564863240579143,1.035904488079541
1025,0.00035,1.0185833349823952,1.0061019882559776,0.005442731315270066,1.0389775113132782
1026,0.00035,1.0322056226432323,1.0070054456591606,0.005321067903423682,1.0526117849515868
1027,0.00035,1.0313417725265026,1.0044637136161327,0.0055064448970369995,1.0517063690436772
1028,0.00035,1.0274415537714958,1.0044092759490013,0.00533638967317529,1.0477965587741347
1029,0.00035,1.0226004607975483,1.0042067356407642,0.0052690991724375635,1.0429480504689854
1030,0.00035,1.035872995853424,1.0033614709973335,0.005484527908265591,1.056214451668784
1031,0.00035,1.031310211867094,1.001081921160221,0.00550938188098371,1.0516073193843476
1032,0.00035,1.0297507233917713,1.002667237073183,0.005397297732997686,1.050073933019885
1033,0.00035,1.0193662978708744,1.0019939169287682,0.005408887809608132,1.0396766205999302
1034,0.00035,1.0278956852853298,1.000794142484665,0.005315790564054623,1.0481773576632258
1035,0.00035,1.0263509787619114,1.0042506866157055,0.005448101612273604,1.0467083975748392
1036,0.00035,1.0176924355328083,1.0017267651855946,0.005447784293210134,1.0379993600511808
1037,0.00035,1.0329467877745628,1.0043587684631348,0.005391578626586124,1.0533035420751549
1038,0.00035,1.0302500762045383,1.0040003806352615,0.005195376434130594,1.05058985263895
1039,0.00035,1.0316531509160995,1.0048614218831062,0.005420009110821411,1.0520213798093028
1040,0.00035,1.0208685360848904,1.0068283379077911,0.0050909947021864355,1.0412596525781557
1041,0.00035,1.02940134704113,1.0040379837155342,0.005045623111072928,1.0497343878709944
1042,0.00035,1.0231768190860748,1.0031463392078876,0.004893744946457446,1.0434844331175555
1043,0.00035,1.0242516100406647,1.0066286586225033,0.005160871602129191,1.0446422267932212
1044,0.00035,1.0226919502019882,1.0028924755752087,0.0050208126194775105,1.0430008403444664
1045,0.00035,1.0164554454386234,1.0027315318584442,0.005064562719780952,1.0367633042117814
1046,0.00035,1.0344586670398712,1.0028489492833614,0.005078993912320584,1.0547695957211545
1047,0.00035,1.0137046687304974,1.0042023211717606,0.004990247107343748,1.0340382275092999
1048,0.00035,1.028255119919777,1.0016608573496342,0.005272749811410904,1.04855197455734
1049,0.00035,1.032486204057932,1.0047193877398968,0.0053132615284994245,1.0528462548891548
1050,0.00035,1.0186569020152092,1.0035533979535103,0.005029422609368339,1.0389794411047477
1051,0.00035,1.0335166864097118,1.0028220601379871,0.005381215858506039,1.0538421884053968
1052,0.00035,1.0332526229321957,1.0058870799839497,0.005646323814289644,1.053652680722589
1053,0.00035,1.0232511200010777,1.0057121217250824,0.005737531493650749,1.0436522390102618
1054,0.00035,1.0240174792706966,1.0066258907318115,0.005862158897798508,1.044443105030223
1055,0.00035,1.0089461579918861,1.0042616501450539,0.005842201877385378,1.0293235010886566
1056,0.00035,1.0277039222419262,1.0022970400750637,0.0060172464000061154,1.0480507253634277
1057,0.00035,1.0248387195169926,1.0021854788064957,0.005938994348980486,1.0451793788105714
1058,0.00035,1.0230984725058079,1.0032354667782784,0.006021368608344346,1.0434642502717906
1059,0.00035,1.0224549509584904,1.0072463229298592,0.006031107564922422,1.0429014327953336
1060,0.00035,1.0230764150619507,1.0050253421068192,0.005792252573883161,1.0434665345327814
1061,0.00035,1.0193800404667854,1.0072358697652817,0.005873318063095212,1.0398184237652457
1062,0.00035,1.0119854994118214,1.0052861236035824,0.005727672571083531,1.0323776055124472
1063,0.00035,1.025144450366497,1.0062845945358276,0.006015696650138125,1.0455709270897204
1064,0.00035,1.021524265408516,1.0029382929205894,0.005465496302349493,1.0418563060820452
1065,0.00035,1.0194195248186588,1.0020857863128185,0.005928184080403298,1.0397576497489354
1066,0.00035,1.027520440518856,1.0030079707503319,0.005387464305385947,1.047849973149132
1067,0.00035,1.0038941875100136,1.0068290643393993,0.005245513195404783,1.0242930444565719
1068,0.00035,1.02671592310071,1.002723891288042,0.0054588452621828765,1.0470433431895798
1069,0.00035,1.0167233496904373,1.0049351789057255,0.005295978859066963,1.0370868522115053
1070,0.00035,1.020770851522684,1.0039021596312523,0.005237999343080446,1.0411107946824631
1071,0.00035,1.0244507379829884,1.003520280122757,0.00499989211675711,1.0447711381912814
1072,0.00035,1.023854374885559,1.0047176666557789,0.005262784427031875,1.0442118674400263
1073,0.00035,1.0152667462825775,1.0044891126453876,0.005266094580292702,1.0356198332645
1074,0.00035,1.0094829946756363,1.0030848868191242,0.005088807636639103,1.0297991327938507
1075,0.00035,1.0170069485902786,1.0025841258466244,0.0049926032370422035,1.0373082612690634
1076,0.00035,1.0293235778808594,1.0019318498671055,0.0051919765246566385,1.0496218137044344
1077,0.00035,1.0287853479385376,1.003361877053976,0.004930751310894266,1.0490991230451618
1078,0.00035,1.021081242710352,1.0042670480906963,0.005255856493022293,1.041429376496817
1079,0.00035,1.012678038328886,1.0079272910952568,0.004918184626149014,1.0330824933820986
1080,0.00035,1.023512315005064,1.006211943924427,0.004955359501764178,1.0438843218586409
1081,0.00035,1.012990117073059,1.0041038021445274,0.004848561424296349,1.0333146211871644
1082,0.00035,1.0173221081495285,1.004337914288044,0.004876736697042361,1.0376527032701415
1083,0.00035,1.014119390398264,1.0055920891463757,0.004910083225695416,1.0344767363424763
1084,0.00035,1.0171791389584541,1.0090702585875988,0.004819132620468736,1.0376015007612296
1085,0.00035,1.0230006538331509,1.005335446447134,0.005022016586735845,1.0433584635914304
1086,0.00035,1.021369308233261,1.002732452005148,0.005213148484472185,1.0416846146975878
1087,0.00035,1.015146967023611,1.001501925289631,0.005038662435254082,1.0354289386511664
1088,0.00035,1.0238186158239841,1.0021978504955769,0.004967906046658754,1.0441109681362286
1089,0.00035,1.0151274800300598,1.0034359730780125,0.004951100272592157,1.0354437545052497
1090,0.00035,1.0269185416400433,1.0022089928388596,0.005004960752557963,1.0472129695344483
1091,0.00035,1.0098270066082478,1.0088531859219074,0.004921619984088466,1.0302501513258904
1092,0.00035,1.0229864791035652,1.0043204054236412,0.005144851136719808,1.043330129768874
1093,0.00035,1.014274600893259,1.0047603249549866,0.00502472062362358,1.03462104342354
1094,0.00035,1.018271055072546,1.0027519911527634,0.0052284764824435115,1.0385875187197233
1095,0.00035,1.0261745601892471,1.003631740808487,0.005165697861230001,1.0465054798984783
1096,0.00035,1.019349455833435,1.0046659484505653,0.005297008930938318,1.0397076252489934
1097,0.00035,1.0247923955321312,1.0029973313212395,0.005287835723720491,1.045116733944742
1098,0.00035,1.0133072920143604,1.0034381560981274,0.005264539096970111,1.0336392820911715
1099,0.00035,1.0093518123030663,1.0050825104117393,0.005271405854728073,1.0297170328040375
1100,0.00035,1.0126676931977272,1.0061216950416565,0.005379639507737011,1.0330591090739474
1101,0.00035,1.01962224021554,1.0052994713187218,0.005357854854082689,1.0399961223846186
1102,0.00035,1.0196726247668266,1.0036375932395458,0.005209976166952401,1.0400058754399653
1103,0.00035,1.000812079757452,1.0045241005718708,0.0052507740329019725,1.0211651004705344
1104,0.00035,1.0099888443946838,1.0018856041133404,0.005030269676353782,1.0302780699607683
1105,0.00035,1.0275601111352444,1.002208724617958,0.005061937525169924,1.047857382503862
1106,0.00035,1.0100441053509712,1.0019278638064861,0.00524716658401303,1.0303450209563016
1107,0.00035,1.0122358463704586,1.0048499964177608,0.005196879501454532,1.0325926902738864
1108,0.00035,1.0122467428445816,1.0043311417102814,0.005185067595448345,1.0325926190585597
1109,0.00035,1.0126454420387745,1.0045889616012573,0.005055423505837098,1.0329899924460915
1110,0.00035,1.015294648706913,1.0054349601268768,0.005394899315433577,1.035673092875222
1111,0.00035,1.017116665840149,1.0037139728665352,0.005357665097108111,1.0374588285523352
1112,0.00035,1.0316513702273369,1.0033011063933372,0.005266550229862332,1.0519807198666968
1113,0.00035,1.0098096169531345,1.0027292892336845,0.005581068631727248,1.0301432561693946
1114,0.00035,1.01123571023345,1.0043186508119106,0.005334099347237498,1.03158878821705
1115,0.00035,0.9917928948998451,1.0064405351877213,0.0055336038349196315,1.0121983857953456
1116,0.00035,1.009273398667574,1.0057057105004787,0.005488547816639766,1.0296619402684155
1117,0.00035,1.0134024061262608,1.0034583136439323,0.005465160880703479,1.0337448304431747
1118,0.00035,1.0077968314290047,1.007221058011055,0.005370560131268576,1.0282097805957893
1119,0.00035,1.004310678690672,1.0054141357541084,0.005182408116525039,1.0246780818115804
1120,0.00035,1.0098535008728504,1.0034433789551258,0.005216935678618029,1.0301832152358839
1121,0.00035,1.022268958389759,1.0043343976140022,0.004804522846825421,1.0425958724843805
1122,0.00035,1.0028205290436745,1.0036693252623081,0.0049973173008766025,1.0231437814139646
1123,0.00035,1.0116578564047813,1.0047783888876438,0.005104784941067919,1.0320086634295875
1124,0.00035,1.0150989443063736,1.0032240860164165,0.005129837663844228,1.0354199179098942
1125,0.00035,1.0020818524062634,1.003731545060873,0.004824509989703074,1.022397708806966
1126,0.00035,1.0076596699655056,1.0031958669424057,0.005026676488341764,1.0279749211287708
1127,0.00035,1.009839829057455,1.0026274472475052,0.004859486507484689,1.0301353523277794
1128,0.00035,1.0078424885869026,1.0067240446805954,0.0049973714631050825,1.0282268380536699
1129,0.00035,1.0014210939407349,1.0058719292283058,0.0048770894354674965,1.0217823869970744
1130,0.00035,1.0055303163826466,1.0040312558412552,0.0052478059369605035,1.0258733317963196
1131,0.00035,1.0220889039337635,1.0020088739693165,0.00513042148668319,1.042385602487484
1132,0.00035,1.0075999572873116,1.0023378171026707,0.005293188209179789,1.027911373039824
1133,0.00035,1.012674756348133,1.0039392970502377,0.005060593859525397,1.0330065719821142
1134,0.00035,0.9934398643672466,1.0054795816540718,0.005269674933515489,1.0138129397470037
1135,0.00035,1.0084380358457565,1.0038536041975021,0.005325876787537709,1.0287814017690835
1136,0.00035,1.0114859752357006,1.003278348594904,0.005079143884358928,1.0318054994018167
1137,0.00035,1.0016929507255554,1.0064963325858116,0.0049723196134436876,1.022071493357944
1138,0.00035,0.9972754530608654,1.0048167742788792,0.004996491014026105,1.0176216130971443
1139,0.00035,1.017725396901369,1.0053357928991318,0.005042017059167847,1.03808421361231
1140,0.00035,0.996408324688673,1.0022063702344894,0.005023645062465221,1.0167036343464861
1141,0.00035,1.0055932067334652,1.0073896273970604,0.005028995132306591,1.0259924490380217
1142,0.00035,1.0132188349962234,1.0071191266179085,0.0050378821906633675,1.0336131116381146
1143,0.00035,1.0145898647606373,1.0063427910208702,0.00493415686651133,1.0349634284243803
1144,0.00035,1.0028319098055363,1.00566865503788,0.005094633379485458,1.0232000145752682
1145,0.00035,1.0127370916306973,1.0052828639745712,0.005205366644077003,1.0331030172423925
1146,0.00035,1.014500007033348,1.0058455616235733,0.005307262705173343,1.0348822814010783
1147,0.00035,1.0126719623804092,1.0043289735913277,0.005260249017737806,1.0330215543031227
1148,0.00035,1.0163225829601288,1.0031774118542671,0.005356460576876998,1.036653954226058
1149,0.00035,0.9993518106639385,1.0036910623311996,0.005444847512990236,1.0196978742862122
1150,0.00035,1.0132110007107258,1.001400701701641,0.005357809975976124,1.0335069052435573
1151,0.00035,1.0064185671508312,1.004826631397009,0.005342593067325652,1.0267822294321376
1152,0.00035,1.0162616111338139,1.0048956647515297,0.005114791507367045,1.0366152640042128
1153,0.00035,0.9943847209215164,1.0048909895122051,0.005313015863066539,1.014748191504914
1154,0.00035,1.0094777680933475,1.0029520019888878,0.005081024952232838,1.029790859380737
1155,0.00035,1.0133997574448586,1.0028640031814575,0.005218673963099718,1.0337179712066427
1156,0.00035,1.0090441778302193,1.0033941641449928,0.005233622156083584,1.0293737422209233
1157,0.00035,1.0053108260035515,1.0029680281877518,0.005384950927691534,1.0256394341136912
1158,0.00035,1.0210568942129612,1.005738753825426,0.005228643160080537,1.0414331014474738
1159,0.00035,0.9834088459610939,1.0055647604167461,0.005119672045111656,1.0037761247716843
1160,0.00035,1.003270797431469,1.0054272785782814,0.00539511616807431,1.0236490988114384
1161,0.00035,1.0068479217588902,1.0022415854036808,0.004928417387418449,1.0271391743363347
1162,0.00035,1.0134536996483803,1.0043104737997055,0.004916745325317606,1.0337857463906404
1163,0.00035,1.0080715790390968,1.0031808242201805,0.0048641808971297,1.028378404568357
1164,0.00035,1.0033849067986012,1.0049384608864784,0.0050294099492020905,1.0237351465137907
1165,0.00035,1.000301767140627,1.0069045461714268,0.0047589276800863445,1.0206778044480598
1166,0.00035,0.9904819056391716,1.0042275488376617,0.004792123654624447,1.0108060627986561
1167,0.00035,1.0061385966837406,1.0039328709244728,0.004855014703935012,1.0264600048374268
1168,0.00035,1.0037869922816753,1.0049083270132542,0.004742671095300466,1.0241222923767055
1169,0.00035,1.0013367496430874,1.0028470866382122,0.004965836473274976,1.0216419831995154
1170,0.00035,1.0165792666375637,1.0024379678070545,0.005251008638879284,1.0368905764256489
1171,0.00035,1.007596306502819,1.002549983561039,0.005122781527461484,1.027903445250413
1172,0.00035,1.0114859975874424,1.00631495565176,0.0052562542841769755,1.0318751094146863
1173,0.00035,1.0096346586942673,1.0052176862955093,0.005181783810257912,1.0299981016106905
1174,0.00035,1.00564618781209,1.0058090686798096,0.005093409476103261,1.0260170396594912
1175,0.00035,1.0091130398213863,1.0042125061154366,0.005149162228917703,1.0294547480551408
1176,0.00035,1.0059743896126747,1.004514291882515,0.005115630658110604,1.0263204569832307
1177,0.00035,0.998580314218998,1.0062879621982574,0.0049782515852712095,1.0189549860422267
1178,0.00035,1.0058713518083096,1.0042860731482506,0.004950827773427591,1.026204614659946
1179,0.00035,0.9991066083312035,1.0074459984898567,0.004793132247868925,1.019495184913394
1180,0.00035,1.0072499141097069,1.0023127049207687,0.0049252020253334194,1.027542428309389
1181,0.00035,0.9983520098030567,1.005996122956276,0.004896457365248352,1.0187167551304446
1182,0.00035,1.006951104849577,1.0043231472373009,0.00503455672878772,1.0272892956307622
1183,0.00035,1.0175335966050625,1.0041249729692936,0.004786264733411372,1.0378554093011187
1184,0.00035,1.0012341402471066,1.0029648877680302,0.004939281148836017,1.021540402059909
1185,0.00035,0.9971968792378902,1.0065463930368423,0.005079054069938138,1.017581759802124
1186,0.00035,1.0038830563426018,1.003300964832306,0.005178134539164603,1.0242079823662062
1187,0.00035,0.9970060512423515,1.0051323398947716,0.0050130523450206965,1.017359350657498
1188,0.00035,1.0026433244347572,1.0057386457920074,0.005128164601046592,1.0230145055806497
1189,0.00035,1.0087127164006233,1.0045937784016132,0.005215709650656208,1.0290653774511882
1190,0.00035,1.0035147480666637,1.0024405717849731,0.005289668217301369,1.0238280429132283
1191,0.00035,1.0183665119111538,1.003802627325058,0.005229565635090694,1.0387040427394094
1192,0.00035,1.000937383621931,1.0051521137356758,0.005248986417427659,1.021302875217516
1193,0.00035,0.9975448176264763,1.0083466097712517,0.0051791329169645905,1.0179707064677495
1194,0.00035,1.0041765831410885,1.0043285116553307,0.0047454945161007345,1.0245004281
1195,0.00035,1.0010737739503384,1.005695402622223,0.004841038607992232,1.0214297339331824
1196,0.00035,1.020003542304039,1.0022356994450092,0.005057020345702767,1.0403011073102244
1197,0.00035,0.997600793838501,1.0007213540375233,0.004804463038453832,1.0178554440711742
1198,0.00035,0.9967596903443336,1.004337452352047,0.004820344503968954,1.017087456616573
1199,0.00035,1.0037394911050797,1.0034665390849113,0.004537029875791632,1.0240356733805673
1200,0.00035,0.9852900542318821,1.0045317076146603,0.004763628850923851,1.0056188698267217
1201,0.00035,0.9978072121739388,1.0069105103611946,0.004892221448244527,1.0181900334535747
1202,0.00035,0.9951208755373955,1.0034078061580658,0.004904032015474513,1.0154342332613304
1203,0.00035,0.9928018786013126,1.0078308805823326,0.004819205321837217,1.013199456479051
1204,0.00035,1.0116942822933197,1.006251648068428,0.005048153601819649,1.0320717229347791
1205,0.00035,1.0048179812729359,1.004078458994627,0.004739687981782481,1.0251365348519175
1206,0.00035,0.9984216913580894,1.0035486966371536,0.004961056081810966,1.018740718094923
1207,0.00035,0.9994109906256199,1.0037039443850517,0.005008406413253397,1.0197354898339834
1208,0.00035,0.9827282540500164,1.0042497254908085,0.004759318690048531,1.003051214494335
1209,0.00035,1.0033038519322872,1.0034796223044395,0.005078132846392691,1.0236273510206957
1210,0.00035,0.9965798258781433,1.0034117251634598,0.005192151147639379,1.0169076679387945
1211,0.00035,1.0030816346406937,1.0046662390232086,0.005550945032155141,1.0234525066727655
1212,0.00035,0.992434673011303,1.005479246377945,0.005485252186190337,1.0128185205481715
1213,0.00035,0.9981347396969795,1.0071063041687012,0.005335783789632842,1.0185436549698352
1214,0.00035,1.0128753632307053,1.0042351931333542,0.005339005234418437,1.0332270173550933
1215,0.00035,1.004057589918375,1.0055018290877342,0.00523366840207018,1.024429309920233
1216,0.00035,0.9801081568002701,1.0074854046106339,0.005522546940483153,1.000533992239507
1217,0.00035,0.9911848828196526,1.0053857304155827,0.00507239208673127,1.0115462170323009
1218,0.00035,0.9929563067853451,1.0041085332632065,0.005224192515015602,1.01329968707636
1219,0.00035,1.0011675171554089,1.0041023343801498,0.005424417729955167,1.0215207847295096
1220,0.00035,1.0065223835408688,1.0035069286823273,0.0052706618153024465,1.0268560552052806
1221,0.00035,0.996213611215353,1.0053101629018784,0.005313335946993902,1.0165854812707402
1222,0.00035,0.9785885587334633,1.0076386034488678,0.005150342505658045,0.9989988479277235
1223,0.00035,0.9927648603916168,1.005406491458416,0.005152788071427494,1.0131306296243565
1224,0.00035,0.9922543503344059,1.0052293725311756,0.004833730432437733,1.0126006243066514
1225,0.00035,0.9959701746702194,1.004329428076744,0.005099700269056484,1.016311748245207
1226,0.00035,0.996765274554491,1.0055504143238068,0.005027037637773901,1.017127634722856
1227,0.00035,1.0062756836414337,1.0078883841633797,0.0050987653667107224,1.0266883895930368
1228,0.00035,0.9908671453595161,1.007216326892376,0.005060919531388208,1.0112645178739332
1229,0.00035,1.0016548708081245,1.0070577561855316,0.00516932739992626,1.0220544923018315
1230,0.00035,0.9879690445959568,1.0078402608633041,0.005162017740076408,1.0083839507002266
1231,0.00035,0.9941062517464161,1.0036611519753933,0.005019970762077719,1.0144304733240277
1232,0.00035,0.9983505010604858,1.0047737695276737,0.004973236995283514,1.0186946383008035
1233,0.00035,1.0042905397713184,1.0007373131811619,0.004843371600145474,1.0245474546149491
1234,0.00035,0.9985653273761272,1.0025643669068813,0.005019097327021882,1.018867569580616
1235,0.00035,0.9822690822184086,1.0022263079881668,0.005154443177161738,1.0025713305370298
1236,0.00035,0.9922583773732185,1.001600194722414,0.0050701823784038424,1.012543890386587
1237,0.00035,0.9915574677288532,1.0056061446666718,0.005009530606912449,1.0119200671525324
1238,0.00035,0.9911591224372387,1.0072602033615112,0.004976054886355996,1.0115531292487867
1239,0.00035,1.0025960728526115,1.007523238658905,0.00477561866864562,1.022985318559222
1240,0.00035,0.9971688240766525,1.0084452033042908,0.004978556011337787,1.017586655943305
1241,0.00035,0.9903932437300682,1.0081457495689392,0.0050392766715958714,1.0108081225550267
1242,0.00035,0.9889840222895145,1.0069438368082047,0.004988758912077174,1.0093723369712826
1243,0.00035,0.9968631714582443,1.0049667805433273,0.00484114742721431,1.0172045644404715
1244,0.00035,0.9860708266496658,1.0037211403250694,0.005105815158458427,1.00640054021409
1245,0.00035,0.9954111985862255,1.0040021985769272,0.005064866621978581,1.015744485888863
1246,0.00035,0.9771798700094223,1.0059440433979034,0.005110928032081574,0.9975542972789845
1247,0.00035,0.9972807727754116,1.0042923763394356,0.004913018434308469,1.0176122712239157
1248,0.00035,0.9952230490744114,1.0026621893048286,0.004903197841485962,1.0155214527525822
1249,0.00035,0.9897400103509426,1.004361353814602,0.004721801291452721,1.0100633274918072
1250,0.00035,0.9868371039628983,1.0051031857728958,0.004771174862980843,1.0071777264215052
1251,0.00035,0.9945327155292034,1.0038722828030586,0.004640334271243773,1.0148421778988266
1252,0.00035,0.9831862077116966,1.00760118663311,0.004879819229245186,1.003582222405821
1253,0.00035,0.994999136775732,1.0076509788632393,0.004569896496832371,1.0153806511778385
1254,0.00035,0.9959401041269302,1.0046769455075264,0.004726035956991836,1.0162699448349302
1255,0.00035,0.9934528097510338,1.0033201798796654,0.004789491824340075,1.0137586879398441
1256,0.00035,0.9873683452606201,1.0051021948456764,0.0048487341846339405,1.0077128258667654
1257,0.00035,0.9919644184410572,1.00608941167593,0.004653781768865883,1.012318895763019
1258,0.00035,0.9860925152897835,1.0056397840380669,0.004624195134965703,1.0064365207272932
1259,0.00035,0.9806844629347324,1.0057602040469646,0.004676875978475437,1.0010335108145956
1260,0.00035,0.9970622286200523,1.0059100314974785,0.004734324087621644,1.017417145454383
1261,0.00035,0.9972972832620144,1.005548045039177,0.004696076866821386,1.017643048006139
1262,0.00035,0.9970952309668064,1.0052394568920135,0.004901692154817283,1.0174451047123876
1263,0.00035,0.9924644008278847,1.0079153776168823,0.004857794381678104,1.0128655980993062
1264,0.00035,0.9879240207374096,1.0051928535103798,0.004596279817633331,1.008257691798499
1265,0.00035,1.0040937811136246,1.0063444003462791,0.00490432939841412,1.024465885590471
1266,0.00035,0.9921623580157757,1.0044281110167503,0.0047059958160389215,1.0124862200269127
1267,0.00035,0.9900928698480129,1.0062497332692146,0.004854341241298243,1.0104605815754621
1268,0.00035,0.995741818100214,1.0037865191698074,0.0046932611730881035,1.0160522115422645
1269,0.00035,0.9805475659668446,1.005645677447319,0.004839396977331489,1.0009024493646574
1270,0.00035,0.9967742152512074,1.002651184797287,0.0044228875485714525,1.0170483833245816
1271,0.00035,0.9950905367732048,1.006034478545189,0.004414184746565297,1.015431935581437
1272,0.00035,0.998290877789259,1.0047163739800453,0.004440658580278978,1.0186072381978737
1273,0.00035,0.9878644421696663,1.0060480833053589,0.004591994540533051,1.0082150035628001
1274,0.00035,0.9992559738457203,1.0044361129403114,0.004441184952156618,1.0195667553521344
1275,0.00035,0.9877413026988506,1.0068049132823944,0.004571574187139049,1.0081059796738556
1276,0.00035,0.9922217205166817,1.006170466542244,0.004661483224481344,1.0125782040087505
1277,0.00035,0.9867440313100815,1.0102524012327194,0.004343413020251319,1.0071662499857483
1278,0.00035,0.9859033487737179,1.007554054260254,0.004456395341549069,1.0062772496260004
1279,0.00035,0.9906332492828369,1.0078402981162071,0.004554893428576179,1.0110177999165897
1280,0.00035,0.9853951521217823,1.0052356868982315,0.004570969846099615,1.005728414352052
1281,0.00035,0.9903888218104839,1.0037408620119095,0.004487659040023573,1.0106880220027235
1282,0.00035,0.9998495317995548,1.0049433782696724,0.00457763351732865,1.0201772810408147
1283,0.00035,0.9865641444921494,1.0059727877378464,0.004749475832795724,1.006921074038546
1284,0.00035,0.9949963428080082,1.0022847689688206,0.004617808212060481,1.0152729285979876
1285,0.00035,0.9894968159496784,1.0053593292832375,0.004737100447528064,1.0098408575577196
1286,0.00035,0.9900209754705429,1.0054353028535843,0.004533563900622539,1.0103563597226457
1287,0.00035,0.9673822000622749,1.0061061158776283,0.00464728704537265,0.9877366867320961
1288,0.00035,0.976322565227747,1.006408654153347,0.004732008106657304,0.9966873387161468
1289,0.00035,0.9960819222033024,1.005602814257145,0.004655133641790599,1.0164267351705347
1290,0.00035,0.970508798956871,1.0105103626847267,0.004718694312032312,0.9909549409261671
1291,0.00035,0.986835952848196,1.0070916265249252,0.004602578541380353,1.0072079143057635
1292,0.00035,0.9764055274426937,1.008181244134903,0.004725468344986439,0.9968054257426411
1293,0.00035,0.9915881752967834,1.005065768957138,0.004552630634861998,1.0119171222076693
1294,0.00030539716210730274,0.9813782162964344,1.005065355449915,0.004680212179664522,1.001713534014416
1295,0.0002742354395634218,0.9741227179765701,1.008487120270729,0.0047071120934560895,0.9945278159866575
1296,0.00025088699058892666,0.9897371046245098,1.0089923739433289,0.004806106124306098,1.0101572574095916
1297,0.00023255200333628347,0.9809993021190166,1.006897084414959,0.004964228981407359,1.0013854552563861
1298,0.00021765995878678958,0.9826504215598106,1.005628950893879,0.005165987065993249,1.0030212999309878
1299,0.00020525272593139036,0.9740027077496052,1.0074878856539726,0.004741804819786921,0.994389555703674
1300,0.00019470821261334968,0.9756120257079601,1.0070407465100288,0.004964854728314094,0.9960010833745764
1301,0.00018560259025309427,0.9684116318821907,1.0070072337985039,0.004907528054900467,0.9887971529609058
1302,0.00017763581180799384,0.9737273342907429,1.0055264011025429,0.0049633274611551315,0.9940860286858515
1303,0.00017058870111175803,0.9803147055208683,1.0078849866986275,0.004953482799464837,1.000720079394814
1304,0.0001642969265979639,0.9734134711325169,1.0037969127297401,0.004650902788853273,0.9937219545265543
1305,0.00015863453072555375,0.9708667993545532,1.005909264087677,0.004742397490190342,0.9912221045108163
1306,0.00015350312762374806,0.9674403965473175,1.0079469457268715,0.004568517586449161,0.9878277613411774
1307,0.0001488245990603894,0.9704946056008339,1.0043778344988823,0.004757119400892407,0.9908200182608562
1308,0.00014453602411390536,0.9733107015490532,1.0051358342170715,0.0044941349333385006,0.9936381249800615
1309,0.0001405860776782102,0.9706200361251831,1.0065519288182259,0.004621976870112121,0.9909821735450532
1310,0.00013693242003867212,0.971112035214901,1.006988525390625,0.004765363468322903,0.9914900738961295
1311,0.00013353977053562604,0.9652309529483318,1.0062942244112492,0.004397339216666296,0.9855767043973901
1312,0.0001303784630670676,0.967951375991106,1.004167415201664,0.004441791796125472,0.9882568138849456
1313,0.0001274233471789404,0.9665177389979362,1.0095151513814926,0.004310569347580895,0.9869235704929451
1314,0.00012465294109697132,0.9817292578518391,1.00624980032444,0.004250409299856983,1.0020667743233207
1315,0.00012204877116392075,0.9704936183989048,1.0068504959344864,0.004469896652153693,0.9908541231502022
1316,0.00011959485106061806,0.9646278321743011,1.0055094435811043,0.004444967664312571,0.9849602694291388
1317,0.00011727726714576918,0.9803240895271301,1.0046525374054909,0.004275152459740639,1.000630897898227
1318,0.00011508384527086602,0.964433092623949,1.006101444363594,0.004391956506879069,0.9847747193365649
1319,0.00011300388080244148,0.9599777460098267,1.0052620097994804,0.004266295174602419,0.9802963009645463
1320,0.00011102791815253678,0.9645627997815609,1.0067361369729042,0.004330143361585215,0.9849140296890982
1321,0.00010914756943368384,0.9667335078120232,1.0062530487775803,0.004314952791901305,0.9870743164271698
1322,0.00010735536428915044,0.9507109969854355,1.0059336572885513,0.004337439517257735,0.9710465421070693
1323,0.00010564462475637369,0.969913624227047,1.003501333296299,0.004217441397486255,0.9901945229628473
1324,0.00010400936037674408,0.9697703346610069,1.004348423331976,0.004338650454883464,0.9900742356503905
1325,0.00010244417979091414,0.9629039987921715,1.0052493140101433,0.00427947094431147,0.9832229586195899
1326,0.00010094421584249508,0.9740541651844978,1.0061260387301445,0.004356876772362739,0.9943945297977188
1327,9.950506181661319e-05,0.9672476351261139,1.0059258714318275,0.004331910648033954,0.9875827480871522
1328,9.812271690835265e-05,0.9766244664788246,1.0055604800581932,0.004227747893310152,0.996947063474654
1329,9.67935393825246e-05,0.9666669331490993,1.0041424259543419,0.004280473163817078,0.9869638053263771
1330,9.551420617473449e-05,0.9584399089217186,1.0049067586660385,0.004338930128142238,0.9787549906014466
1331,9.4281677912422e-05,0.9579427912831306,1.0072304978966713,0.004251282458426431,0.9782999653639854
1332,9.309316851695775e-05,0.96121396869421,1.007385529577732,0.0041401264315936714,0.9815686856073443
1333,9.194611869422494e-05,0.9630920402705669,1.0048786252737045,0.004135872048209421,0.9833964063784515
1334,9.083817273918339e-05,0.9720263443887234,1.0045620873570442,0.004043351029395126,0.9923197536873339
1335,8.976715817567652e-05,0.9571592733263969,1.0045893490314484,0.004149221203988418,0.9774585213672253
1336,8.873106783080774e-05,0.9653547815978527,1.0042797848582268,0.004149568369030021,0.9856478557134687
1337,8.772804400715684e-05,0.9565996415913105,1.0038172975182533,0.003935629472834989,0.9768727690153174
1338,8.675636446872753e-05,0.9662002697587013,1.0050068125128746,0.004035356541862711,0.986502173836052
1339,8.58144300000083e-05,0.9526936300098896,1.0056520998477936,0.004131727953790687,0.973013258404535
1340,8.490075333362422e-05,0.9646056927740574,1.005970023572445,0.004068199603352696,0.9849285032256739
1341,8.401394927213831e-05,0.9600007086992264,1.0030372701585293,0.004179111288976856,0.9802704096668459
1342,8.315272585472182e-05,0.9728440381586552,1.0048636496067047,0.003908884784323163,0.9931367553900053
1343,8.231587644054088e-05,0.9535148926079273,1.0063669607043266,0.004054364428156987,0.9738449500434216
1344,8.15022725985059e-05,0.9511763639748096,1.007713608443737,0.00406161708815489,0.9715337169980922
1345,8.07108577080804e-05,0.9509644918143749,1.009018823504448,0.0040501949697500095,0.9713473780329513
1346,7.994064118861086e-05,0.9554698504507542,1.0055201202630997,0.003961920156143606,0.9757783488638233
1347,7.919069328549968e-05,0.9532296471297741,1.008167453110218,0.004151474189711735,0.973600569901464
1348,7.84601403508129e-05,0.9564780071377754,1.0057814195752144,0.004207195423077792,0.9768039953004336
1349,7.774816056384861e-05,0.9551044255495071,1.0068205669522285,0.004233030209434219,0.9754524883990234
1350,7.705398004400084e-05,0.9784901849925518,1.0046808272600174,0.0039772005984559655,0.9987826615676749
1351,7.637686931411535e-05,0.9550762251019478,1.007429338991642,0.004229270954965614,0.9754362754295289
1352,7.571614007759012e-05,0.9625325873494148,1.006612703204155,0.004043280365294777,0.9828670054317628
1353,7.507114227684917e-05,0.9649530723690987,1.0078124478459358,0.004058440084918402,0.9853122433302632
1354,7.444126140461101e-05,0.9716818183660507,1.0056279301643372,0.00402206601575017,0.991995480270125
1355,7.38259160426718e-05,0.9658998474478722,1.0067834705114365,0.0041374886786798015,0.9862423912920348
1356,7.322455560579518e-05,0.9649934433400631,1.007018305361271,0.004084761763806455,0.9853380475354789
1357,7.263665827080992e-05,0.9467239454388618,1.0085779577493668,0.00400832093146164,0.9670959206404223
1358,7.206172907321116e-05,0.9497303701937199,1.0076675787568092,0.004086627755896188,0.9700880531566509
1359,7.149929815548503e-05,0.9583085849881172,1.0046074278652668,0.004093344628927298,0.978605400776869
1360,7.09489191530681e-05,0.9484492056071758,1.0047429352998734,0.004189113489701413,0.9687535199876584
1361,7.041016770534058e-05,0.958448551595211,1.0040216073393822,0.004076661338331178,0.9787328168089152
1362,6.988264008036526e-05,0.9451500438153744,1.007324643433094,0.003852842142805457,0.9654891787911766
1363,6.936595190324393e-05,0.9493142887949944,1.0069033056497574,0.00405351871449966,0.9696550308437145
1364,6.885973697898957e-05,0.9678921848535538,1.0038855597376823,0.004201110437861644,0.9881799515702006
1365,6.836364620172247e-05,0.9478915445506573,1.0046310871839523,0.004019967207568698,0.9681851646547148
1366,6.787734654280755e-05,0.9665509834885597,1.0034558400511742,0.003913047621608712,0.9868157526706637
1367,6.74005201112684e-05,0.9555808380246162,1.0068258196115494,0.004179660201771185,0.9759263374269358
1368,6.693286328045526e-05,0.9672776609659195,1.0058513283729553,0.003961514084949158,0.987592763237626
1369,6.647408587551537e-05,0.9476294293999672,1.0085797756910324,0.0040387815970461816,0.9680029639936402
1370,6.602391041672537e-05,0.9612438939511776,1.00518299639225,0.0039095546380849555,0.9815430316109268
1371,6.558207141420292e-05,0.957094419747591,1.0048465728759766,0.00391802292142529,0.9773872523511818
1372,6.514831470992488e-05,0.9605191834270954,1.0069822520017624,0.0040477186848875135,0.9808612144013751
1373,6.472239686334706e-05,0.9529447183012962,1.007419340312481,0.003926753255655058,0.9732894427703286
1374,6.430408457725168e-05,0.9593290574848652,1.007096417248249,0.0038694224931532517,0.9796644569544878
1375,6.389315416074617e-05,0.9535864628851414,1.0067519433796406,0.00395258390926756,0.9739191309481976
1376,6.348939102660536e-05,0.9606298506259918,1.0051573887467384,0.003901492469594814,0.9809280730244063
1377,6.309258922039119e-05,0.9691568724811077,1.0054731220006943,0.0040994458249770105,0.9894713072123704
1378,6.27025509790026e-05,0.9631906002759933,1.0057653412222862,0.00398947432404384,0.9835053808166413
1379,6.231908631650632e-05,0.9551091827452183,1.0089059099555016,0.003911159801646136,0.9754828589344107
1380,6.194201263527806e-05,0.9570236839354038,1.0075115635991096,0.003977557833422907,0.9773727930990572
1381,6.157115436064632e-05,0.9626114964485168,1.0087865516543388,0.004014632198959589,0.9829879590915516
1382,6.120634259737833e-05,0.9448536261916161,1.0054901167750359,0.003907458682078868,0.9651588014612208
1383,6.084741480648138e-05,0.9677101224660873,1.0057772919535637,0.0038987177395028993,0.9880206041921338
1384,6.0494214500914806e-05,0.953782707452774,1.0060359090566635,0.0038897433842066675,0.9740979128031176
1385,6.014659095891881e-05,0.9600129462778568,1.0070421993732452,0.004136864910833538,0.9803606335108633
1386,5.980439895376702e-05,0.9510502181947231,1.0058751553297043,0.0038133529596962035,0.971358388949302
1387,5.9467498498842653e-05,0.9620454497635365,1.00482989102602,0.004000431043095887,0.9823420691362117
1388,5.9135754607021545e-05,0.9590615630149841,1.0034627467393875,0.004021140921395272,0.9793318749958416
1389,5.8809037063422764e-05,0.9642145000398159,1.0041475594043732,0.0038767067017033696,0.9844912865629886
1390,5.848722021065812e-05,0.9572970755398273,1.0042199715971947,0.0041118592489510775,0.9775870679342188
1391,5.8170182745776005e-05,0.95078244805336,1.0077682137489319,0.003973447528551333,0.9711364847047662
1392,5.7857807528154193e-05,0.9549378715455532,1.0075263604521751,0.003825540596153587,0.9752796757844044
1393,5.7549981397651094e-05,0.9609289616346359,1.0056740790605545,0.004220542192342691,0.9812534703254642
1394,5.724659500237375e-05,0.9582324586808681,1.005523644387722,0.0039306925755226985,0.9785394661973987
1395,5.6947542635467696e-05,0.950832836329937,1.0051558539271355,0.003982421243563294,0.9711350744706578
1396,5.665272208037524e-05,0.9519842118024826,1.0040005296468735,0.004093494688277133,0.972268897129834
1397,5.636203446404769e-05,0.9621478281915188,1.0052930936217308,0.0038822362548671663,0.9824478018766967
1398,5.6075384117632945e-05,0.9597034305334091,1.0052882879972458,0.0038818035973235965,0.9800032864732202
1399,5.579267844419268e-05,0.9593287110328674,1.0041020214557648,0.00399874520371668,0.9796106887221686
1400,5.5513827793033497e-05,0.9517813995480537,1.0063372030854225,0.003991941994172521,0.9721077407094708
1401,5.52387453402651e-05,0.9571049697697163,1.00764861702919,0.004062580730533227,0.9774610711468267
1402,5.49673469752238e-05,0.9622647128999233,1.0066602975130081,0.004018617924884893,0.9825988497464277
1403,5.469955119242401e-05,0.9531907849013805,1.0060948058962822,0.0038818761677248403,0.9735067748276924
1404,5.443527898872292e-05,0.9543470926582813,1.0078353509306908,0.003940845039323904,0.9747008419288613
1405,5.417445376540291e-05,0.9707118645310402,1.0039424151182175,0.004027986477012746,0.9909921121572552
1406,5.391700123489697e-05,0.9449296966195107,1.007895015180111,0.004034163284813985,0.9652893050873536
1407,5.366284933189872e-05,0.9491625651717186,1.0076384767889977,0.004151472632656805,0.9695229083391314
1408,5.341192812861549e-05,0.9633807502686977,1.0050413608551025,0.003935025975806639,0.9836783287845902
1409,5.31641697539384e-05,0.961683101952076,1.0055813640356064,0.004104503503185697,0.9819999544079474
1410,5.291950831631708e-05,0.9499189406633377,1.0090406462550163,0.004102902676095255,0.9703048987222428
1411,5.267787983014008e-05,0.947763480246067,1.0052564218640327,0.0039536453114124015,0.9680662909489183
1412,5.243922214543424e-05,0.9573926217854023,1.0046092122793198,0.004041427295305766,0.9776868773957539
1413,5.220347488070743e-05,0.9442268423736095,1.0068295672535896,0.0041379084723303095,0.9645703291422979
1414,5.1970579358770274e-05,0.9518951177597046,1.0067458376288414,0.004112915354198776,0.9722356802799914
1415,5.1740478545381465e-05,0.953423198312521,1.0066700503230095,0.003951796563342214,0.9737541891471483
1416,5.1513116990571425e-05,0.9563096798956394,1.00833261013031,0.004011410725070164,0.9766769026344991
1417,5.128844077250693e-05,0.9440060406923294,1.0067198351025581,0.003983881630119868,0.9643396314758866
1418,5.1066397443767955e-05,0.9542007483541965,1.0069672912359238,0.003970100689912215,0.9745385992134106
1419,5.0846935979914865e-05,0.9543968662619591,1.0070389658212662,0.004124076658627018,0.9747438494113158
1420,5.063000673023169e-05,0.9394954405725002,1.0081317946314812,0.004097486307728104,0.9598629507805163
1421,5.0415561370537455e-05,0.9490100555121899,1.00786691904068,0.004020392298116349,0.9693684135079093
1422,5.020355285796361e-05,0.9620858281850815,1.0086232721805573,0.004157645205850713,0.9824661758889852
1423,4.999393538760163e-05,0.9556495137512684,1.008099488914013,0.003999160209787078,0.9760114615400379
1424,4.9786664350929955e-05,0.9597382508218288,1.0063437223434448,0.004039330960949883,0.9800670918167452
1425,4.9581696295934686e-05,0.9640280306339264,1.0066207647323608,0.004098494056961499,0.9843653706314217
1426,4.9378988888843e-05,0.9381061717867851,1.0077257752418518,0.004118537966860458,0.9584666141899651
1427,4.917850087739282e-05,0.9553848095238209,1.0061266645789146,0.0038204448646865785,0.9756983650586335
1428,4.898019205556639e-05,0.9432837627828121,1.0078172907233238,0.0039181322063086554,0.963636015207594
1429,4.878402322971925e-05,0.9530701488256454,1.006756991147995,0.004015931248432025,0.9734060852110269
1430,4.858995618603987e-05,0.9576430581510067,1.004968874156475,0.003981394809670746,0.9779415053746198
1431,4.839795365927857e-05,0.9540777206420898,1.0058160945773125,0.004028020455734804,0.9743954435564228
1432,4.82079793026877e-05,0.9631400778889656,1.0040111616253853,0.004169553125393577,0.9834287787777429
1433,4.8019997659117796e-05,0.9465800859034061,1.0054573863744736,0.004078217418282293,0.9668931445018097
1434,4.783397413321795e-05,0.9478032179176807,1.0050299167633057,0.0038682156009599566,0.9680972270329948
1435,4.764987496469045e-05,0.9553368724882603,1.0062192156910896,0.004017015206045471,0.9756621075623844
1436,4.746766720255294e-05,0.9585539475083351,1.0054555013775826,0.003921006209566258,0.9788591078463651
1437,4.728731868036372e-05,0.9544408470392227,1.0060687884688377,0.004072959971381351,0.9747658708071686
1438,4.710879799236755e-05,0.9555733688175678,1.0059335231781006,0.003987410644185729,0.9758914098133391
1439,4.6932074470522106e-05,0.9559466913342476,1.0068187564611435,0.003913679363904521,0.9762787504316657
1440,4.675711816236669e-05,0.9537739381194115,1.0056221410632133,0.003770961193367839,0.9740749290003441
1441,4.6583899809697074e-05,0.9489209018647671,1.0047264620661736,0.0038777355948695913,0.9692093178858341
1442,4.641239082801207e-05,0.9398419037461281,1.0065126195549965,0.003979670305852778,0.9601711396525207
1443,4.62425632866988e-05,0.9500257261097431,1.0065216794610023,0.003910153667675331,0.9703516673823469
1444,4.607438988992569e-05,0.9392584823071957,1.0065297111868858,0.003911166408215649,0.9595846348513442
1445,4.590784395821349e-05,0.9502334333956242,1.0059816241264343,0.004078775964444503,0.9705570046763751
1446,4.574289941065597e-05,0.9519081339240074,1.0049664080142975,0.004024841517093591,0.972208704160148
1447,4.557953074776352e-05,0.9651815444231033,1.0053249895572662,0.004036741593154147,0.9854898812939064
1448,4.5417713034903896e-05,0.938637237995863,1.006537452340126,0.003853336413158104,0.9589606538633234
1449,4.525742188631582e-05,0.9356734864413738,1.0078994557261467,0.004086937638930976,0.9560358224378434
1450,4.509863344967203e-05,0.9416276775300503,1.0089476704597473,0.004080345475813374,0.962010648213036
1451,4.4941324391169805e-05,0.9483989253640175,1.0082781687378883,0.003966157091781497,0.9687627965933643
1452,4.478547188112759e-05,0.9686462059617043,1.0036623626947403,0.004065497880219482,0.98892272810961
1453,4.463105358006758e-05,0.9516779780387878,1.006761148571968,0.004051867639645934,0.9720157943922094
1454,4.447804762526519e-05,0.9524153620004654,1.0055822283029556,0.0040069375245366246,0.9727273534427513
1455,4.432643261774668e-05,0.9556071348488331,1.0067197754979134,0.004115330739296041,0.9759472968957561
1456,4.4176187609717744e-05,0.9452378079295158,1.0057581141591072,0.003993556107161567,0.9655526480180561
1457,4.4027292092406066e-05,0.9432507045567036,1.006237931549549,0.004170601619989611,0.963583993268694
1458,4.387972598430184e-05,0.9430819563567638,1.006909690797329,0.003984538474469446,0.9634193770964339
1459,4.37334696197811e-05,0.9457189105451107,1.006981685757637,0.0038902130036149174,0.9660530549104441
1460,4.3588503738096954e-05,0.9492172375321388,1.0059033930301666,0.003973819300881587,0.9695339963577863
1461,4.344480947272511e-05,0.9551175385713577,1.00514966994524,0.004022224238724448,0.9754216431821987
1462,4.330236834104992e-05,0.9530739858746529,1.007713794708252,0.004078141646459699,0.9734321688511409
1463,4.316116223437837e-05,0.9524166099727154,1.0096734911203384,0.003967534328694455,0.9728084565115569
1464,4.302117340826978e-05,0.9582027867436409,1.005342721939087,0.003950497542973608,0.9785071660595712
1465,4.2882384473169326e-05,0.9588078409433365,1.0035090669989586,0.003695762177812867,0.9790628103922063
1466,4.2744778385334415e-05,0.9496324919164181,1.0052494779229164,0.003909348539309576,0.9699329489018419
1467,4.2608338438042764e-05,0.9581600278615952,1.0045574605464935,0.00400958614773117,0.9784516563799116
1468,4.24730482530724e-05,0.9621976613998413,1.006565384566784,0.004039822000777349,0.9825309601912158
1469,4.2338891772443284e-05,0.9476730041205883,1.0072496309876442,0.0037994334270479158,0.9680079684116936
1470,4.220585325041131e-05,0.9586433246731758,1.0057984218001366,0.004035203281091526,0.9789610532732331
1471,4.207391724570562e-05,0.9458030760288239,1.007308192551136,0.003931452229153365,0.9661458124913043
1472,4.194306861400044e-05,0.948409304022789,1.008723832666874,0.003969892641180195,0.9687822753081855
1473,4.181329250061321e-05,0.9464848339557648,1.0083488523960114,0.0038841758359922096,0.9668460197954847
1474,4.168457433342093e-05,0.9473162740468979,1.0083173215389252,0.0038747600628994405,0.9676763584808213
1475,4.1556899815987264e-05,0.9440605789422989,1.0070806667208672,0.0039874944486655295,0.9644015669991495
1476,4.143025492089258e-05,0.9441999681293964,1.005683846771717,0.00397097239329014,0.9645121936844953
1477,4.130462588326044e-05,0.9472030326724052,1.0072353929281235,0.0037963320937706158,0.9675375571356563
1478,4.117999919447333e-05,0.9550510942935944,1.0046473816037178,0.003900804673321545,0.9753390821593348
1479,4.1056361596071304e-05,0.9577533379197121,1.006287768483162,0.00394008717557881,0.9780760976481542
1480,4.0933700073827226e-05,0.9547088630497456,1.0065197497606277,0.0038269606739049777,0.9750306060786533
1481,4.081200185199269e-05,0.9599198140203953,1.0045020654797554,0.004170846616034396,0.9802183976607921
1482,4.069125438770859e-05,0.9580015391111374,1.0074187964200974,0.004016906052129343,0.9783507603421457
1483,4.057144536557526e-05,0.9549196660518646,1.0063953548669815,0.004035501755424775,0.9752493482369754
1484,4.045256269237625e-05,0.9554346650838852,1.0065200701355934,0.004038891289383173,0.9757670110510662
1485,4.033459449195113e-05,0.9452036134898663,1.0068735256791115,0.0039058267284417525,0.9655363753398706
1486,4.021752910021206e-05,0.9478990398347378,1.0067280232906342,0.004015682134195231,0.9682343844072602
1487,4.010135506029957e-05,0.9407502301037312,1.0051468312740326,0.003785499488003552,0.961042441703612
1488,3.998606111787281e-05,0.9515362121164799,1.006854586303234,0.004011114622699097,0.9718738595736796
1489,3.987163621653001e-05,0.9362975060939789,1.0051066428422928,0.0039782400854164734,0.9565985509550955
1490,3.975806949335494e-05,0.95356335490942,1.007027417421341,0.00411442996119149,0.9739096247559064
1491,3.9645350274585125e-05,0.9527803361415863,1.0064189359545708,0.003998429223429412,0.9731086363218492
1492,3.9533468071398056e-05,0.9476897343993187,1.0053968355059624,0.004021126514999196,0.9679987274351879
1493,3.942241257581158e-05,0.9558813981711864,1.0062445178627968,0.004024415189633146,0.9762075092879241
1494,3.931217365669478e-05,0.9462619423866272,1.0063244923949242,0.003979333690949716,0.9665873989190731
1495,3.920274135588595e-05,0.9473261721432209,1.0062477141618729,0.0039457782986573875,0.9676484153413912
1496,3.909410588441407e-05,0.9407901763916016,1.0072561651468277,0.0039020130643621087,0.9611304003477563
1497,3.8986257618820904e-05,0.9421392641961575,1.0075980052351952,0.003894314795616083,0.9624859400406421
1498,3.8879187097580096e-05,0.9566334635019302,1.0068873763084412,0.0040695238567423075,0.9769746872209362
1499,3.877288501761071e-05,0.9511375054717064,1.0082154497504234,0.003942413124605082,0.971498935122945
1500,3.866734223088193e-05,0.94418665766716,1.0067183673381805,0.0038379434845410287,0.9645129221881508
1501,3.856254974110638e-05,0.9575876109302044,1.006023071706295,0.004038137485622428,0.9779099792386114
1502,3.8458498700519137e-05,0.9474783353507519,1.0067453235387802,0.003875292997690849,0.967807006471412
1503,3.835518040673998e-05,0.9401144720613956,1.007821574807167,0.003963378738262691,0.9604690724944521
1504,3.8252586299716214e-05,0.9464724361896515,1.0085779502987862,0.004015144382719882,0.9668447524147632
1505,3.8150707958743826e-05,0.9494567178189754,1.0054274648427963,0.003953848470700905,0.9697629595393664
1506,3.8049537099564315e-05,0.9521750323474407,1.0067253932356834,0.004018364357762039,0.9725104584300426
1507,3.7949065571535234e-05,0.9488746486604214,1.0061172097921371,0.004164762329310179,0.9692052309727296
1508,3.7849285354872106e-05,0.950430192053318,1.0082213953137398,0.003958397996029817,0.9707925398593943
1509,3.77501885579595e-05,0.9520965404808521,1.0050373375415802,0.0039717522013233975,0.9723958748417499
1510,3.765176741472954e-05,0.9509298652410507,1.0052886828780174,0.0038049881404731423,0.9712258883056347
1511,3.7554014282105365e-05,0.9515249282121658,1.005635216832161,0.0036980926961405203,0.9718225371836161
1512,3.745692163750822e-05,0.9517597109079361,1.0044062212109566,0.003998819462140091,0.9720477763052623
1513,3.736048207642583e-05,0.9428592473268509,1.005684994161129,0.0038851395074743778,0.9631672041854471
1514,3.726468831004052e-05,0.9442529603838921,1.0066155195236206,0.003945589924114756,0.9645825502705702
1515,3.7169533162915445e-05,0.950485959649086,1.0061543360352516,0.003943252158933319,0.9708062089777377
1516,3.707500957073687e-05,0.9518578127026558,1.0046908110380173,0.004001552995759994,0.9721517065732042
1517,3.698111057811144e-05,0.9487170316278934,1.0064392164349556,0.004013270299765281,0.9690464794715808
1518,3.688782933641638e-05,0.9489473402500153,1.006314605474472,0.004088671339559369,0.9692780659264827
1519,3.6795159101701414e-05,0.9489602781832218,1.005742385983467,0.003927619836758822,0.9692715068947291
1520,3.6703093232640816e-05,0.9480303563177586,1.005471833050251,0.003727161747519858,0.9683261510661396
1521,3.6611625188534296e-05,0.9382702745497227,1.0074965506792068,0.0038920777151361108,0.9586148094490635
1522,3.6520748527355166e-05,0.9415935948491096,1.0064813792705536,0.0037949270044919103,0.9619129687847453
1523,3.643045690384469e-05,0.9269847236573696,1.0058772638440132,0.0038156251539476216,0.9472930501919472
1524,3.634074406765114e-05,0.9545999653637409,1.0059388875961304,0.004057343554450199,0.9749216102933861
1525,3.6251603861512445e-05,0.9493613392114639,1.005045548081398,0.003906048135831952,0.9696575525798834
1526,3.61630302194812e-05,0.9532063603401184,1.0054971724748611,0.0039389589946949854,0.9735132517393504
1527,3.6075017165190855e-05,0.9523609019815922,1.0037329345941544,0.004001160181360319,0.9726356186825432
1528,3.598755881016196e-05,0.9324706383049488,1.0048065558075905,0.003935696222470142,0.9527635542322241
1529,3.590064935214738e-05,0.9508245065808296,1.0045477449893951,0.004065563975018449,0.9711187396793683
1530,3.581428307351553e-05,0.9582150541245937,1.0062289237976074,0.003859230870148167,0.9785325941440534
1531,3.57284543396703e-05,0.9438437670469284,1.0059446468949318,0.003988350203144364,0.9641620774949842
1532,3.564315759750711e-05,0.9427153952419758,1.0078426972031593,0.003835517927655019,0.9630640250824217
1533,3.55583873739038e-05,0.9547447003424168,1.0075656175613403,0.003929020211216994,0.9750924637042044
1534,3.547413827424557e-05,0.9536999799311161,1.0084794610738754,0.003977434607804753,0.9740684408829838
1535,3.539040498098294e-05,0.95147355645895,1.0062415450811386,0.003985033312346786,0.9717976390261901
1536,3.5307182252222116e-05,0.9615391939878464,1.0062917992472649,0.0038568279414903373,0.9818578713698662
1537,3.5224464920346606e-05,0.9534565210342407,1.0060562491416931,0.003900065494235605,0.9737726492917864
1538,3.514224789066948e-05,0.9516087844967842,1.0055348724126816,0.00389424835157115,0.9719141943626164
1539,3.5060526140115396e-05,0.9478665143251419,1.0075356289744377,0.003908902683178894,0.9682126720387896
1540,3.497929471593149e-05,0.9692195728421211,1.0081153884530067,0.00399601056415122,0.9895816811393888
1541,3.489854873442677e-05,0.9475827887654305,1.0079874396324158,0.003937101020710543,0.9679393926091143
1542,3.481828337973879e-05,0.9504023231565952,1.006531149148941,0.003753289143787697,0.9707206105967635
1543,3.4738493902627217e-05,0.9444905146956444,1.010155662894249,0.0040558825130574405,0.9648964220791821
1544,3.465917561929358e-05,0.9549357034265995,1.0061116963624954,0.0038015695026842877,0.9752480158289836
1545,3.458032391022637e-05,0.9465056918561459,1.0066375434398651,0.0038668913184665143,0.9668317872908665
1546,3.450193421907101e-05,0.9522426128387451,1.0068230330944061,0.0039538751589134336,0.9725767672585789
1547,3.4424002051524045e-05,0.9494767263531685,1.0073715448379517,0.0038644771702820435,0.9698173811084416
1548,3.434652297425079e-05,0.9416377916932106,1.0067825391888618,0.0039422551926691085,0.9619705552366212
1549,3.426949261382611e-05,0.944870363920927,1.00654586404562,0.003922835618141107,0.9651974229827466
1550,3.419290665569745e-05,0.9354797452688217,1.00608591735363,0.0037801390135427937,0.9557904705665714
1551,3.411676084316989e-05,0.952802125364542,1.0061615258455276,0.003965768788475543,0.9731236443208764
1552,3.404105097641232e-05,0.928457647562027,1.0087510757148266,0.0038813447463326156,0.9488267363136401
1553,3.396577291148457e-05,0.9481605738401413,1.0067957118153572,0.003961377442465164,0.9684945569485717
1554,3.3890922559384656e-05,0.9427487663924694,1.0067022144794464,0.0038791289553046227,0.9630767671298236
1555,3.381649588511596e-05,0.9498923942446709,1.0063094943761826,0.004126805812120438,0.9702249244228006
1556,3.37424889067735e-05,0.9466761499643326,1.0076099038124084,0.003819552468485199,0.967019325664005
1557,3.366889769464925e-05,0.9474994577467442,1.008718229830265,0.0039988437201827765,0.9678737645293586
1558,3.359571837035562e-05,0.9488707557320595,1.0074144452810287,0.0036943383602192625,0.969203761555691
1559,3.3522947105967e-05,0.9464363418519497,1.0048161521553993,0.0038999183307169005,0.9667276608115934
1560,3.3450580123178655e-05,0.9422082044184208,1.0071808695793152,0.004044574190629646,0.9625540505195386
1561,3.3378613692482836e-05,0.9490371346473694,1.0061034262180328,0.003806363238254562,0.9693495213336427
1562,3.330704413236148e-05,0.944669384509325,1.0062186941504478,0.00400323056965135,0.9649939199208165
1563,3.323586780849514e-05,0.9505806900560856,1.0062083303928375,0.003779669335926883,0.9708938401307387
1564,3.3165081132987845e-05,0.9362994022667408,1.0062725096940994,0.0038797650631750003,0.9566188407137816
1565,3.309468056360744e-05,0.9556027874350548,1.007925309240818,0.003921838782844134,0.9759573855590133
1566,3.30246626030411e-05,0.9504747539758682,1.008091390132904,0.004015092461486347,0.9708373364016006
1567,3.295502379816557e-05,0.9480269029736519,1.0071101784706116,0.0038637770630884916,0.9683622953962185
1568,3.288576073933189e-05,0.9411428086459637,1.0067156106233597,0.0037926659133518115,0.9614667541540984
1569,3.281687005966417e-05,0.9552448354661465,1.004908449947834,0.0040227483987109736,0.9755441418850387
1570,3.2748348434372215e-05,0.9358069412410259,1.0071875229477882,0.0037781890423502773,0.9561396011520992
1571,3.2680192580077494e-05,0.9457753859460354,1.0083716213703156,0.003906794736394659,0.9661381581102614
1572,3.26123992541524e-05,0.9460947550833225,1.0050451159477234,0.0040076001023408026,0.966396037407394
1573,3.2544965254072234e-05,0.9423345178365707,1.007219061255455,0.0039439321553800255,0.9626760956694488
1574,3.247788741677973e-05,0.9484473429620266,1.0071056112647057,0.004086402885150164,0.9687937753315783
1575,3.241116261806197e-05,0.9383692890405655,1.0064456164836884,0.0037598373601213098,0.9586861932382453
1576,3.234478777193915e-05,0.945659302175045,1.0046821758151054,0.0038562613481190056,0.9659457587587531
1577,3.227875983006512e-05,0.9508322924375534,1.0081832557916641,0.003884746052790433,0.9711901948560262
1578,3.221307578113935e-05,0.9667080007493496,1.00692318379879,0.0039501279388787225,0.9870439708222694
1579,3.2147732650330136e-05,0.9600341245532036,1.0047250762581825,0.00405101667274721,0.9803311769120047
1580,3.208272749870866e-05,0.961355198174715,1.0073489844799042,0.003864115715259686,0.9816953836500761
1581,3.2018057422693835e-05,0.9390477612614632,1.0115807428956032,0.0038846672396175563,0.9594736094813561
1582,3.195371955350755e-05,0.955739963799715,1.0044578313827515,0.003982773137977347,0.9760282590842689
1583,3.188971105664013e-05,0.9334449768066406,1.0078709721565247,0.0038818316534161568,0.953796487832442
1584,3.182602913132587e-05,0.9465473853051662,1.0072668567299843,0.003937723799026571,0.9668896086297172
1585,3.176267101002825e-05,0.9508956074714661,1.0081955790519714,0.0038729598018107936,0.9712531670425961
1586,3.169963395793483e-05,0.9424159973859787,1.0073126181960106,0.0038072468159953132,0.9627526120906986
1587,3.1636915272461364e-05,0.9467799216508865,1.007144644856453,0.003937239671358839,0.9671196765315835
1588,3.157451228276518e-05,0.949264582246542,1.0053569972515106,0.003843954822514206,0.9695639199326979
1589,3.1512422349267436e-05,0.9555637426674366,1.0044864043593407,0.0038980302488198504,0.9758483722670643
1590,3.14506428631842e-05,0.9472065530717373,1.0087115243077278,0.004003735404694453,0.9675809703281265
1591,3.1389171246066054e-05,0.951009351760149,1.0058763027191162,0.0038142102712299675,0.9713175883280928
1592,3.132800494934604e-05,0.9399682953953743,1.0085596516728401,0.004020531981950626,0.9603405150279286
1593,3.126714145389595e-05,0.9413050971925259,1.00800359249115,0.0037976199673721567,0.9616550500407175
1594,3.12065782695905e-05,0.9553853943943977,1.00585176050663,0.0038785774377174675,0.9756963584764162
1595,3.114631293487943e-05,0.957536593079567,1.0059601366519928,0.003943285904824734,0.9778529601078481
1596,3.108634301636731e-05,0.9381009303033352,1.0072142258286476,0.00390669793705456,0.9584405497167608
1597,3.102666610840081e-05,0.9391714818775654,1.0096076279878616,0.003888622042723,0.9595580655394588
1598,3.0967279832663406e-05,0.9534063152968884,1.0057941377162933,0.003913335938705131,0.9737178648481495
1599,3.090818183777727e-05,0.9497649185359478,1.0068167224526405,0.0038705284241586924,0.9700947794062086
1600,3.0849369798912225e-05,0.959245752543211,1.0052440613508224,0.003863564968924038,0.9795438120186737
1601,3.0790841417401616e-05,0.9466311521828175,1.0059982389211655,0.003908826925908215,0.9669465583075362
1602,3.073259442036495e-05,0.9443943649530411,1.0061873570084572,0.003958356741350144,0.9647160299302777
1603,3.067462656033717e-05,0.9503385275602341,1.0062136948108673,0.004046938847750425,0.9706651483988389
1604,3.0616935614904446e-05,0.9337170533835888,1.0060035735368729,0.003809906469541602,0.9540276201778033
1605,3.055951938634626e-05,0.9530347734689713,1.0070070177316666,0.003979108834755607,0.9733738692653423
1606,3.0502375701283815e-05,0.9578477218747139,1.0078577473759651,0.004037089121993631,0.9782067312783329
1607,3.0445502410334436e-05,0.9496179521083832,1.0072040930390358,0.003766184119740501,0.9699503431751509
1608,3.0388897387772044e-05,0.94259187951684,1.0066348537802696,0.003931193656171672,0.962921136275254
1609,3.033255853119343e-05,0.9443976432085037,1.005599059164524,0.003956587170250714,0.9647074537503068
1610,3.0276483761190275e-05,0.9465164206922054,1.0060907676815987,0.0038325506320688874,0.9668298635774408
1611,3.0220671021026835e-05,0.9471072033047676,1.0078250840306282,0.0038902065716683865,0.9674582153139636
1612,3.0165118276322994e-05,0.9500563070178032,1.0061192214488983,0.003910030776751228,0.9703741929856187
1613,3.0109823514742922e-05,0.9531320184469223,1.0066333934664726,0.003880244039464742,0.973458698518225
1614,3.005478474568882e-05,0.9703059196472168,1.0027791261672974,0.0037806585896760225,0.9905505351000465
